image_path,label,text
external\cls_chinese_medicine/train/renshen/renshen_0500.jpg,人参(renshen),性味甘微苦微温；归脾肺心肾经；功效：大补元气、复脉固脱、补脾益肺、生津养血、安神。
external\cls_chinese_medicine/train/renshen/renshen_1563.jpg,人参(renshen),性味甘微苦微温；归脾肺心肾经；功效：大补元气、复脉固脱、补脾益肺、生津养血、安神。
external\cls_chinese_medicine/train/renshen/renshen_0991.jpg,人参(renshen),性味甘微苦微温；归脾肺心肾经；功效：大补元气、复脉固脱、补脾益肺、生津养血、安神。
external\cls_chinese_medicine/train/renshen/renshen_1047.jpg,人参(renshen),性味甘微苦微温；归脾肺心肾经；功效：大补元气、复脉固脱、补脾益肺、生津养血、安神。
external\cls_chinese_medicine/train/renshen/renshen_0731.jpg,人参(renshen),性味甘微苦微温；归脾肺心肾经；功效：大补元气、复脉固脱、补脾益肺、生津养血、安神。
external\cls_chinese_medicine/train/renshen/renshen_0283.jpg,人参(renshen),性味甘微苦微温；归脾肺心肾经；功效：大补元气、复脉固脱、补脾益肺、生津养血、安神。
external\cls_chinese_medicine/train/renshen/renshen_0454.jpg,人参(renshen),性味甘微苦微温；归脾肺心肾经；功效：大补元气、复脉固脱、补脾益肺、生津养血、安神。
external\cls_chinese_medicine/train/renshen/renshen_1363.jpg,人参(renshen),性味甘微苦微温；归脾肺心肾经；功效：大补元气、复脉固脱、补脾益肺、生津养血、安神。
external\cls_chinese_medicine/train/renshen/renshen_1187.jpg,人参(renshen),性味甘微苦微温；归脾肺心肾经；功效：大补元气、复脉固脱、补脾益肺、生津养血、安神。
external\cls_chinese_medicine/train/renshen/renshen_0636.jpg,人参(renshen),性味甘微苦微温；归脾肺心肾经；功效：大补元气、复脉固脱、补脾益肺、生津养血、安神。
external\cls_chinese_medicine/train/renshen/renshen_0654.jpg,人参(renshen),性味甘微苦微温；归脾肺心肾经；功效：大补元气、复脉固脱、补脾益肺、生津养血、安神。
external\cls_chinese_medicine/train/renshen/renshen_1147.jpg,人参(renshen),性味甘微苦微温；归脾肺心肾经；功效：大补元气、复脉固脱、补脾益肺、生津养血、安神。
external\cls_chinese_medicine/train/renshen/renshen_1288.jpg,人参(renshen),性味甘微苦微温；归脾肺心肾经；功效：大补元气、复脉固脱、补脾益肺、生津养血、安神。
external\cls_chinese_medicine/train/renshen/renshen_0408.jpg,人参(renshen),性味甘微苦微温；归脾肺心肾经；功效：大补元气、复脉固脱、补脾益肺、生津养血、安神。
external\cls_chinese_medicine/train/renshen/renshen_1735.jpg,人参(renshen),性味甘微苦微温；归脾肺心肾经；功效：大补元气、复脉固脱、补脾益肺、生津养血、安神。
external\cls_chinese_medicine/train/renshen/renshen_1060.jpg,人参(renshen),性味甘微苦微温；归脾肺心肾经；功效：大补元气、复脉固脱、补脾益肺、生津养血、安神。
external\cls_chinese_medicine/train/renshen/renshen_0066.jpg,人参(renshen),性味甘微苦微温；归脾肺心肾经；功效：大补元气、复脉固脱、补脾益肺、生津养血、安神。
external\cls_chinese_medicine/train/renshen/renshen_1209.jpg,人参(renshen),性味甘微苦微温；归脾肺心肾经；功效：大补元气、复脉固脱、补脾益肺、生津养血、安神。
external\cls_chinese_medicine/train/renshen/renshen_0578.jpg,人参(renshen),性味甘微苦微温；归脾肺心肾经；功效：大补元气、复脉固脱、补脾益肺、生津养血、安神。
external\cls_chinese_medicine/train/renshen/renshen_1365.jpg,人参(renshen),性味甘微苦微温；归脾肺心肾经；功效：大补元气、复脉固脱、补脾益肺、生津养血、安神。
external\cls_chinese_medicine/train/renshen/renshen_0686.jpg,人参(renshen),性味甘微苦微温；归脾肺心肾经；功效：大补元气、复脉固脱、补脾益肺、生津养血、安神。
external\cls_chinese_medicine/train/renshen/renshen_0388.jpg,人参(renshen),性味甘微苦微温；归脾肺心肾经；功效：大补元气、复脉固脱、补脾益肺、生津养血、安神。
external\cls_chinese_medicine/train/renshen/renshen_0215.jpg,人参(renshen),性味甘微苦微温；归脾肺心肾经；功效：大补元气、复脉固脱、补脾益肺、生津养血、安神。
external\cls_chinese_medicine/train/renshen/renshen_0190.jpg,人参(renshen),性味甘微苦微温；归脾肺心肾经；功效：大补元气、复脉固脱、补脾益肺、生津养血、安神。
external\cls_chinese_medicine/train/renshen/renshen_1172.jpg,人参(renshen),性味甘微苦微温；归脾肺心肾经；功效：大补元气、复脉固脱、补脾益肺、生津养血、安神。
external\cls_chinese_medicine/train/renshen/renshen_0556.jpg,人参(renshen),性味甘微苦微温；归脾肺心肾经；功效：大补元气、复脉固脱、补脾益肺、生津养血、安神。
external\cls_chinese_medicine/train/renshen/renshen_0246.jpg,人参(renshen),性味甘微苦微温；归脾肺心肾经；功效：大补元气、复脉固脱、补脾益肺、生津养血、安神。
external\cls_chinese_medicine/train/renshen/renshen_0608.jpg,人参(renshen),性味甘微苦微温；归脾肺心肾经；功效：大补元气、复脉固脱、补脾益肺、生津养血、安神。
external\cls_chinese_medicine/train/renshen/renshen_1404.jpg,人参(renshen),性味甘微苦微温；归脾肺心肾经；功效：大补元气、复脉固脱、补脾益肺、生津养血、安神。
external\cls_chinese_medicine/train/renshen/renshen_1704.jpg,人参(renshen),性味甘微苦微温；归脾肺心肾经；功效：大补元气、复脉固脱、补脾益肺、生津养血、安神。
external\cls_chinese_medicine/train/renshen/renshen_0575.jpg,人参(renshen),性味甘微苦微温；归脾肺心肾经；功效：大补元气、复脉固脱、补脾益肺、生津养血、安神。
external\cls_chinese_medicine/train/renshen/renshen_0365.jpg,人参(renshen),性味甘微苦微温；归脾肺心肾经；功效：大补元气、复脉固脱、补脾益肺、生津养血、安神。
external\cls_chinese_medicine/train/renshen/renshen_0024.jpg,人参(renshen),性味甘微苦微温；归脾肺心肾经；功效：大补元气、复脉固脱、补脾益肺、生津养血、安神。
external\cls_chinese_medicine/train/renshen/renshen_1244.jpg,人参(renshen),性味甘微苦微温；归脾肺心肾经；功效：大补元气、复脉固脱、补脾益肺、生津养血、安神。
external\cls_chinese_medicine/train/renshen/renshen_0503.jpg,人参(renshen),性味甘微苦微温；归脾肺心肾经；功效：大补元气、复脉固脱、补脾益肺、生津养血、安神。
external\cls_chinese_medicine/train/renshen/renshen_0333.jpg,人参(renshen),性味甘微苦微温；归脾肺心肾经；功效：大补元气、复脉固脱、补脾益肺、生津养血、安神。
external\cls_chinese_medicine/train/renshen/renshen_1197.jpg,人参(renshen),性味甘微苦微温；归脾肺心肾经；功效：大补元气、复脉固脱、补脾益肺、生津养血、安神。
external\cls_chinese_medicine/train/renshen/renshen_1633.jpg,人参(renshen),性味甘微苦微温；归脾肺心肾经；功效：大补元气、复脉固脱、补脾益肺、生津养血、安神。
external\cls_chinese_medicine/train/renshen/renshen_1496.jpg,人参(renshen),性味甘微苦微温；归脾肺心肾经；功效：大补元气、复脉固脱、补脾益肺、生津养血、安神。
external\cls_chinese_medicine/train/renshen/renshen_0193.jpg,人参(renshen),性味甘微苦微温；归脾肺心肾经；功效：大补元气、复脉固脱、补脾益肺、生津养血、安神。
external\cls_chinese_medicine/train/renshen/renshen_0576.jpg,人参(renshen),性味甘微苦微温；归脾肺心肾经；功效：大补元气、复脉固脱、补脾益肺、生津养血、安神。
external\cls_chinese_medicine/train/renshen/renshen_0831.jpg,人参(renshen),性味甘微苦微温；归脾肺心肾经；功效：大补元气、复脉固脱、补脾益肺、生津养血、安神。
external\cls_chinese_medicine/train/renshen/renshen_0747.jpg,人参(renshen),性味甘微苦微温；归脾肺心肾经；功效：大补元气、复脉固脱、补脾益肺、生津养血、安神。
external\cls_chinese_medicine/train/renshen/renshen_1444.jpg,人参(renshen),性味甘微苦微温；归脾肺心肾经；功效：大补元气、复脉固脱、补脾益肺、生津养血、安神。
external\cls_chinese_medicine/train/renshen/renshen_1310.jpg,人参(renshen),性味甘微苦微温；归脾肺心肾经；功效：大补元气、复脉固脱、补脾益肺、生津养血、安神。
external\cls_chinese_medicine/train/renshen/renshen_1743.jpg,人参(renshen),性味甘微苦微温；归脾肺心肾经；功效：大补元气、复脉固脱、补脾益肺、生津养血、安神。
external\cls_chinese_medicine/train/renshen/renshen_0306.jpg,人参(renshen),性味甘微苦微温；归脾肺心肾经；功效：大补元气、复脉固脱、补脾益肺、生津养血、安神。
external\cls_chinese_medicine/train/renshen/renshen_0513.jpg,人参(renshen),性味甘微苦微温；归脾肺心肾经；功效：大补元气、复脉固脱、补脾益肺、生津养血、安神。
external\cls_chinese_medicine/train/renshen/renshen_0830.jpg,人参(renshen),性味甘微苦微温；归脾肺心肾经；功效：大补元气、复脉固脱、补脾益肺、生津养血、安神。
external\cls_chinese_medicine/train/renshen/renshen_0754.jpg,人参(renshen),性味甘微苦微温；归脾肺心肾经；功效：大补元气、复脉固脱、补脾益肺、生津养血、安神。
external\cls_chinese_medicine/train/renshen/renshen_0974.jpg,人参(renshen),性味甘微苦微温；归脾肺心肾经；功效：大补元气、复脉固脱、补脾益肺、生津养血、安神。
external\cls_chinese_medicine/train/renshen/renshen_0442.jpg,人参(renshen),性味甘微苦微温；归脾肺心肾经；功效：大补元气、复脉固脱、补脾益肺、生津养血、安神。
external\cls_chinese_medicine/train/renshen/renshen_0226.jpg,人参(renshen),性味甘微苦微温；归脾肺心肾经；功效：大补元气、复脉固脱、补脾益肺、生津养血、安神。
external\cls_chinese_medicine/train/renshen/renshen_1042.jpg,人参(renshen),性味甘微苦微温；归脾肺心肾经；功效：大补元气、复脉固脱、补脾益肺、生津养血、安神。
external\cls_chinese_medicine/train/renshen/renshen_1051.jpg,人参(renshen),性味甘微苦微温；归脾肺心肾经；功效：大补元气、复脉固脱、补脾益肺、生津养血、安神。
external\cls_chinese_medicine/train/renshen/renshen_1212.jpg,人参(renshen),性味甘微苦微温；归脾肺心肾经；功效：大补元气、复脉固脱、补脾益肺、生津养血、安神。
external\cls_chinese_medicine/train/renshen/renshen_1380.jpg,人参(renshen),性味甘微苦微温；归脾肺心肾经；功效：大补元气、复脉固脱、补脾益肺、生津养血、安神。
external\cls_chinese_medicine/train/renshen/renshen_0537.jpg,人参(renshen),性味甘微苦微温；归脾肺心肾经；功效：大补元气、复脉固脱、补脾益肺、生津养血、安神。
external\cls_chinese_medicine/train/renshen/renshen_0116.jpg,人参(renshen),性味甘微苦微温；归脾肺心肾经；功效：大补元气、复脉固脱、补脾益肺、生津养血、安神。
external\cls_chinese_medicine/train/renshen/renshen_0573.jpg,人参(renshen),性味甘微苦微温；归脾肺心肾经；功效：大补元气、复脉固脱、补脾益肺、生津养血、安神。
external\cls_chinese_medicine/train/renshen/renshen_0136.jpg,人参(renshen),性味甘微苦微温；归脾肺心肾经；功效：大补元气、复脉固脱、补脾益肺、生津养血、安神。
external\cls_chinese_medicine/train/renshen/renshen_0936.jpg,人参(renshen),性味甘微苦微温；归脾肺心肾经；功效：大补元气、复脉固脱、补脾益肺、生津养血、安神。
external\cls_chinese_medicine/train/renshen/renshen_0396.jpg,人参(renshen),性味甘微苦微温；归脾肺心肾经；功效：大补元气、复脉固脱、补脾益肺、生津养血、安神。
external\cls_chinese_medicine/train/renshen/renshen_1159.jpg,人参(renshen),性味甘微苦微温；归脾肺心肾经；功效：大补元气、复脉固脱、补脾益肺、生津养血、安神。
external\cls_chinese_medicine/train/renshen/renshen_0381.jpg,人参(renshen),性味甘微苦微温；归脾肺心肾经；功效：大补元气、复脉固脱、补脾益肺、生津养血、安神。
external\cls_chinese_medicine/train/renshen/renshen_1613.jpg,人参(renshen),性味甘微苦微温；归脾肺心肾经；功效：大补元气、复脉固脱、补脾益肺、生津养血、安神。
external\cls_chinese_medicine/train/renshen/renshen_0218.jpg,人参(renshen),性味甘微苦微温；归脾肺心肾经；功效：大补元气、复脉固脱、补脾益肺、生津养血、安神。
external\cls_chinese_medicine/train/renshen/renshen_0852.jpg,人参(renshen),性味甘微苦微温；归脾肺心肾经；功效：大补元气、复脉固脱、补脾益肺、生津养血、安神。
external\cls_chinese_medicine/train/renshen/renshen_0979.jpg,人参(renshen),性味甘微苦微温；归脾肺心肾经；功效：大补元气、复脉固脱、补脾益肺、生津养血、安神。
external\cls_chinese_medicine/train/renshen/renshen_0892.jpg,人参(renshen),性味甘微苦微温；归脾肺心肾经；功效：大补元气、复脉固脱、补脾益肺、生津养血、安神。
external\cls_chinese_medicine/train/renshen/renshen_1494.jpg,人参(renshen),性味甘微苦微温；归脾肺心肾经；功效：大补元气、复脉固脱、补脾益肺、生津养血、安神。
external\cls_chinese_medicine/train/renshen/renshen_1488.jpg,人参(renshen),性味甘微苦微温；归脾肺心肾经；功效：大补元气、复脉固脱、补脾益肺、生津养血、安神。
external\cls_chinese_medicine/train/renshen/renshen_0612.jpg,人参(renshen),性味甘微苦微温；归脾肺心肾经；功效：大补元气、复脉固脱、补脾益肺、生津养血、安神。
external\cls_chinese_medicine/train/renshen/renshen_1576.jpg,人参(renshen),性味甘微苦微温；归脾肺心肾经；功效：大补元气、复脉固脱、补脾益肺、生津养血、安神。
external\cls_chinese_medicine/train/renshen/renshen_1778.jpg,人参(renshen),性味甘微苦微温；归脾肺心肾经；功效：大补元气、复脉固脱、补脾益肺、生津养血、安神。
external\cls_chinese_medicine/train/renshen/renshen_0564.jpg,人参(renshen),性味甘微苦微温；归脾肺心肾经；功效：大补元气、复脉固脱、补脾益肺、生津养血、安神。
external\cls_chinese_medicine/train/renshen/renshen_1319.jpg,人参(renshen),性味甘微苦微温；归脾肺心肾经；功效：大补元气、复脉固脱、补脾益肺、生津养血、安神。
external\cls_chinese_medicine/train/renshen/renshen_0597.jpg,人参(renshen),性味甘微苦微温；归脾肺心肾经；功效：大补元气、复脉固脱、补脾益肺、生津养血、安神。
external\cls_chinese_medicine/train/renshen/renshen_0254.jpg,人参(renshen),性味甘微苦微温；归脾肺心肾经；功效：大补元气、复脉固脱、补脾益肺、生津养血、安神。
external\cls_chinese_medicine/train/renshen/renshen_1685.jpg,人参(renshen),性味甘微苦微温；归脾肺心肾经；功效：大补元气、复脉固脱、补脾益肺、生津养血、安神。
external\cls_chinese_medicine/train/renshen/renshen_0258.jpg,人参(renshen),性味甘微苦微温；归脾肺心肾经；功效：大补元气、复脉固脱、补脾益肺、生津养血、安神。
external\cls_chinese_medicine/train/renshen/renshen_1211.jpg,人参(renshen),性味甘微苦微温；归脾肺心肾经；功效：大补元气、复脉固脱、补脾益肺、生津养血、安神。
external\cls_chinese_medicine/train/renshen/renshen_0572.jpg,人参(renshen),性味甘微苦微温；归脾肺心肾经；功效：大补元气、复脉固脱、补脾益肺、生津养血、安神。
external\cls_chinese_medicine/train/renshen/renshen_0990.jpg,人参(renshen),性味甘微苦微温；归脾肺心肾经；功效：大补元气、复脉固脱、补脾益肺、生津养血、安神。
external\cls_chinese_medicine/train/renshen/renshen_1438.jpg,人参(renshen),性味甘微苦微温；归脾肺心肾经；功效：大补元气、复脉固脱、补脾益肺、生津养血、安神。
external\cls_chinese_medicine/train/renshen/renshen_1777.jpg,人参(renshen),性味甘微苦微温；归脾肺心肾经；功效：大补元气、复脉固脱、补脾益肺、生津养血、安神。
external\cls_chinese_medicine/train/renshen/renshen_1020.jpg,人参(renshen),性味甘微苦微温；归脾肺心肾经；功效：大补元气、复脉固脱、补脾益肺、生津养血、安神。
external\cls_chinese_medicine/train/renshen/renshen_0050.jpg,人参(renshen),性味甘微苦微温；归脾肺心肾经；功效：大补元气、复脉固脱、补脾益肺、生津养血、安神。
external\cls_chinese_medicine/train/renshen/renshen_0311.jpg,人参(renshen),性味甘微苦微温；归脾肺心肾经；功效：大补元气、复脉固脱、补脾益肺、生津养血、安神。
external\cls_chinese_medicine/train/renshen/renshen_1260.jpg,人参(renshen),性味甘微苦微温；归脾肺心肾经；功效：大补元气、复脉固脱、补脾益肺、生津养血、安神。
external\cls_chinese_medicine/train/renshen/renshen_0953.jpg,人参(renshen),性味甘微苦微温；归脾肺心肾经；功效：大补元气、复脉固脱、补脾益肺、生津养血、安神。
external\cls_chinese_medicine/train/renshen/renshen_0278.jpg,人参(renshen),性味甘微苦微温；归脾肺心肾经；功效：大补元气、复脉固脱、补脾益肺、生津养血、安神。
external\cls_chinese_medicine/train/renshen/renshen_1623.jpg,人参(renshen),性味甘微苦微温；归脾肺心肾经；功效：大补元气、复脉固脱、补脾益肺、生津养血、安神。
external\cls_chinese_medicine/train/renshen/renshen_1167.jpg,人参(renshen),性味甘微苦微温；归脾肺心肾经；功效：大补元气、复脉固脱、补脾益肺、生津养血、安神。
external\cls_chinese_medicine/train/renshen/renshen_1375.jpg,人参(renshen),性味甘微苦微温；归脾肺心肾经；功效：大补元气、复脉固脱、补脾益肺、生津养血、安神。
external\cls_chinese_medicine/train/renshen/renshen_1662.jpg,人参(renshen),性味甘微苦微温；归脾肺心肾经；功效：大补元气、复脉固脱、补脾益肺、生津养血、安神。
external\cls_chinese_medicine/train/renshen/renshen_0424.jpg,人参(renshen),性味甘微苦微温；归脾肺心肾经；功效：大补元气、复脉固脱、补脾益肺、生津养血、安神。
external\cls_chinese_medicine/train/renshen/renshen_1547.jpg,人参(renshen),性味甘微苦微温；归脾肺心肾经；功效：大补元气、复脉固脱、补脾益肺、生津养血、安神。
external\cls_chinese_medicine/train/renshen/renshen_0438.jpg,人参(renshen),性味甘微苦微温；归脾肺心肾经；功效：大补元气、复脉固脱、补脾益肺、生津养血、安神。
external\cls_chinese_medicine/train/renshen/renshen_0379.jpg,人参(renshen),性味甘微苦微温；归脾肺心肾经；功效：大补元气、复脉固脱、补脾益肺、生津养血、安神。
external\cls_chinese_medicine/train/renshen/renshen_1721.jpg,人参(renshen),性味甘微苦微温；归脾肺心肾经；功效：大补元气、复脉固脱、补脾益肺、生津养血、安神。
external\cls_chinese_medicine/train/renshen/renshen_0178.jpg,人参(renshen),性味甘微苦微温；归脾肺心肾经；功效：大补元气、复脉固脱、补脾益肺、生津养血、安神。
external\cls_chinese_medicine/train/renshen/renshen_0355.jpg,人参(renshen),性味甘微苦微温；归脾肺心肾经；功效：大补元气、复脉固脱、补脾益肺、生津养血、安神。
external\cls_chinese_medicine/train/renshen/renshen_1041.jpg,人参(renshen),性味甘微苦微温；归脾肺心肾经；功效：大补元气、复脉固脱、补脾益肺、生津养血、安神。
external\cls_chinese_medicine/train/renshen/renshen_1766.jpg,人参(renshen),性味甘微苦微温；归脾肺心肾经；功效：大补元气、复脉固脱、补脾益肺、生津养血、安神。
external\cls_chinese_medicine/train/renshen/renshen_1477.jpg,人参(renshen),性味甘微苦微温；归脾肺心肾经；功效：大补元气、复脉固脱、补脾益肺、生津养血、安神。
external\cls_chinese_medicine/train/renshen/renshen_0611.jpg,人参(renshen),性味甘微苦微温；归脾肺心肾经；功效：大补元气、复脉固脱、补脾益肺、生津养血、安神。
external\cls_chinese_medicine/train/renshen/renshen_1484.jpg,人参(renshen),性味甘微苦微温；归脾肺心肾经；功效：大补元气、复脉固脱、补脾益肺、生津养血、安神。
external\cls_chinese_medicine/train/renshen/renshen_0079.jpg,人参(renshen),性味甘微苦微温；归脾肺心肾经；功效：大补元气、复脉固脱、补脾益肺、生津养血、安神。
external\cls_chinese_medicine/train/renshen/renshen_0878.jpg,人参(renshen),性味甘微苦微温；归脾肺心肾经；功效：大补元气、复脉固脱、补脾益肺、生津养血、安神。
external\cls_chinese_medicine/train/renshen/renshen_0243.jpg,人参(renshen),性味甘微苦微温；归脾肺心肾经；功效：大补元气、复脉固脱、补脾益肺、生津养血、安神。
external\cls_chinese_medicine/train/renshen/renshen_0397.jpg,人参(renshen),性味甘微苦微温；归脾肺心肾经；功效：大补元气、复脉固脱、补脾益肺、生津养血、安神。
external\cls_chinese_medicine/train/renshen/renshen_0834.jpg,人参(renshen),性味甘微苦微温；归脾肺心肾经；功效：大补元气、复脉固脱、补脾益肺、生津养血、安神。
external\cls_chinese_medicine/train/renshen/renshen_0877.jpg,人参(renshen),性味甘微苦微温；归脾肺心肾经；功效：大补元气、复脉固脱、补脾益肺、生津养血、安神。
external\cls_chinese_medicine/train/renshen/renshen_1125.jpg,人参(renshen),性味甘微苦微温；归脾肺心肾经；功效：大补元气、复脉固脱、补脾益肺、生津养血、安神。
external\cls_chinese_medicine/train/renshen/renshen_0245.jpg,人参(renshen),性味甘微苦微温；归脾肺心肾经；功效：大补元气、复脉固脱、补脾益肺、生津养血、安神。
external\cls_chinese_medicine/train/renshen/renshen_0071.jpg,人参(renshen),性味甘微苦微温；归脾肺心肾经；功效：大补元气、复脉固脱、补脾益肺、生津养血、安神。
external\cls_chinese_medicine/train/renshen/renshen_0030.jpg,人参(renshen),性味甘微苦微温；归脾肺心肾经；功效：大补元气、复脉固脱、补脾益肺、生津养血、安神。
external\cls_chinese_medicine/train/renshen/renshen_1077.jpg,人参(renshen),性味甘微苦微温；归脾肺心肾经；功效：大补元气、复脉固脱、补脾益肺、生津养血、安神。
external\cls_chinese_medicine/train/renshen/renshen_0070.jpg,人参(renshen),性味甘微苦微温；归脾肺心肾经；功效：大补元气、复脉固脱、补脾益肺、生津养血、安神。
external\cls_chinese_medicine/train/renshen/renshen_1482.jpg,人参(renshen),性味甘微苦微温；归脾肺心肾经；功效：大补元气、复脉固脱、补脾益肺、生津养血、安神。
external\cls_chinese_medicine/train/renshen/renshen_1258.jpg,人参(renshen),性味甘微苦微温；归脾肺心肾经；功效：大补元气、复脉固脱、补脾益肺、生津养血、安神。
external\cls_chinese_medicine/train/renshen/renshen_0642.jpg,人参(renshen),性味甘微苦微温；归脾肺心肾经；功效：大补元气、复脉固脱、补脾益肺、生津养血、安神。
external\cls_chinese_medicine/train/renshen/renshen_1742.jpg,人参(renshen),性味甘微苦微温；归脾肺心肾经；功效：大补元气、复脉固脱、补脾益肺、生津养血、安神。
external\cls_chinese_medicine/train/renshen/renshen_0429.jpg,人参(renshen),性味甘微苦微温；归脾肺心肾经；功效：大补元气、复脉固脱、补脾益肺、生津养血、安神。
external\cls_chinese_medicine/train/renshen/renshen_1280.jpg,人参(renshen),性味甘微苦微温；归脾肺心肾经；功效：大补元气、复脉固脱、补脾益肺、生津养血、安神。
external\cls_chinese_medicine/train/renshen/renshen_1607.jpg,人参(renshen),性味甘微苦微温；归脾肺心肾经；功效：大补元气、复脉固脱、补脾益肺、生津养血、安神。
external\cls_chinese_medicine/train/renshen/renshen_0680.jpg,人参(renshen),性味甘微苦微温；归脾肺心肾经；功效：大补元气、复脉固脱、补脾益肺、生津养血、安神。
external\cls_chinese_medicine/train/renshen/renshen_0637.jpg,人参(renshen),性味甘微苦微温；归脾肺心肾经；功效：大补元气、复脉固脱、补脾益肺、生津养血、安神。
external\cls_chinese_medicine/train/renshen/renshen_1158.jpg,人参(renshen),性味甘微苦微温；归脾肺心肾经；功效：大补元气、复脉固脱、补脾益肺、生津养血、安神。
external\cls_chinese_medicine/train/renshen/renshen_0432.jpg,人参(renshen),性味甘微苦微温；归脾肺心肾经；功效：大补元气、复脉固脱、补脾益肺、生津养血、安神。
external\cls_chinese_medicine/train/renshen/renshen_1588.jpg,人参(renshen),性味甘微苦微温；归脾肺心肾经；功效：大补元气、复脉固脱、补脾益肺、生津养血、安神。
external\cls_chinese_medicine/train/renshen/renshen_1640.jpg,人参(renshen),性味甘微苦微温；归脾肺心肾经；功效：大补元气、复脉固脱、补脾益肺、生津养血、安神。
external\cls_chinese_medicine/train/renshen/renshen_0268.jpg,人参(renshen),性味甘微苦微温；归脾肺心肾经；功效：大补元气、复脉固脱、补脾益肺、生津养血、安神。
external\cls_chinese_medicine/train/renshen/renshen_0353.jpg,人参(renshen),性味甘微苦微温；归脾肺心肾经；功效：大补元气、复脉固脱、补脾益肺、生津养血、安神。
external\cls_chinese_medicine/train/renshen/renshen_0504.jpg,人参(renshen),性味甘微苦微温；归脾肺心肾经；功效：大补元气、复脉固脱、补脾益肺、生津养血、安神。
external\cls_chinese_medicine/train/renshen/renshen_0849.jpg,人参(renshen),性味甘微苦微温；归脾肺心肾经；功效：大补元气、复脉固脱、补脾益肺、生津养血、安神。
external\cls_chinese_medicine/train/renshen/renshen_0980.jpg,人参(renshen),性味甘微苦微温；归脾肺心肾经；功效：大补元气、复脉固脱、补脾益肺、生津养血、安神。
external\cls_chinese_medicine/train/renshen/renshen_1130.jpg,人参(renshen),性味甘微苦微温；归脾肺心肾经；功效：大补元气、复脉固脱、补脾益肺、生津养血、安神。
external\cls_chinese_medicine/train/renshen/renshen_1760.jpg,人参(renshen),性味甘微苦微温；归脾肺心肾经；功效：大补元气、复脉固脱、补脾益肺、生津养血、安神。
external\cls_chinese_medicine/train/renshen/renshen_1028.jpg,人参(renshen),性味甘微苦微温；归脾肺心肾经；功效：大补元气、复脉固脱、补脾益肺、生津养血、安神。
external\cls_chinese_medicine/train/renshen/renshen_1007.jpg,人参(renshen),性味甘微苦微温；归脾肺心肾经；功效：大补元气、复脉固脱、补脾益肺、生津养血、安神。
external\cls_chinese_medicine/train/renshen/renshen_1069.jpg,人参(renshen),性味甘微苦微温；归脾肺心肾经；功效：大补元气、复脉固脱、补脾益肺、生津养血、安神。
external\cls_chinese_medicine/train/renshen/renshen_0031.jpg,人参(renshen),性味甘微苦微温；归脾肺心肾经；功效：大补元气、复脉固脱、补脾益肺、生津养血、安神。
external\cls_chinese_medicine/train/renshen/renshen_1667.jpg,人参(renshen),性味甘微苦微温；归脾肺心肾经；功效：大补元气、复脉固脱、补脾益肺、生津养血、安神。
external\cls_chinese_medicine/train/renshen/renshen_0794.jpg,人参(renshen),性味甘微苦微温；归脾肺心肾经；功效：大补元气、复脉固脱、补脾益肺、生津养血、安神。
external\cls_chinese_medicine/train/renshen/renshen_0305.jpg,人参(renshen),性味甘微苦微温；归脾肺心肾经；功效：大补元气、复脉固脱、补脾益肺、生津养血、安神。
external\cls_chinese_medicine/train/renshen/renshen_1737.jpg,人参(renshen),性味甘微苦微温；归脾肺心肾经；功效：大补元气、复脉固脱、补脾益肺、生津养血、安神。
external\cls_chinese_medicine/train/renshen/renshen_0100.jpg,人参(renshen),性味甘微苦微温；归脾肺心肾经；功效：大补元气、复脉固脱、补脾益肺、生津养血、安神。
external\cls_chinese_medicine/train/renshen/renshen_0957.jpg,人参(renshen),性味甘微苦微温；归脾肺心肾经；功效：大补元气、复脉固脱、补脾益肺、生津养血、安神。
external\cls_chinese_medicine/train/renshen/renshen_1756.jpg,人参(renshen),性味甘微苦微温；归脾肺心肾经；功效：大补元气、复脉固脱、补脾益肺、生津养血、安神。
external\cls_chinese_medicine/train/renshen/renshen_0546.jpg,人参(renshen),性味甘微苦微温；归脾肺心肾经；功效：大补元气、复脉固脱、补脾益肺、生津养血、安神。
external\cls_chinese_medicine/train/renshen/renshen_0873.jpg,人参(renshen),性味甘微苦微温；归脾肺心肾经；功效：大补元气、复脉固脱、补脾益肺、生津养血、安神。
external\cls_chinese_medicine/train/renshen/renshen_0929.jpg,人参(renshen),性味甘微苦微温；归脾肺心肾经；功效：大补元气、复脉固脱、补脾益肺、生津养血、安神。
external\cls_chinese_medicine/train/renshen/renshen_0951.jpg,人参(renshen),性味甘微苦微温；归脾肺心肾经；功效：大补元气、复脉固脱、补脾益肺、生津养血、安神。
external\cls_chinese_medicine/train/renshen/renshen_1121.jpg,人参(renshen),性味甘微苦微温；归脾肺心肾经；功效：大补元气、复脉固脱、补脾益肺、生津养血、安神。
external\cls_chinese_medicine/train/renshen/renshen_0695.jpg,人参(renshen),性味甘微苦微温；归脾肺心肾经；功效：大补元气、复脉固脱、补脾益肺、生津养血、安神。
external\cls_chinese_medicine/train/renshen/renshen_1729.jpg,人参(renshen),性味甘微苦微温；归脾肺心肾经；功效：大补元气、复脉固脱、补脾益肺、生津养血、安神。
external\cls_chinese_medicine/train/renshen/renshen_0978.jpg,人参(renshen),性味甘微苦微温；归脾肺心肾经；功效：大补元气、复脉固脱、补脾益肺、生津养血、安神。
external\cls_chinese_medicine/train/renshen/renshen_0782.jpg,人参(renshen),性味甘微苦微温；归脾肺心肾经；功效：大补元气、复脉固脱、补脾益肺、生津养血、安神。
external\cls_chinese_medicine/train/renshen/renshen_1390.jpg,人参(renshen),性味甘微苦微温；归脾肺心肾经；功效：大补元气、复脉固脱、补脾益肺、生津养血、安神。
external\cls_chinese_medicine/train/renshen/renshen_0033.jpg,人参(renshen),性味甘微苦微温；归脾肺心肾经；功效：大补元气、复脉固脱、补脾益肺、生津养血、安神。
external\cls_chinese_medicine/train/renshen/renshen_1171.jpg,人参(renshen),性味甘微苦微温；归脾肺心肾经；功效：大补元气、复脉固脱、补脾益肺、生津养血、安神。
external\cls_chinese_medicine/train/renshen/renshen_1018.jpg,人参(renshen),性味甘微苦微温；归脾肺心肾经；功效：大补元气、复脉固脱、补脾益肺、生津养血、安神。
external\cls_chinese_medicine/train/renshen/renshen_0208.jpg,人参(renshen),性味甘微苦微温；归脾肺心肾经；功效：大补元气、复脉固脱、补脾益肺、生津养血、安神。
external\cls_chinese_medicine/train/renshen/renshen_0431.jpg,人参(renshen),性味甘微苦微温；归脾肺心肾经；功效：大补元气、复脉固脱、补脾益肺、生津养血、安神。
external\cls_chinese_medicine/train/renshen/renshen_0915.jpg,人参(renshen),性味甘微苦微温；归脾肺心肾经；功效：大补元气、复脉固脱、补脾益肺、生津养血、安神。
external\cls_chinese_medicine/train/renshen/renshen_0343.jpg,人参(renshen),性味甘微苦微温；归脾肺心肾经；功效：大补元气、复脉固脱、补脾益肺、生津养血、安神。
external\cls_chinese_medicine/train/renshen/renshen_1790.jpg,人参(renshen),性味甘微苦微温；归脾肺心肾经；功效：大补元气、复脉固脱、补脾益肺、生津养血、安神。
external\cls_chinese_medicine/train/renshen/renshen_0789.jpg,人参(renshen),性味甘微苦微温；归脾肺心肾经；功效：大补元气、复脉固脱、补脾益肺、生津养血、安神。
external\cls_chinese_medicine/train/renshen/renshen_0350.jpg,人参(renshen),性味甘微苦微温；归脾肺心肾经；功效：大补元气、复脉固脱、补脾益肺、生津养血、安神。
external\cls_chinese_medicine/train/renshen/renshen_0045.jpg,人参(renshen),性味甘微苦微温；归脾肺心肾经；功效：大补元气、复脉固脱、补脾益肺、生津养血、安神。
external\cls_chinese_medicine/train/renshen/renshen_1608.jpg,人参(renshen),性味甘微苦微温；归脾肺心肾经；功效：大补元气、复脉固脱、补脾益肺、生津养血、安神。
external\cls_chinese_medicine/train/renshen/renshen_0569.jpg,人参(renshen),性味甘微苦微温；归脾肺心肾经；功效：大补元气、复脉固脱、补脾益肺、生津养血、安神。
external\cls_chinese_medicine/train/renshen/renshen_1275.jpg,人参(renshen),性味甘微苦微温；归脾肺心肾经；功效：大补元气、复脉固脱、补脾益肺、生津养血、安神。
external\cls_chinese_medicine/train/renshen/renshen_1728.jpg,人参(renshen),性味甘微苦微温；归脾肺心肾经；功效：大补元气、复脉固脱、补脾益肺、生津养血、安神。
external\cls_chinese_medicine/train/renshen/renshen_1776.jpg,人参(renshen),性味甘微苦微温；归脾肺心肾经；功效：大补元气、复脉固脱、补脾益肺、生津养血、安神。
external\cls_chinese_medicine/train/renshen/renshen_0060.jpg,人参(renshen),性味甘微苦微温；归脾肺心肾经；功效：大补元气、复脉固脱、补脾益肺、生津养血、安神。
external\cls_chinese_medicine/train/renshen/renshen_1230.jpg,人参(renshen),性味甘微苦微温；归脾肺心肾经；功效：大补元气、复脉固脱、补脾益肺、生津养血、安神。
external\cls_chinese_medicine/train/renshen/renshen_0363.jpg,人参(renshen),性味甘微苦微温；归脾肺心肾经；功效：大补元气、复脉固脱、补脾益肺、生津养血、安神。
external\cls_chinese_medicine/train/renshen/renshen_0787.jpg,人参(renshen),性味甘微苦微温；归脾肺心肾经；功效：大补元气、复脉固脱、补脾益肺、生津养血、安神。
external\cls_chinese_medicine/train/renshen/renshen_1364.jpg,人参(renshen),性味甘微苦微温；归脾肺心肾经；功效：大补元气、复脉固脱、补脾益肺、生津养血、安神。
external\cls_chinese_medicine/train/renshen/renshen_0922.jpg,人参(renshen),性味甘微苦微温；归脾肺心肾经；功效：大补元气、复脉固脱、补脾益肺、生津养血、安神。
external\cls_chinese_medicine/train/renshen/renshen_1385.jpg,人参(renshen),性味甘微苦微温；归脾肺心肾经；功效：大补元气、复脉固脱、补脾益肺、生津养血、安神。
external\cls_chinese_medicine/train/renshen/renshen_1454.jpg,人参(renshen),性味甘微苦微温；归脾肺心肾经；功效：大补元气、复脉固脱、补脾益肺、生津养血、安神。
external\cls_chinese_medicine/train/renshen/renshen_0124.jpg,人参(renshen),性味甘微苦微温；归脾肺心肾经；功效：大补元气、复脉固脱、补脾益肺、生津养血、安神。
external\cls_chinese_medicine/train/renshen/renshen_1397.jpg,人参(renshen),性味甘微苦微温；归脾肺心肾经；功效：大补元气、复脉固脱、补脾益肺、生津养血、安神。
external\cls_chinese_medicine/train/renshen/renshen_1320.jpg,人参(renshen),性味甘微苦微温；归脾肺心肾经；功效：大补元气、复脉固脱、补脾益肺、生津养血、安神。
external\cls_chinese_medicine/train/renshen/renshen_1453.jpg,人参(renshen),性味甘微苦微温；归脾肺心肾经；功效：大补元气、复脉固脱、补脾益肺、生津养血、安神。
external\cls_chinese_medicine/train/renshen/renshen_0342.jpg,人参(renshen),性味甘微苦微温；归脾肺心肾经；功效：大补元气、复脉固脱、补脾益肺、生津养血、安神。
external\cls_chinese_medicine/train/renshen/renshen_0478.jpg,人参(renshen),性味甘微苦微温；归脾肺心肾经；功效：大补元气、复脉固脱、补脾益肺、生津养血、安神。
external\cls_chinese_medicine/train/renshen/renshen_0718.jpg,人参(renshen),性味甘微苦微温；归脾肺心肾经；功效：大补元气、复脉固脱、补脾益肺、生津养血、安神。
external\cls_chinese_medicine/train/renshen/renshen_1724.jpg,人参(renshen),性味甘微苦微温；归脾肺心肾经；功效：大补元气、复脉固脱、补脾益肺、生津养血、安神。
external\cls_chinese_medicine/train/renshen/renshen_1291.jpg,人参(renshen),性味甘微苦微温；归脾肺心肾经；功效：大补元气、复脉固脱、补脾益肺、生津养血、安神。
external\cls_chinese_medicine/train/renshen/renshen_1631.jpg,人参(renshen),性味甘微苦微温；归脾肺心肾经；功效：大补元气、复脉固脱、补脾益肺、生津养血、安神。
external\cls_chinese_medicine/train/renshen/renshen_0512.jpg,人参(renshen),性味甘微苦微温；归脾肺心肾经；功效：大补元气、复脉固脱、补脾益肺、生津养血、安神。
external\cls_chinese_medicine/train/renshen/renshen_0941.jpg,人参(renshen),性味甘微苦微温；归脾肺心肾经；功效：大补元气、复脉固脱、补脾益肺、生津养血、安神。
external\cls_chinese_medicine/train/renshen/renshen_1229.jpg,人参(renshen),性味甘微苦微温；归脾肺心肾经；功效：大补元气、复脉固脱、补脾益肺、生津养血、安神。
external\cls_chinese_medicine/train/renshen/renshen_1780.jpg,人参(renshen),性味甘微苦微温；归脾肺心肾经；功效：大补元气、复脉固脱、补脾益肺、生津养血、安神。
external\cls_chinese_medicine/train/renshen/renshen_1554.jpg,人参(renshen),性味甘微苦微温；归脾肺心肾经；功效：大补元气、复脉固脱、补脾益肺、生津养血、安神。
external\cls_chinese_medicine/train/renshen/renshen_1006.jpg,人参(renshen),性味甘微苦微温；归脾肺心肾经；功效：大补元气、复脉固脱、补脾益肺、生津养血、安神。
external\cls_chinese_medicine/train/renshen/renshen_1089.jpg,人参(renshen),性味甘微苦微温；归脾肺心肾经；功效：大补元气、复脉固脱、补脾益肺、生津养血、安神。
external\cls_chinese_medicine/train/renshen/renshen_1274.jpg,人参(renshen),性味甘微苦微温；归脾肺心肾经；功效：大补元气、复脉固脱、补脾益肺、生津养血、安神。
external\cls_chinese_medicine/train/renshen/renshen_1418.jpg,人参(renshen),性味甘微苦微温；归脾肺心肾经；功效：大补元气、复脉固脱、补脾益肺、生津养血、安神。
external\cls_chinese_medicine/train/renshen/renshen_0362.jpg,人参(renshen),性味甘微苦微温；归脾肺心肾经；功效：大补元气、复脉固脱、补脾益肺、生津养血、安神。
external\cls_chinese_medicine/train/renshen/renshen_0613.jpg,人参(renshen),性味甘微苦微温；归脾肺心肾经；功效：大补元气、复脉固脱、补脾益肺、生津养血、安神。
external\cls_chinese_medicine/train/renshen/renshen_0068.jpg,人参(renshen),性味甘微苦微温；归脾肺心肾经；功效：大补元气、复脉固脱、补脾益肺、生津养血、安神。
external\cls_chinese_medicine/train/renshen/renshen_1799.jpg,人参(renshen),性味甘微苦微温；归脾肺心肾经；功效：大补元气、复脉固脱、补脾益肺、生津养血、安神。
external\cls_chinese_medicine/train/renshen/renshen_1788.jpg,人参(renshen),性味甘微苦微温；归脾肺心肾经；功效：大补元气、复脉固脱、补脾益肺、生津养血、安神。
external\cls_chinese_medicine/train/renshen/renshen_0125.jpg,人参(renshen),性味甘微苦微温；归脾肺心肾经；功效：大补元气、复脉固脱、补脾益肺、生津养血、安神。
external\cls_chinese_medicine/train/renshen/renshen_0868.jpg,人参(renshen),性味甘微苦微温；归脾肺心肾经；功效：大补元气、复脉固脱、补脾益肺、生津养血、安神。
external\cls_chinese_medicine/train/renshen/renshen_0774.jpg,人参(renshen),性味甘微苦微温；归脾肺心肾经；功效：大补元气、复脉固脱、补脾益肺、生津养血、安神。
external\cls_chinese_medicine/train/renshen/renshen_1271.jpg,人参(renshen),性味甘微苦微温；归脾肺心肾经；功效：大补元气、复脉固脱、补脾益肺、生津养血、安神。
external\cls_chinese_medicine/train/renshen/renshen_1539.jpg,人参(renshen),性味甘微苦微温；归脾肺心肾经；功效：大补元气、复脉固脱、补脾益肺、生津养血、安神。
external\cls_chinese_medicine/train/renshen/renshen_0719.jpg,人参(renshen),性味甘微苦微温；归脾肺心肾经；功效：大补元气、复脉固脱、补脾益肺、生津养血、安神。
external\cls_chinese_medicine/train/renshen/renshen_0924.jpg,人参(renshen),性味甘微苦微温；归脾肺心肾经；功效：大补元气、复脉固脱、补脾益肺、生津养血、安神。
external\cls_chinese_medicine/train/renshen/renshen_0395.jpg,人参(renshen),性味甘微苦微温；归脾肺心肾经；功效：大补元气、复脉固脱、补脾益肺、生津养血、安神。
external\cls_chinese_medicine/train/renshen/renshen_0559.jpg,人参(renshen),性味甘微苦微温；归脾肺心肾经；功效：大补元气、复脉固脱、补脾益肺、生津养血、安神。
external\cls_chinese_medicine/train/renshen/renshen_0166.jpg,人参(renshen),性味甘微苦微温；归脾肺心肾经；功效：大补元气、复脉固脱、补脾益肺、生津养血、安神。
external\cls_chinese_medicine/train/renshen/renshen_1550.jpg,人参(renshen),性味甘微苦微温；归脾肺心肾经；功效：大补元气、复脉固脱、补脾益肺、生津养血、安神。
external\cls_chinese_medicine/train/renshen/renshen_0266.jpg,人参(renshen),性味甘微苦微温；归脾肺心肾经；功效：大补元气、复脉固脱、补脾益肺、生津养血、安神。
external\cls_chinese_medicine/train/renshen/renshen_0427.jpg,人参(renshen),性味甘微苦微温；归脾肺心肾经；功效：大补元气、复脉固脱、补脾益肺、生津养血、安神。
external\cls_chinese_medicine/train/renshen/renshen_1680.jpg,人参(renshen),性味甘微苦微温；归脾肺心肾经；功效：大补元气、复脉固脱、补脾益肺、生津养血、安神。
external\cls_chinese_medicine/train/renshen/renshen_1427.jpg,人参(renshen),性味甘微苦微温；归脾肺心肾经；功效：大补元气、复脉固脱、补脾益肺、生津养血、安神。
external\cls_chinese_medicine/train/renshen/renshen_1590.jpg,人参(renshen),性味甘微苦微温；归脾肺心肾经；功效：大补元气、复脉固脱、补脾益肺、生津养血、安神。
external\cls_chinese_medicine/train/renshen/renshen_0499.jpg,人参(renshen),性味甘微苦微温；归脾肺心肾经；功效：大补元气、复脉固脱、补脾益肺、生津养血、安神。
external\cls_chinese_medicine/train/renshen/renshen_0441.jpg,人参(renshen),性味甘微苦微温；归脾肺心肾经；功效：大补元气、复脉固脱、补脾益肺、生津养血、安神。
external\cls_chinese_medicine/train/renshen/renshen_1395.jpg,人参(renshen),性味甘微苦微温；归脾肺心肾经；功效：大补元气、复脉固脱、补脾益肺、生津养血、安神。
external\cls_chinese_medicine/train/renshen/renshen_1163.jpg,人参(renshen),性味甘微苦微温；归脾肺心肾经；功效：大补元气、复脉固脱、补脾益肺、生津养血、安神。
external\cls_chinese_medicine/train/renshen/renshen_0700.jpg,人参(renshen),性味甘微苦微温；归脾肺心肾经；功效：大补元气、复脉固脱、补脾益肺、生津养血、安神。
external\cls_chinese_medicine/train/renshen/renshen_0804.jpg,人参(renshen),性味甘微苦微温；归脾肺心肾经；功效：大补元气、复脉固脱、补脾益肺、生津养血、安神。
external\cls_chinese_medicine/train/renshen/renshen_0817.jpg,人参(renshen),性味甘微苦微温；归脾肺心肾经；功效：大补元气、复脉固脱、补脾益肺、生津养血、安神。
external\cls_chinese_medicine/train/renshen/renshen_0879.jpg,人参(renshen),性味甘微苦微温；归脾肺心肾经；功效：大补元气、复脉固脱、补脾益肺、生津养血、安神。
external\cls_chinese_medicine/train/renshen/renshen_1543.jpg,人参(renshen),性味甘微苦微温；归脾肺心肾经；功效：大补元气、复脉固脱、补脾益肺、生津养血、安神。
external\cls_chinese_medicine/train/renshen/renshen_0172.jpg,人参(renshen),性味甘微苦微温；归脾肺心肾经；功效：大补元气、复脉固脱、补脾益肺、生津养血、安神。
external\cls_chinese_medicine/train/renshen/renshen_0963.jpg,人参(renshen),性味甘微苦微温；归脾肺心肾经；功效：大补元气、复脉固脱、补脾益肺、生津养血、安神。
external\cls_chinese_medicine/train/renshen/renshen_0634.jpg,人参(renshen),性味甘微苦微温；归脾肺心肾经；功效：大补元气、复脉固脱、补脾益肺、生津养血、安神。
external\cls_chinese_medicine/train/renshen/renshen_0261.jpg,人参(renshen),性味甘微苦微温；归脾肺心肾经；功效：大补元气、复脉固脱、补脾益肺、生津养血、安神。
external\cls_chinese_medicine/train/renshen/renshen_1272.jpg,人参(renshen),性味甘微苦微温；归脾肺心肾经；功效：大补元气、复脉固脱、补脾益肺、生津养血、安神。
external\cls_chinese_medicine/train/renshen/renshen_0074.jpg,人参(renshen),性味甘微苦微温；归脾肺心肾经；功效：大补元气、复脉固脱、补脾益肺、生津养血、安神。
external\cls_chinese_medicine/train/renshen/renshen_0110.jpg,人参(renshen),性味甘微苦微温；归脾肺心肾经；功效：大补元气、复脉固脱、补脾益肺、生津养血、安神。
external\cls_chinese_medicine/train/renshen/renshen_1137.jpg,人参(renshen),性味甘微苦微温；归脾肺心肾经；功效：大补元气、复脉固脱、补脾益肺、生津养血、安神。
external\cls_chinese_medicine/train/renshen/renshen_0939.jpg,人参(renshen),性味甘微苦微温；归脾肺心肾经；功效：大补元气、复脉固脱、补脾益肺、生津养血、安神。
external\cls_chinese_medicine/train/renshen/renshen_0324.jpg,人参(renshen),性味甘微苦微温；归脾肺心肾经；功效：大补元气、复脉固脱、补脾益肺、生津养血、安神。
external\cls_chinese_medicine/train/renshen/renshen_1048.jpg,人参(renshen),性味甘微苦微温；归脾肺心肾经；功效：大补元气、复脉固脱、补脾益肺、生津养血、安神。
external\cls_chinese_medicine/train/renshen/renshen_0746.jpg,人参(renshen),性味甘微苦微温；归脾肺心肾经；功效：大补元气、复脉固脱、补脾益肺、生津养血、安神。
external\cls_chinese_medicine/train/renshen/renshen_1659.jpg,人参(renshen),性味甘微苦微温；归脾肺心肾经；功效：大补元气、复脉固脱、补脾益肺、生津养血、安神。
external\cls_chinese_medicine/train/renshen/renshen_0842.jpg,人参(renshen),性味甘微苦微温；归脾肺心肾经；功效：大补元气、复脉固脱、补脾益肺、生津养血、安神。
external\cls_chinese_medicine/train/renshen/renshen_1065.jpg,人参(renshen),性味甘微苦微温；归脾肺心肾经；功效：大补元气、复脉固脱、补脾益肺、生津养血、安神。
external\cls_chinese_medicine/train/renshen/renshen_0552.jpg,人参(renshen),性味甘微苦微温；归脾肺心肾经；功效：大补元气、复脉固脱、补脾益肺、生津养血、安神。
external\cls_chinese_medicine/train/renshen/renshen_1715.jpg,人参(renshen),性味甘微苦微温；归脾肺心肾经；功效：大补元气、复脉固脱、补脾益肺、生津养血、安神。
external\cls_chinese_medicine/train/renshen/renshen_0052.jpg,人参(renshen),性味甘微苦微温；归脾肺心肾经；功效：大补元气、复脉固脱、补脾益肺、生津养血、安神。
external\cls_chinese_medicine/train/renshen/renshen_0816.jpg,人参(renshen),性味甘微苦微温；归脾肺心肾经；功效：大补元气、复脉固脱、补脾益肺、生津养血、安神。
external\cls_chinese_medicine/train/renshen/renshen_1215.jpg,人参(renshen),性味甘微苦微温；归脾肺心肾经；功效：大补元气、复脉固脱、补脾益肺、生津养血、安神。
external\cls_chinese_medicine/train/renshen/renshen_0501.jpg,人参(renshen),性味甘微苦微温；归脾肺心肾经；功效：大补元气、复脉固脱、补脾益肺、生津养血、安神。
external\cls_chinese_medicine/train/renshen/renshen_0077.jpg,人参(renshen),性味甘微苦微温；归脾肺心肾经；功效：大补元气、复脉固脱、补脾益肺、生津养血、安神。
external\cls_chinese_medicine/train/renshen/renshen_1225.jpg,人参(renshen),性味甘微苦微温；归脾肺心肾经；功效：大补元气、复脉固脱、补脾益肺、生津养血、安神。
external\cls_chinese_medicine/train/renshen/renshen_1416.jpg,人参(renshen),性味甘微苦微温；归脾肺心肾经；功效：大补元气、复脉固脱、补脾益肺、生津养血、安神。
external\cls_chinese_medicine/train/renshen/renshen_0942.jpg,人参(renshen),性味甘微苦微温；归脾肺心肾经；功效：大补元气、复脉固脱、补脾益肺、生津养血、安神。
external\cls_chinese_medicine/train/renshen/renshen_0495.jpg,人参(renshen),性味甘微苦微温；归脾肺心肾经；功效：大补元气、复脉固脱、补脾益肺、生津养血、安神。
external\cls_chinese_medicine/train/renshen/renshen_1039.jpg,人参(renshen),性味甘微苦微温；归脾肺心肾经；功效：大补元气、复脉固脱、补脾益肺、生津养血、安神。
external\cls_chinese_medicine/train/renshen/renshen_0986.jpg,人参(renshen),性味甘微苦微温；归脾肺心肾经；功效：大补元气、复脉固脱、补脾益肺、生津养血、安神。
external\cls_chinese_medicine/train/renshen/renshen_0815.jpg,人参(renshen),性味甘微苦微温；归脾肺心肾经；功效：大补元气、复脉固脱、补脾益肺、生津养血、安神。
external\cls_chinese_medicine/train/renshen/renshen_0421.jpg,人参(renshen),性味甘微苦微温；归脾肺心肾经；功效：大补元气、复脉固脱、补脾益肺、生津养血、安神。
external\cls_chinese_medicine/train/renshen/renshen_0449.jpg,人参(renshen),性味甘微苦微温；归脾肺心肾经；功效：大补元气、复脉固脱、补脾益肺、生津养血、安神。
external\cls_chinese_medicine/train/renshen/renshen_1582.jpg,人参(renshen),性味甘微苦微温；归脾肺心肾经；功效：大补元气、复脉固脱、补脾益肺、生津养血、安神。
external\cls_chinese_medicine/train/renshen/renshen_1672.jpg,人参(renshen),性味甘微苦微温；归脾肺心肾经；功效：大补元气、复脉固脱、补脾益肺、生津养血、安神。
external\cls_chinese_medicine/train/renshen/renshen_0142.jpg,人参(renshen),性味甘微苦微温；归脾肺心肾经；功效：大补元气、复脉固脱、补脾益肺、生津养血、安神。
external\cls_chinese_medicine/train/renshen/renshen_0900.jpg,人参(renshen),性味甘微苦微温；归脾肺心肾经；功效：大补元气、复脉固脱、补脾益肺、生津养血、安神。
external\cls_chinese_medicine/train/renshen/renshen_0604.jpg,人参(renshen),性味甘微苦微温；归脾肺心肾经；功效：大补元气、复脉固脱、补脾益肺、生津养血、安神。
external\cls_chinese_medicine/train/renshen/renshen_1681.jpg,人参(renshen),性味甘微苦微温；归脾肺心肾经；功效：大补元气、复脉固脱、补脾益肺、生津养血、安神。
external\cls_chinese_medicine/train/renshen/renshen_1402.jpg,人参(renshen),性味甘微苦微温；归脾肺心肾经；功效：大补元气、复脉固脱、补脾益肺、生津养血、安神。
external\cls_chinese_medicine/train/renshen/renshen_0448.jpg,人参(renshen),性味甘微苦微温；归脾肺心肾经；功效：大补元气、复脉固脱、补脾益肺、生津养血、安神。
external\cls_chinese_medicine/train/renshen/renshen_0838.jpg,人参(renshen),性味甘微苦微温；归脾肺心肾经；功效：大补元气、复脉固脱、补脾益肺、生津养血、安神。
external\cls_chinese_medicine/train/renshen/renshen_0279.jpg,人参(renshen),性味甘微苦微温；归脾肺心肾经；功效：大补元气、复脉固脱、补脾益肺、生津养血、安神。
external\cls_chinese_medicine/train/renshen/renshen_0189.jpg,人参(renshen),性味甘微苦微温；归脾肺心肾经；功效：大补元气、复脉固脱、补脾益肺、生津养血、安神。
external\cls_chinese_medicine/train/renshen/renshen_0759.jpg,人参(renshen),性味甘微苦微温；归脾肺心肾经；功效：大补元气、复脉固脱、补脾益肺、生津养血、安神。
external\cls_chinese_medicine/train/renshen/renshen_0250.jpg,人参(renshen),性味甘微苦微温；归脾肺心肾经；功效：大补元气、复脉固脱、补脾益肺、生津养血、安神。
external\cls_chinese_medicine/train/renshen/renshen_1725.jpg,人参(renshen),性味甘微苦微温；归脾肺心肾经；功效：大补元气、复脉固脱、补脾益肺、生津养血、安神。
external\cls_chinese_medicine/train/renshen/renshen_0653.jpg,人参(renshen),性味甘微苦微温；归脾肺心肾经；功效：大补元气、复脉固脱、补脾益肺、生津养血、安神。
external\cls_chinese_medicine/train/renshen/renshen_0297.jpg,人参(renshen),性味甘微苦微温；归脾肺心肾经；功效：大补元气、复脉固脱、补脾益肺、生津养血、安神。
external\cls_chinese_medicine/train/renshen/renshen_0727.jpg,人参(renshen),性味甘微苦微温；归脾肺心肾经；功效：大补元气、复脉固脱、补脾益肺、生津养血、安神。
external\cls_chinese_medicine/train/renshen/renshen_0894.jpg,人参(renshen),性味甘微苦微温；归脾肺心肾经；功效：大补元气、复脉固脱、补脾益肺、生津养血、安神。
external\cls_chinese_medicine/train/renshen/renshen_0588.jpg,人参(renshen),性味甘微苦微温；归脾肺心肾经；功效：大补元气、复脉固脱、补脾益肺、生津养血、安神。
external\cls_chinese_medicine/train/renshen/renshen_1337.jpg,人参(renshen),性味甘微苦微温；归脾肺心肾经；功效：大补元气、复脉固脱、补脾益肺、生津养血、安神。
external\cls_chinese_medicine/train/renshen/renshen_1749.jpg,人参(renshen),性味甘微苦微温；归脾肺心肾经；功效：大补元气、复脉固脱、补脾益肺、生津养血、安神。
external\cls_chinese_medicine/train/renshen/renshen_0257.jpg,人参(renshen),性味甘微苦微温；归脾肺心肾经；功效：大补元气、复脉固脱、补脾益肺、生津养血、安神。
external\cls_chinese_medicine/train/renshen/renshen_0840.jpg,人参(renshen),性味甘微苦微温；归脾肺心肾经；功效：大补元气、复脉固脱、补脾益肺、生津养血、安神。
external\cls_chinese_medicine/train/renshen/renshen_1184.jpg,人参(renshen),性味甘微苦微温；归脾肺心肾经；功效：大补元气、复脉固脱、补脾益肺、生津养血、安神。
external\cls_chinese_medicine/train/renshen/renshen_1223.jpg,人参(renshen),性味甘微苦微温；归脾肺心肾经；功效：大补元气、复脉固脱、补脾益肺、生津养血、安神。
external\cls_chinese_medicine/train/renshen/renshen_0619.jpg,人参(renshen),性味甘微苦微温；归脾肺心肾经；功效：大补元气、复脉固脱、补脾益肺、生津养血、安神。
external\cls_chinese_medicine/train/renshen/renshen_0331.jpg,人参(renshen),性味甘微苦微温；归脾肺心肾经；功效：大补元气、复脉固脱、补脾益肺、生津养血、安神。
external\cls_chinese_medicine/train/renshen/renshen_0605.jpg,人参(renshen),性味甘微苦微温；归脾肺心肾经；功效：大补元气、复脉固脱、补脾益肺、生津养血、安神。
external\cls_chinese_medicine/train/renshen/renshen_0616.jpg,人参(renshen),性味甘微苦微温；归脾肺心肾经；功效：大补元气、复脉固脱、补脾益肺、生津养血、安神。
external\cls_chinese_medicine/train/renshen/renshen_0469.jpg,人参(renshen),性味甘微苦微温；归脾肺心肾经；功效：大补元气、复脉固脱、补脾益肺、生津养血、安神。
external\cls_chinese_medicine/train/renshen/renshen_1333.jpg,人参(renshen),性味甘微苦微温；归脾肺心肾经；功效：大补元气、复脉固脱、补脾益肺、生津养血、安神。
external\cls_chinese_medicine/train/renshen/renshen_0591.jpg,人参(renshen),性味甘微苦微温；归脾肺心肾经；功效：大补元气、复脉固脱、补脾益肺、生津养血、安神。
external\cls_chinese_medicine/train/renshen/renshen_0983.jpg,人参(renshen),性味甘微苦微温；归脾肺心肾经；功效：大补元气、复脉固脱、补脾益肺、生津养血、安神。
external\cls_chinese_medicine/train/renshen/renshen_0174.jpg,人参(renshen),性味甘微苦微温；归脾肺心肾经；功效：大补元气、复脉固脱、补脾益肺、生津养血、安神。
external\cls_chinese_medicine/train/renshen/renshen_1021.jpg,人参(renshen),性味甘微苦微温；归脾肺心肾经；功效：大补元气、复脉固脱、补脾益肺、生津养血、安神。
external\cls_chinese_medicine/train/renshenqiepian/renshenqiepian_0962.jpg,人参(renshenqiepian),性味甘微苦微温；归脾肺心肾经；功效：大补元气、复脉固脱、补脾益肺、生津养血、安神。
external\cls_chinese_medicine/train/renshenqiepian/renshenqiepian_1169.jpg,人参(renshenqiepian),性味甘微苦微温；归脾肺心肾经；功效：大补元气、复脉固脱、补脾益肺、生津养血、安神。
external\cls_chinese_medicine/train/renshenqiepian/renshenqiepian_1336.jpg,人参(renshenqiepian),性味甘微苦微温；归脾肺心肾经；功效：大补元气、复脉固脱、补脾益肺、生津养血、安神。
external\cls_chinese_medicine/train/renshenqiepian/renshenqiepian_0379.jpg,人参(renshenqiepian),性味甘微苦微温；归脾肺心肾经；功效：大补元气、复脉固脱、补脾益肺、生津养血、安神。
external\cls_chinese_medicine/train/renshenqiepian/renshenqiepian_1549.jpg,人参(renshenqiepian),性味甘微苦微温；归脾肺心肾经；功效：大补元气、复脉固脱、补脾益肺、生津养血、安神。
external\cls_chinese_medicine/train/renshenqiepian/renshenqiepian_0107.jpg,人参(renshenqiepian),性味甘微苦微温；归脾肺心肾经；功效：大补元气、复脉固脱、补脾益肺、生津养血、安神。
external\cls_chinese_medicine/train/renshenqiepian/renshenqiepian_1265.jpg,人参(renshenqiepian),性味甘微苦微温；归脾肺心肾经；功效：大补元气、复脉固脱、补脾益肺、生津养血、安神。
external\cls_chinese_medicine/train/renshenqiepian/renshenqiepian_0577.jpg,人参(renshenqiepian),性味甘微苦微温；归脾肺心肾经；功效：大补元气、复脉固脱、补脾益肺、生津养血、安神。
external\cls_chinese_medicine/train/renshenqiepian/renshenqiepian_1129.jpg,人参(renshenqiepian),性味甘微苦微温；归脾肺心肾经；功效：大补元气、复脉固脱、补脾益肺、生津养血、安神。
external\cls_chinese_medicine/train/renshenqiepian/renshenqiepian_0711.jpg,人参(renshenqiepian),性味甘微苦微温；归脾肺心肾经；功效：大补元气、复脉固脱、补脾益肺、生津养血、安神。
external\cls_chinese_medicine/train/renshenqiepian/renshenqiepian_0635.jpg,人参(renshenqiepian),性味甘微苦微温；归脾肺心肾经；功效：大补元气、复脉固脱、补脾益肺、生津养血、安神。
external\cls_chinese_medicine/train/renshenqiepian/renshenqiepian_0332.jpg,人参(renshenqiepian),性味甘微苦微温；归脾肺心肾经；功效：大补元气、复脉固脱、补脾益肺、生津养血、安神。
external\cls_chinese_medicine/train/renshenqiepian/renshenqiepian_0616.jpg,人参(renshenqiepian),性味甘微苦微温；归脾肺心肾经；功效：大补元气、复脉固脱、补脾益肺、生津养血、安神。
external\cls_chinese_medicine/train/renshenqiepian/renshenqiepian_1634.jpg,人参(renshenqiepian),性味甘微苦微温；归脾肺心肾经；功效：大补元气、复脉固脱、补脾益肺、生津养血、安神。
external\cls_chinese_medicine/train/renshenqiepian/renshenqiepian_1346.jpg,人参(renshenqiepian),性味甘微苦微温；归脾肺心肾经；功效：大补元气、复脉固脱、补脾益肺、生津养血、安神。
external\cls_chinese_medicine/train/renshenqiepian/renshenqiepian_0710.jpg,人参(renshenqiepian),性味甘微苦微温；归脾肺心肾经；功效：大补元气、复脉固脱、补脾益肺、生津养血、安神。
external\cls_chinese_medicine/train/renshenqiepian/renshenqiepian_0034.jpg,人参(renshenqiepian),性味甘微苦微温；归脾肺心肾经；功效：大补元气、复脉固脱、补脾益肺、生津养血、安神。
external\cls_chinese_medicine/train/renshenqiepian/renshenqiepian_0264.jpg,人参(renshenqiepian),性味甘微苦微温；归脾肺心肾经；功效：大补元气、复脉固脱、补脾益肺、生津养血、安神。
external\cls_chinese_medicine/train/renshenqiepian/renshenqiepian_0932.jpg,人参(renshenqiepian),性味甘微苦微温；归脾肺心肾经；功效：大补元气、复脉固脱、补脾益肺、生津养血、安神。
external\cls_chinese_medicine/train/renshenqiepian/renshenqiepian_1395.jpg,人参(renshenqiepian),性味甘微苦微温；归脾肺心肾经；功效：大补元气、复脉固脱、补脾益肺、生津养血、安神。
external\cls_chinese_medicine/train/renshenqiepian/renshenqiepian_1661.jpg,人参(renshenqiepian),性味甘微苦微温；归脾肺心肾经；功效：大补元气、复脉固脱、补脾益肺、生津养血、安神。
external\cls_chinese_medicine/train/renshenqiepian/renshenqiepian_0567.jpg,人参(renshenqiepian),性味甘微苦微温；归脾肺心肾经；功效：大补元气、复脉固脱、补脾益肺、生津养血、安神。
external\cls_chinese_medicine/train/renshenqiepian/renshenqiepian_1613.jpg,人参(renshenqiepian),性味甘微苦微温；归脾肺心肾经；功效：大补元气、复脉固脱、补脾益肺、生津养血、安神。
external\cls_chinese_medicine/train/renshenqiepian/renshenqiepian_0145.jpg,人参(renshenqiepian),性味甘微苦微温；归脾肺心肾经；功效：大补元气、复脉固脱、补脾益肺、生津养血、安神。
external\cls_chinese_medicine/train/renshenqiepian/renshenqiepian_0033.jpg,人参(renshenqiepian),性味甘微苦微温；归脾肺心肾经；功效：大补元气、复脉固脱、补脾益肺、生津养血、安神。
external\cls_chinese_medicine/train/renshenqiepian/renshenqiepian_0628.jpg,人参(renshenqiepian),性味甘微苦微温；归脾肺心肾经；功效：大补元气、复脉固脱、补脾益肺、生津养血、安神。
external\cls_chinese_medicine/train/renshenqiepian/renshenqiepian_1289.jpg,人参(renshenqiepian),性味甘微苦微温；归脾肺心肾经；功效：大补元气、复脉固脱、补脾益肺、生津养血、安神。
external\cls_chinese_medicine/train/renshenqiepian/renshenqiepian_1467.jpg,人参(renshenqiepian),性味甘微苦微温；归脾肺心肾经；功效：大补元气、复脉固脱、补脾益肺、生津养血、安神。
external\cls_chinese_medicine/train/renshenqiepian/renshenqiepian_0285.jpg,人参(renshenqiepian),性味甘微苦微温；归脾肺心肾经；功效：大补元气、复脉固脱、补脾益肺、生津养血、安神。
external\cls_chinese_medicine/train/renshenqiepian/renshenqiepian_1041.jpg,人参(renshenqiepian),性味甘微苦微温；归脾肺心肾经；功效：大补元气、复脉固脱、补脾益肺、生津养血、安神。
external\cls_chinese_medicine/train/renshenqiepian/renshenqiepian_0372.jpg,人参(renshenqiepian),性味甘微苦微温；归脾肺心肾经；功效：大补元气、复脉固脱、补脾益肺、生津养血、安神。
external\cls_chinese_medicine/train/renshenqiepian/renshenqiepian_0075.jpg,人参(renshenqiepian),性味甘微苦微温；归脾肺心肾经；功效：大补元气、复脉固脱、补脾益肺、生津养血、安神。
external\cls_chinese_medicine/train/renshenqiepian/renshenqiepian_1053.jpg,人参(renshenqiepian),性味甘微苦微温；归脾肺心肾经；功效：大补元气、复脉固脱、补脾益肺、生津养血、安神。
external\cls_chinese_medicine/train/renshenqiepian/renshenqiepian_1013.jpg,人参(renshenqiepian),性味甘微苦微温；归脾肺心肾经；功效：大补元气、复脉固脱、补脾益肺、生津养血、安神。
external\cls_chinese_medicine/train/renshenqiepian/renshenqiepian_0275.jpg,人参(renshenqiepian),性味甘微苦微温；归脾肺心肾经；功效：大补元气、复脉固脱、补脾益肺、生津养血、安神。
external\cls_chinese_medicine/train/renshenqiepian/renshenqiepian_1391.jpg,人参(renshenqiepian),性味甘微苦微温；归脾肺心肾经；功效：大补元气、复脉固脱、补脾益肺、生津养血、安神。
external\cls_chinese_medicine/train/renshenqiepian/renshenqiepian_0504.jpg,人参(renshenqiepian),性味甘微苦微温；归脾肺心肾经；功效：大补元气、复脉固脱、补脾益肺、生津养血、安神。
external\cls_chinese_medicine/train/renshenqiepian/renshenqiepian_1498.jpg,人参(renshenqiepian),性味甘微苦微温；归脾肺心肾经；功效：大补元气、复脉固脱、补脾益肺、生津养血、安神。
external\cls_chinese_medicine/train/renshenqiepian/renshenqiepian_1506.jpg,人参(renshenqiepian),性味甘微苦微温；归脾肺心肾经；功效：大补元气、复脉固脱、补脾益肺、生津养血、安神。
external\cls_chinese_medicine/train/renshenqiepian/renshenqiepian_1420.jpg,人参(renshenqiepian),性味甘微苦微温；归脾肺心肾经；功效：大补元气、复脉固脱、补脾益肺、生津养血、安神。
external\cls_chinese_medicine/train/renshenqiepian/renshenqiepian_0313.jpg,人参(renshenqiepian),性味甘微苦微温；归脾肺心肾经；功效：大补元气、复脉固脱、补脾益肺、生津养血、安神。
external\cls_chinese_medicine/train/renshenqiepian/renshenqiepian_0027.jpg,人参(renshenqiepian),性味甘微苦微温；归脾肺心肾经；功效：大补元气、复脉固脱、补脾益肺、生津养血、安神。
external\cls_chinese_medicine/train/renshenqiepian/renshenqiepian_1472.jpg,人参(renshenqiepian),性味甘微苦微温；归脾肺心肾经；功效：大补元气、复脉固脱、补脾益肺、生津养血、安神。
external\cls_chinese_medicine/train/renshenqiepian/renshenqiepian_0037.jpg,人参(renshenqiepian),性味甘微苦微温；归脾肺心肾经；功效：大补元气、复脉固脱、补脾益肺、生津养血、安神。
external\cls_chinese_medicine/train/renshenqiepian/renshenqiepian_1340.jpg,人参(renshenqiepian),性味甘微苦微温；归脾肺心肾经；功效：大补元气、复脉固脱、补脾益肺、生津养血、安神。
external\cls_chinese_medicine/train/renshenqiepian/renshenqiepian_0453.jpg,人参(renshenqiepian),性味甘微苦微温；归脾肺心肾经；功效：大补元气、复脉固脱、补脾益肺、生津养血、安神。
external\cls_chinese_medicine/train/renshenqiepian/renshenqiepian_0699.jpg,人参(renshenqiepian),性味甘微苦微温；归脾肺心肾经；功效：大补元气、复脉固脱、补脾益肺、生津养血、安神。
external\cls_chinese_medicine/train/renshenqiepian/renshenqiepian_0648.jpg,人参(renshenqiepian),性味甘微苦微温；归脾肺心肾经；功效：大补元气、复脉固脱、补脾益肺、生津养血、安神。
external\cls_chinese_medicine/train/renshenqiepian/renshenqiepian_0700.jpg,人参(renshenqiepian),性味甘微苦微温；归脾肺心肾经；功效：大补元气、复脉固脱、补脾益肺、生津养血、安神。
external\cls_chinese_medicine/train/renshenqiepian/renshenqiepian_0369.jpg,人参(renshenqiepian),性味甘微苦微温；归脾肺心肾经；功效：大补元气、复脉固脱、补脾益肺、生津养血、安神。
external\cls_chinese_medicine/train/renshenqiepian/renshenqiepian_1590.jpg,人参(renshenqiepian),性味甘微苦微温；归脾肺心肾经；功效：大补元气、复脉固脱、补脾益肺、生津养血、安神。
external\cls_chinese_medicine/train/renshenqiepian/renshenqiepian_0942.jpg,人参(renshenqiepian),性味甘微苦微温；归脾肺心肾经；功效：大补元气、复脉固脱、补脾益肺、生津养血、安神。
external\cls_chinese_medicine/train/renshenqiepian/renshenqiepian_1020.jpg,人参(renshenqiepian),性味甘微苦微温；归脾肺心肾经；功效：大补元气、复脉固脱、补脾益肺、生津养血、安神。
external\cls_chinese_medicine/train/renshenqiepian/renshenqiepian_0384.jpg,人参(renshenqiepian),性味甘微苦微温；归脾肺心肾经；功效：大补元气、复脉固脱、补脾益肺、生津养血、安神。
external\cls_chinese_medicine/train/renshenqiepian/renshenqiepian_0830.jpg,人参(renshenqiepian),性味甘微苦微温；归脾肺心肾经；功效：大补元气、复脉固脱、补脾益肺、生津养血、安神。
external\cls_chinese_medicine/train/renshenqiepian/renshenqiepian_1015.jpg,人参(renshenqiepian),性味甘微苦微温；归脾肺心肾经；功效：大补元气、复脉固脱、补脾益肺、生津养血、安神。
external\cls_chinese_medicine/train/renshenqiepian/renshenqiepian_1110.jpg,人参(renshenqiepian),性味甘微苦微温；归脾肺心肾经；功效：大补元气、复脉固脱、补脾益肺、生津养血、安神。
external\cls_chinese_medicine/train/renshenqiepian/renshenqiepian_0134.jpg,人参(renshenqiepian),性味甘微苦微温；归脾肺心肾经；功效：大补元气、复脉固脱、补脾益肺、生津养血、安神。
external\cls_chinese_medicine/train/renshenqiepian/renshenqiepian_1564.jpg,人参(renshenqiepian),性味甘微苦微温；归脾肺心肾经；功效：大补元气、复脉固脱、补脾益肺、生津养血、安神。
external\cls_chinese_medicine/train/renshenqiepian/renshenqiepian_0359.jpg,人参(renshenqiepian),性味甘微苦微温；归脾肺心肾经；功效：大补元气、复脉固脱、补脾益肺、生津养血、安神。
external\cls_chinese_medicine/train/renshenqiepian/renshenqiepian_0071.jpg,人参(renshenqiepian),性味甘微苦微温；归脾肺心肾经；功效：大补元气、复脉固脱、补脾益肺、生津养血、安神。
external\cls_chinese_medicine/train/renshenqiepian/renshenqiepian_0065.jpg,人参(renshenqiepian),性味甘微苦微温；归脾肺心肾经；功效：大补元气、复脉固脱、补脾益肺、生津养血、安神。
external\cls_chinese_medicine/train/renshenqiepian/renshenqiepian_0431.jpg,人参(renshenqiepian),性味甘微苦微温；归脾肺心肾经；功效：大补元气、复脉固脱、补脾益肺、生津养血、安神。
external\cls_chinese_medicine/train/renshenqiepian/renshenqiepian_0661.jpg,人参(renshenqiepian),性味甘微苦微温；归脾肺心肾经；功效：大补元气、复脉固脱、补脾益肺、生津养血、安神。
external\cls_chinese_medicine/train/renshenqiepian/renshenqiepian_1137.jpg,人参(renshenqiepian),性味甘微苦微温；归脾肺心肾经；功效：大补元气、复脉固脱、补脾益肺、生津养血、安神。
external\cls_chinese_medicine/train/renshenqiepian/renshenqiepian_0791.jpg,人参(renshenqiepian),性味甘微苦微温；归脾肺心肾经；功效：大补元气、复脉固脱、补脾益肺、生津养血、安神。
external\cls_chinese_medicine/train/renshenqiepian/renshenqiepian_0614.jpg,人参(renshenqiepian),性味甘微苦微温；归脾肺心肾经；功效：大补元气、复脉固脱、补脾益肺、生津养血、安神。
external\cls_chinese_medicine/train/renshenqiepian/renshenqiepian_1347.jpg,人参(renshenqiepian),性味甘微苦微温；归脾肺心肾经；功效：大补元气、复脉固脱、补脾益肺、生津养血、安神。
external\cls_chinese_medicine/train/renshenqiepian/renshenqiepian_0371.jpg,人参(renshenqiepian),性味甘微苦微温；归脾肺心肾经；功效：大补元气、复脉固脱、补脾益肺、生津养血、安神。
external\cls_chinese_medicine/train/renshenqiepian/renshenqiepian_0435.jpg,人参(renshenqiepian),性味甘微苦微温；归脾肺心肾经；功效：大补元气、复脉固脱、补脾益肺、生津养血、安神。
external\cls_chinese_medicine/train/renshenqiepian/renshenqiepian_1155.jpg,人参(renshenqiepian),性味甘微苦微温；归脾肺心肾经；功效：大补元气、复脉固脱、补脾益肺、生津养血、安神。
external\cls_chinese_medicine/train/renshenqiepian/renshenqiepian_0949.jpg,人参(renshenqiepian),性味甘微苦微温；归脾肺心肾经；功效：大补元气、复脉固脱、补脾益肺、生津养血、安神。
external\cls_chinese_medicine/train/renshenqiepian/renshenqiepian_1655.jpg,人参(renshenqiepian),性味甘微苦微温；归脾肺心肾经；功效：大补元气、复脉固脱、补脾益肺、生津养血、安神。
external\cls_chinese_medicine/train/renshenqiepian/renshenqiepian_0425.jpg,人参(renshenqiepian),性味甘微苦微温；归脾肺心肾经；功效：大补元气、复脉固脱、补脾益肺、生津养血、安神。
external\cls_chinese_medicine/train/renshenqiepian/renshenqiepian_1175.jpg,人参(renshenqiepian),性味甘微苦微温；归脾肺心肾经；功效：大补元气、复脉固脱、补脾益肺、生津养血、安神。
external\cls_chinese_medicine/train/renshenqiepian/renshenqiepian_1298.jpg,人参(renshenqiepian),性味甘微苦微温；归脾肺心肾经；功效：大补元气、复脉固脱、补脾益肺、生津养血、安神。
external\cls_chinese_medicine/train/renshenqiepian/renshenqiepian_1107.jpg,人参(renshenqiepian),性味甘微苦微温；归脾肺心肾经；功效：大补元气、复脉固脱、补脾益肺、生津养血、安神。
external\cls_chinese_medicine/train/renshenqiepian/renshenqiepian_1453.jpg,人参(renshenqiepian),性味甘微苦微温；归脾肺心肾经；功效：大补元气、复脉固脱、补脾益肺、生津养血、安神。
external\cls_chinese_medicine/train/renshenqiepian/renshenqiepian_0393.jpg,人参(renshenqiepian),性味甘微苦微温；归脾肺心肾经；功效：大补元气、复脉固脱、补脾益肺、生津养血、安神。
external\cls_chinese_medicine/train/renshenqiepian/renshenqiepian_1609.jpg,人参(renshenqiepian),性味甘微苦微温；归脾肺心肾经；功效：大补元气、复脉固脱、补脾益肺、生津养血、安神。
external\cls_chinese_medicine/train/renshenqiepian/renshenqiepian_0778.jpg,人参(renshenqiepian),性味甘微苦微温；归脾肺心肾经；功效：大补元气、复脉固脱、补脾益肺、生津养血、安神。
external\cls_chinese_medicine/train/renshenqiepian/renshenqiepian_0944.jpg,人参(renshenqiepian),性味甘微苦微温；归脾肺心肾经；功效：大补元气、复脉固脱、补脾益肺、生津养血、安神。
external\cls_chinese_medicine/train/renshenqiepian/renshenqiepian_0852.jpg,人参(renshenqiepian),性味甘微苦微温；归脾肺心肾经；功效：大补元气、复脉固脱、补脾益肺、生津养血、安神。
external\cls_chinese_medicine/train/renshenqiepian/renshenqiepian_1355.jpg,人参(renshenqiepian),性味甘微苦微温；归脾肺心肾经；功效：大补元气、复脉固脱、补脾益肺、生津养血、安神。
external\cls_chinese_medicine/train/renshenqiepian/renshenqiepian_0989.jpg,人参(renshenqiepian),性味甘微苦微温；归脾肺心肾经；功效：大补元气、复脉固脱、补脾益肺、生津养血、安神。
external\cls_chinese_medicine/train/renshenqiepian/renshenqiepian_1483.jpg,人参(renshenqiepian),性味甘微苦微温；归脾肺心肾经；功效：大补元气、复脉固脱、补脾益肺、生津养血、安神。
external\cls_chinese_medicine/train/renshenqiepian/renshenqiepian_0641.jpg,人参(renshenqiepian),性味甘微苦微温；归脾肺心肾经；功效：大补元气、复脉固脱、补脾益肺、生津养血、安神。
external\cls_chinese_medicine/train/renshenqiepian/renshenqiepian_0943.jpg,人参(renshenqiepian),性味甘微苦微温；归脾肺心肾经；功效：大补元气、复脉固脱、补脾益肺、生津养血、安神。
external\cls_chinese_medicine/train/renshenqiepian/renshenqiepian_1327.jpg,人参(renshenqiepian),性味甘微苦微温；归脾肺心肾经；功效：大补元气、复脉固脱、补脾益肺、生津养血、安神。
external\cls_chinese_medicine/train/renshenqiepian/renshenqiepian_0195.jpg,人参(renshenqiepian),性味甘微苦微温；归脾肺心肾经；功效：大补元气、复脉固脱、补脾益肺、生津养血、安神。
external\cls_chinese_medicine/train/renshenqiepian/renshenqiepian_0173.jpg,人参(renshenqiepian),性味甘微苦微温；归脾肺心肾经；功效：大补元气、复脉固脱、补脾益肺、生津养血、安神。
external\cls_chinese_medicine/train/renshenqiepian/renshenqiepian_1390.jpg,人参(renshenqiepian),性味甘微苦微温；归脾肺心肾经；功效：大补元气、复脉固脱、补脾益肺、生津养血、安神。
external\cls_chinese_medicine/train/renshenqiepian/renshenqiepian_0055.jpg,人参(renshenqiepian),性味甘微苦微温；归脾肺心肾经；功效：大补元气、复脉固脱、补脾益肺、生津养血、安神。
external\cls_chinese_medicine/train/renshenqiepian/renshenqiepian_0738.jpg,人参(renshenqiepian),性味甘微苦微温；归脾肺心肾经；功效：大补元气、复脉固脱、补脾益肺、生津养血、安神。
external\cls_chinese_medicine/train/renshenqiepian/renshenqiepian_0842.jpg,人参(renshenqiepian),性味甘微苦微温；归脾肺心肾经；功效：大补元气、复脉固脱、补脾益肺、生津养血、安神。
external\cls_chinese_medicine/train/renshenqiepian/renshenqiepian_0232.jpg,人参(renshenqiepian),性味甘微苦微温；归脾肺心肾经；功效：大补元气、复脉固脱、补脾益肺、生津养血、安神。
external\cls_chinese_medicine/train/renshenqiepian/renshenqiepian_0348.jpg,人参(renshenqiepian),性味甘微苦微温；归脾肺心肾经；功效：大补元气、复脉固脱、补脾益肺、生津养血、安神。
external\cls_chinese_medicine/train/renshenqiepian/renshenqiepian_1220.jpg,人参(renshenqiepian),性味甘微苦微温；归脾肺心肾经；功效：大补元气、复脉固脱、补脾益肺、生津养血、安神。
external\cls_chinese_medicine/train/renshenqiepian/renshenqiepian_0321.jpg,人参(renshenqiepian),性味甘微苦微温；归脾肺心肾经；功效：大补元气、复脉固脱、补脾益肺、生津养血、安神。
external\cls_chinese_medicine/train/renshenqiepian/renshenqiepian_0554.jpg,人参(renshenqiepian),性味甘微苦微温；归脾肺心肾经；功效：大补元气、复脉固脱、补脾益肺、生津养血、安神。
external\cls_chinese_medicine/train/renshenqiepian/renshenqiepian_0440.jpg,人参(renshenqiepian),性味甘微苦微温；归脾肺心肾经；功效：大补元气、复脉固脱、补脾益肺、生津养血、安神。
external\cls_chinese_medicine/train/renshenqiepian/renshenqiepian_1012.jpg,人参(renshenqiepian),性味甘微苦微温；归脾肺心肾经；功效：大补元气、复脉固脱、补脾益肺、生津养血、安神。
external\cls_chinese_medicine/train/renshenqiepian/renshenqiepian_0625.jpg,人参(renshenqiepian),性味甘微苦微温；归脾肺心肾经；功效：大补元气、复脉固脱、补脾益肺、生津养血、安神。
external\cls_chinese_medicine/train/renshenqiepian/renshenqiepian_0849.jpg,人参(renshenqiepian),性味甘微苦微温；归脾肺心肾经；功效：大补元气、复脉固脱、补脾益肺、生津养血、安神。
external\cls_chinese_medicine/train/renshenqiepian/renshenqiepian_0925.jpg,人参(renshenqiepian),性味甘微苦微温；归脾肺心肾经；功效：大补元气、复脉固脱、补脾益肺、生津养血、安神。
external\cls_chinese_medicine/train/renshenqiepian/renshenqiepian_1252.jpg,人参(renshenqiepian),性味甘微苦微温；归脾肺心肾经；功效：大补元气、复脉固脱、补脾益肺、生津养血、安神。
external\cls_chinese_medicine/train/renshenqiepian/renshenqiepian_0512.jpg,人参(renshenqiepian),性味甘微苦微温；归脾肺心肾经；功效：大补元气、复脉固脱、补脾益肺、生津养血、安神。
external\cls_chinese_medicine/train/renshenqiepian/renshenqiepian_0642.jpg,人参(renshenqiepian),性味甘微苦微温；归脾肺心肾经；功效：大补元气、复脉固脱、补脾益肺、生津养血、安神。
external\cls_chinese_medicine/train/renshenqiepian/renshenqiepian_0436.jpg,人参(renshenqiepian),性味甘微苦微温；归脾肺心肾经；功效：大补元气、复脉固脱、补脾益肺、生津养血、安神。
external\cls_chinese_medicine/train/renshenqiepian/renshenqiepian_0792.jpg,人参(renshenqiepian),性味甘微苦微温；归脾肺心肾经；功效：大补元气、复脉固脱、补脾益肺、生津养血、安神。
external\cls_chinese_medicine/train/renshenqiepian/renshenqiepian_0312.jpg,人参(renshenqiepian),性味甘微苦微温；归脾肺心肾经；功效：大补元气、复脉固脱、补脾益肺、生津养血、安神。
external\cls_chinese_medicine/train/renshenqiepian/renshenqiepian_0117.jpg,人参(renshenqiepian),性味甘微苦微温；归脾肺心肾经；功效：大补元气、复脉固脱、补脾益肺、生津养血、安神。
external\cls_chinese_medicine/train/renshenqiepian/renshenqiepian_1508.jpg,人参(renshenqiepian),性味甘微苦微温；归脾肺心肾经；功效：大补元气、复脉固脱、补脾益肺、生津养血、安神。
external\cls_chinese_medicine/train/renshenqiepian/renshenqiepian_0681.jpg,人参(renshenqiepian),性味甘微苦微温；归脾肺心肾经；功效：大补元气、复脉固脱、补脾益肺、生津养血、安神。
external\cls_chinese_medicine/train/renshenqiepian/renshenqiepian_0565.jpg,人参(renshenqiepian),性味甘微苦微温；归脾肺心肾经；功效：大补元气、复脉固脱、补脾益肺、生津养血、安神。
external\cls_chinese_medicine/train/renshenqiepian/renshenqiepian_0179.jpg,人参(renshenqiepian),性味甘微苦微温；归脾肺心肾经；功效：大补元气、复脉固脱、补脾益肺、生津养血、安神。
external\cls_chinese_medicine/train/renshenqiepian/renshenqiepian_0370.jpg,人参(renshenqiepian),性味甘微苦微温；归脾肺心肾经；功效：大补元气、复脉固脱、补脾益肺、生津养血、安神。
external\cls_chinese_medicine/train/renshenqiepian/renshenqiepian_0401.jpg,人参(renshenqiepian),性味甘微苦微温；归脾肺心肾经；功效：大补元气、复脉固脱、补脾益肺、生津养血、安神。
external\cls_chinese_medicine/train/renshenqiepian/renshenqiepian_0756.jpg,人参(renshenqiepian),性味甘微苦微温；归脾肺心肾经；功效：大补元气、复脉固脱、补脾益肺、生津养血、安神。
external\cls_chinese_medicine/train/renshenqiepian/renshenqiepian_1659.jpg,人参(renshenqiepian),性味甘微苦微温；归脾肺心肾经；功效：大补元气、复脉固脱、补脾益肺、生津养血、安神。
external\cls_chinese_medicine/train/renshenqiepian/renshenqiepian_0057.jpg,人参(renshenqiepian),性味甘微苦微温；归脾肺心肾经；功效：大补元气、复脉固脱、补脾益肺、生津养血、安神。
external\cls_chinese_medicine/train/renshenqiepian/renshenqiepian_0076.jpg,人参(renshenqiepian),性味甘微苦微温；归脾肺心肾经；功效：大补元气、复脉固脱、补脾益肺、生津养血、安神。
external\cls_chinese_medicine/train/renshenqiepian/renshenqiepian_0917.jpg,人参(renshenqiepian),性味甘微苦微温；归脾肺心肾经；功效：大补元气、复脉固脱、补脾益肺、生津养血、安神。
external\cls_chinese_medicine/train/renshenqiepian/renshenqiepian_0851.jpg,人参(renshenqiepian),性味甘微苦微温；归脾肺心肾经；功效：大补元气、复脉固脱、补脾益肺、生津养血、安神。
external\cls_chinese_medicine/train/renshenqiepian/renshenqiepian_0083.jpg,人参(renshenqiepian),性味甘微苦微温；归脾肺心肾经；功效：大补元气、复脉固脱、补脾益肺、生津养血、安神。
external\cls_chinese_medicine/train/renshenqiepian/renshenqiepian_0215.jpg,人参(renshenqiepian),性味甘微苦微温；归脾肺心肾经；功效：大补元气、复脉固脱、补脾益肺、生津养血、安神。
external\cls_chinese_medicine/train/renshenqiepian/renshenqiepian_0556.jpg,人参(renshenqiepian),性味甘微苦微温；归脾肺心肾经；功效：大补元气、复脉固脱、补脾益肺、生津养血、安神。
external\cls_chinese_medicine/train/renshenqiepian/renshenqiepian_0402.jpg,人参(renshenqiepian),性味甘微苦微温；归脾肺心肾经；功效：大补元气、复脉固脱、补脾益肺、生津养血、安神。
external\cls_chinese_medicine/train/renshenqiepian/renshenqiepian_0449.jpg,人参(renshenqiepian),性味甘微苦微温；归脾肺心肾经；功效：大补元气、复脉固脱、补脾益肺、生津养血、安神。
external\cls_chinese_medicine/train/renshenqiepian/renshenqiepian_0472.jpg,人参(renshenqiepian),性味甘微苦微温；归脾肺心肾经；功效：大补元气、复脉固脱、补脾益肺、生津养血、安神。
external\cls_chinese_medicine/train/renshenqiepian/renshenqiepian_1576.jpg,人参(renshenqiepian),性味甘微苦微温；归脾肺心肾经；功效：大补元气、复脉固脱、补脾益肺、生津养血、安神。
external\cls_chinese_medicine/train/renshenqiepian/renshenqiepian_0132.jpg,人参(renshenqiepian),性味甘微苦微温；归脾肺心肾经；功效：大补元气、复脉固脱、补脾益肺、生津养血、安神。
external\cls_chinese_medicine/train/renshenqiepian/renshenqiepian_0273.jpg,人参(renshenqiepian),性味甘微苦微温；归脾肺心肾经；功效：大补元气、复脉固脱、补脾益肺、生津养血、安神。
external\cls_chinese_medicine/train/renshenqiepian/renshenqiepian_0820.jpg,人参(renshenqiepian),性味甘微苦微温；归脾肺心肾经；功效：大补元气、复脉固脱、补脾益肺、生津养血、安神。
external\cls_chinese_medicine/train/renshenqiepian/renshenqiepian_0399.jpg,人参(renshenqiepian),性味甘微苦微温；归脾肺心肾经；功效：大补元气、复脉固脱、补脾益肺、生津养血、安神。
external\cls_chinese_medicine/train/renshenqiepian/renshenqiepian_0907.jpg,人参(renshenqiepian),性味甘微苦微温；归脾肺心肾经；功效：大补元气、复脉固脱、补脾益肺、生津养血、安神。
external\cls_chinese_medicine/train/renshenqiepian/renshenqiepian_0252.jpg,人参(renshenqiepian),性味甘微苦微温；归脾肺心肾经；功效：大补元气、复脉固脱、补脾益肺、生津养血、安神。
external\cls_chinese_medicine/train/renshenqiepian/renshenqiepian_1324.jpg,人参(renshenqiepian),性味甘微苦微温；归脾肺心肾经；功效：大补元气、复脉固脱、补脾益肺、生津养血、安神。
external\cls_chinese_medicine/train/renshenqiepian/renshenqiepian_0639.jpg,人参(renshenqiepian),性味甘微苦微温；归脾肺心肾经；功效：大补元气、复脉固脱、补脾益肺、生津养血、安神。
external\cls_chinese_medicine/train/renshenqiepian/renshenqiepian_0073.jpg,人参(renshenqiepian),性味甘微苦微温；归脾肺心肾经；功效：大补元气、复脉固脱、补脾益肺、生津养血、安神。
external\cls_chinese_medicine/train/renshenqiepian/renshenqiepian_0442.jpg,人参(renshenqiepian),性味甘微苦微温；归脾肺心肾经；功效：大补元气、复脉固脱、补脾益肺、生津养血、安神。
external\cls_chinese_medicine/train/renshenqiepian/renshenqiepian_0151.jpg,人参(renshenqiepian),性味甘微苦微温；归脾肺心肾经；功效：大补元气、复脉固脱、补脾益肺、生津养血、安神。
external\cls_chinese_medicine/train/renshenqiepian/renshenqiepian_0801.jpg,人参(renshenqiepian),性味甘微苦微温；归脾肺心肾经；功效：大补元气、复脉固脱、补脾益肺、生津养血、安神。
external\cls_chinese_medicine/train/renshenqiepian/renshenqiepian_0960.jpg,人参(renshenqiepian),性味甘微苦微温；归脾肺心肾经；功效：大补元气、复脉固脱、补脾益肺、生津养血、安神。
external\cls_chinese_medicine/train/renshenqiepian/renshenqiepian_0548.jpg,人参(renshenqiepian),性味甘微苦微温；归脾肺心肾经；功效：大补元气、复脉固脱、补脾益肺、生津养血、安神。
external\cls_chinese_medicine/train/renshenqiepian/renshenqiepian_1021.jpg,人参(renshenqiepian),性味甘微苦微温；归脾肺心肾经；功效：大补元气、复脉固脱、补脾益肺、生津养血、安神。
external\cls_chinese_medicine/train/renshenqiepian/renshenqiepian_0196.jpg,人参(renshenqiepian),性味甘微苦微温；归脾肺心肾经；功效：大补元气、复脉固脱、补脾益肺、生津养血、安神。
external\cls_chinese_medicine/train/renshenqiepian/renshenqiepian_0260.jpg,人参(renshenqiepian),性味甘微苦微温；归脾肺心肾经；功效：大补元气、复脉固脱、补脾益肺、生津养血、安神。
external\cls_chinese_medicine/train/renshenqiepian/renshenqiepian_1185.jpg,人参(renshenqiepian),性味甘微苦微温；归脾肺心肾经；功效：大补元气、复脉固脱、补脾益肺、生津养血、安神。
external\cls_chinese_medicine/train/renshenqiepian/renshenqiepian_0324.jpg,人参(renshenqiepian),性味甘微苦微温；归脾肺心肾经；功效：大补元气、复脉固脱、补脾益肺、生津养血、安神。
external\cls_chinese_medicine/train/renshenqiepian/renshenqiepian_0650.jpg,人参(renshenqiepian),性味甘微苦微温；归脾肺心肾经；功效：大补元气、复脉固脱、补脾益肺、生津养血、安神。
external\cls_chinese_medicine/train/renshenqiepian/renshenqiepian_1112.jpg,人参(renshenqiepian),性味甘微苦微温；归脾肺心肾经；功效：大补元气、复脉固脱、补脾益肺、生津养血、安神。
external\cls_chinese_medicine/train/renshenqiepian/renshenqiepian_1412.jpg,人参(renshenqiepian),性味甘微苦微温；归脾肺心肾经；功效：大补元气、复脉固脱、补脾益肺、生津养血、安神。
external\cls_chinese_medicine/train/renshenqiepian/renshenqiepian_0540.jpg,人参(renshenqiepian),性味甘微苦微温；归脾肺心肾经；功效：大补元气、复脉固脱、补脾益肺、生津养血、安神。
external\cls_chinese_medicine/train/renshenqiepian/renshenqiepian_1436.jpg,人参(renshenqiepian),性味甘微苦微温；归脾肺心肾经；功效：大补元气、复脉固脱、补脾益肺、生津养血、安神。
external\cls_chinese_medicine/train/renshenqiepian/renshenqiepian_0400.jpg,人参(renshenqiepian),性味甘微苦微温；归脾肺心肾经；功效：大补元气、复脉固脱、补脾益肺、生津养血、安神。
external\cls_chinese_medicine/train/renshenqiepian/renshenqiepian_0447.jpg,人参(renshenqiepian),性味甘微苦微温；归脾肺心肾经；功效：大补元气、复脉固脱、补脾益肺、生津养血、安神。
external\cls_chinese_medicine/train/renshenqiepian/renshenqiepian_0284.jpg,人参(renshenqiepian),性味甘微苦微温；归脾肺心肾经；功效：大补元气、复脉固脱、补脾益肺、生津养血、安神。
external\cls_chinese_medicine/train/renshenqiepian/renshenqiepian_1379.jpg,人参(renshenqiepian),性味甘微苦微温；归脾肺心肾经；功效：大补元气、复脉固脱、补脾益肺、生津养血、安神。
external\cls_chinese_medicine/train/renshenqiepian/renshenqiepian_1245.jpg,人参(renshenqiepian),性味甘微苦微温；归脾肺心肾经；功效：大补元气、复脉固脱、补脾益肺、生津养血、安神。
external\cls_chinese_medicine/train/renshenqiepian/renshenqiepian_0985.jpg,人参(renshenqiepian),性味甘微苦微温；归脾肺心肾经；功效：大补元气、复脉固脱、补脾益肺、生津养血、安神。
external\cls_chinese_medicine/train/renshenqiepian/renshenqiepian_0340.jpg,人参(renshenqiepian),性味甘微苦微温；归脾肺心肾经；功效：大补元气、复脉固脱、补脾益肺、生津养血、安神。
external\cls_chinese_medicine/train/renshenqiepian/renshenqiepian_0745.jpg,人参(renshenqiepian),性味甘微苦微温；归脾肺心肾经；功效：大补元气、复脉固脱、补脾益肺、生津养血、安神。
external\cls_chinese_medicine/train/renshenqiepian/renshenqiepian_0184.jpg,人参(renshenqiepian),性味甘微苦微温；归脾肺心肾经；功效：大补元气、复脉固脱、补脾益肺、生津养血、安神。
external\cls_chinese_medicine/train/renshenqiepian/renshenqiepian_0882.jpg,人参(renshenqiepian),性味甘微苦微温；归脾肺心肾经；功效：大补元气、复脉固脱、补脾益肺、生津养血、安神。
external\cls_chinese_medicine/train/renshenqiepian/renshenqiepian_0726.jpg,人参(renshenqiepian),性味甘微苦微温；归脾肺心肾经；功效：大补元气、复脉固脱、补脾益肺、生津养血、安神。
external\cls_chinese_medicine/train/renshenqiepian/renshenqiepian_1256.jpg,人参(renshenqiepian),性味甘微苦微温；归脾肺心肾经；功效：大补元气、复脉固脱、补脾益肺、生津养血、安神。
external\cls_chinese_medicine/train/renshenqiepian/renshenqiepian_1149.jpg,人参(renshenqiepian),性味甘微苦微温；归脾肺心肾经；功效：大补元气、复脉固脱、补脾益肺、生津养血、安神。
external\cls_chinese_medicine/train/renshenqiepian/renshenqiepian_0823.jpg,人参(renshenqiepian),性味甘微苦微温；归脾肺心肾经；功效：大补元气、复脉固脱、补脾益肺、生津养血、安神。
external\cls_chinese_medicine/train/renshenqiepian/renshenqiepian_0549.jpg,人参(renshenqiepian),性味甘微苦微温；归脾肺心肾经；功效：大补元气、复脉固脱、补脾益肺、生津养血、安神。
external\cls_chinese_medicine/train/renshenqiepian/renshenqiepian_1192.jpg,人参(renshenqiepian),性味甘微苦微温；归脾肺心肾经；功效：大补元气、复脉固脱、补脾益肺、生津养血、安神。
external\cls_chinese_medicine/train/renshenqiepian/renshenqiepian_0575.jpg,人参(renshenqiepian),性味甘微苦微温；归脾肺心肾经；功效：大补元气、复脉固脱、补脾益肺、生津养血、安神。
external\cls_chinese_medicine/train/renshenqiepian/renshenqiepian_0901.jpg,人参(renshenqiepian),性味甘微苦微温；归脾肺心肾经；功效：大补元气、复脉固脱、补脾益肺、生津养血、安神。
external\cls_chinese_medicine/train/renshenqiepian/renshenqiepian_0304.jpg,人参(renshenqiepian),性味甘微苦微温；归脾肺心肾经；功效：大补元气、复脉固脱、补脾益肺、生津养血、安神。
external\cls_chinese_medicine/train/renshenqiepian/renshenqiepian_0315.jpg,人参(renshenqiepian),性味甘微苦微温；归脾肺心肾经；功效：大补元气、复脉固脱、补脾益肺、生津养血、安神。
external\cls_chinese_medicine/train/renshenqiepian/renshenqiepian_0181.jpg,人参(renshenqiepian),性味甘微苦微温；归脾肺心肾经；功效：大补元气、复脉固脱、补脾益肺、生津养血、安神。
external\cls_chinese_medicine/train/renshenqiepian/renshenqiepian_1133.jpg,人参(renshenqiepian),性味甘微苦微温；归脾肺心肾经；功效：大补元气、复脉固脱、补脾益肺、生津养血、安神。
external\cls_chinese_medicine/train/renshenqiepian/renshenqiepian_1096.jpg,人参(renshenqiepian),性味甘微苦微温；归脾肺心肾经；功效：大补元气、复脉固脱、补脾益肺、生津养血、安神。
external\cls_chinese_medicine/train/renshenqiepian/renshenqiepian_0288.jpg,人参(renshenqiepian),性味甘微苦微温；归脾肺心肾经；功效：大补元气、复脉固脱、补脾益肺、生津养血、安神。
external\cls_chinese_medicine/train/renshenqiepian/renshenqiepian_0050.jpg,人参(renshenqiepian),性味甘微苦微温；归脾肺心肾经；功效：大补元气、复脉固脱、补脾益肺、生津养血、安神。
external\cls_chinese_medicine/train/renshenqiepian/renshenqiepian_1491.jpg,人参(renshenqiepian),性味甘微苦微温；归脾肺心肾经；功效：大补元气、复脉固脱、补脾益肺、生津养血、安神。
external\cls_chinese_medicine/train/renshenqiepian/renshenqiepian_0289.jpg,人参(renshenqiepian),性味甘微苦微温；归脾肺心肾经；功效：大补元气、复脉固脱、补脾益肺、生津养血、安神。
external\cls_chinese_medicine/train/renshenqiepian/renshenqiepian_1052.jpg,人参(renshenqiepian),性味甘微苦微温；归脾肺心肾经；功效：大补元气、复脉固脱、补脾益肺、生津养血、安神。
external\cls_chinese_medicine/train/renshenqiepian/renshenqiepian_1447.jpg,人参(renshenqiepian),性味甘微苦微温；归脾肺心肾经；功效：大补元气、复脉固脱、补脾益肺、生津养血、安神。
external\cls_chinese_medicine/train/renshenqiepian/renshenqiepian_0250.jpg,人参(renshenqiepian),性味甘微苦微温；归脾肺心肾经；功效：大补元气、复脉固脱、补脾益肺、生津养血、安神。
external\cls_chinese_medicine/train/renshenqiepian/renshenqiepian_0877.jpg,人参(renshenqiepian),性味甘微苦微温；归脾肺心肾经；功效：大补元气、复脉固脱、补脾益肺、生津养血、安神。
external\cls_chinese_medicine/train/renshenqiepian/renshenqiepian_0253.jpg,人参(renshenqiepian),性味甘微苦微温；归脾肺心肾经；功效：大补元气、复脉固脱、补脾益肺、生津养血、安神。
external\cls_chinese_medicine/train/renshenqiepian/renshenqiepian_1597.jpg,人参(renshenqiepian),性味甘微苦微温；归脾肺心肾经；功效：大补元气、复脉固脱、补脾益肺、生津养血、安神。
external\cls_chinese_medicine/train/renshenqiepian/renshenqiepian_1081.jpg,人参(renshenqiepian),性味甘微苦微温；归脾肺心肾经；功效：大补元气、复脉固脱、补脾益肺、生津养血、安神。
external\cls_chinese_medicine/train/renshenqiepian/renshenqiepian_0123.jpg,人参(renshenqiepian),性味甘微苦微温；归脾肺心肾经；功效：大补元气、复脉固脱、补脾益肺、生津养血、安神。
external\cls_chinese_medicine/train/renshenqiepian/renshenqiepian_1587.jpg,人参(renshenqiepian),性味甘微苦微温；归脾肺心肾经；功效：大补元气、复脉固脱、补脾益肺、生津养血、安神。
external\cls_chinese_medicine/train/renshenqiepian/renshenqiepian_1233.jpg,人参(renshenqiepian),性味甘微苦微温；归脾肺心肾经；功效：大补元气、复脉固脱、补脾益肺、生津养血、安神。
external\cls_chinese_medicine/train/renshenqiepian/renshenqiepian_1413.jpg,人参(renshenqiepian),性味甘微苦微温；归脾肺心肾经；功效：大补元气、复脉固脱、补脾益肺、生津养血、安神。
external\cls_chinese_medicine/train/renshenqiepian/renshenqiepian_0186.jpg,人参(renshenqiepian),性味甘微苦微温；归脾肺心肾经；功效：大补元气、复脉固脱、补脾益肺、生津养血、安神。
external\cls_chinese_medicine/train/renshenqiepian/renshenqiepian_1071.jpg,人参(renshenqiepian),性味甘微苦微温；归脾肺心肾经；功效：大补元气、复脉固脱、补脾益肺、生津养血、安神。
external\cls_chinese_medicine/train/renshenqiepian/renshenqiepian_0992.jpg,人参(renshenqiepian),性味甘微苦微温；归脾肺心肾经；功效：大补元气、复脉固脱、补脾益肺、生津养血、安神。
external\cls_chinese_medicine/train/renshenqiepian/renshenqiepian_0390.jpg,人参(renshenqiepian),性味甘微苦微温；归脾肺心肾经；功效：大补元气、复脉固脱、补脾益肺、生津养血、安神。
external\cls_chinese_medicine/train/renshenqiepian/renshenqiepian_0871.jpg,人参(renshenqiepian),性味甘微苦微温；归脾肺心肾经；功效：大补元气、复脉固脱、补脾益肺、生津养血、安神。
external\cls_chinese_medicine/train/renshenqiepian/renshenqiepian_0085.jpg,人参(renshenqiepian),性味甘微苦微温；归脾肺心肾经；功效：大补元气、复脉固脱、补脾益肺、生津养血、安神。
external\cls_chinese_medicine/train/renshenqiepian/renshenqiepian_0349.jpg,人参(renshenqiepian),性味甘微苦微温；归脾肺心肾经；功效：大补元气、复脉固脱、补脾益肺、生津养血、安神。
external\cls_chinese_medicine/train/renshenqiepian/renshenqiepian_1533.jpg,人参(renshenqiepian),性味甘微苦微温；归脾肺心肾经；功效：大补元气、复脉固脱、补脾益肺、生津养血、安神。
external\cls_chinese_medicine/train/renshenqiepian/renshenqiepian_0747.jpg,人参(renshenqiepian),性味甘微苦微温；归脾肺心肾经；功效：大补元气、复脉固脱、补脾益肺、生津养血、安神。
external\cls_chinese_medicine/train/renshenqiepian/renshenqiepian_0458.jpg,人参(renshenqiepian),性味甘微苦微温；归脾肺心肾经；功效：大补元气、复脉固脱、补脾益肺、生津养血、安神。
external\cls_chinese_medicine/train/renshenqiepian/renshenqiepian_0385.jpg,人参(renshenqiepian),性味甘微苦微温；归脾肺心肾经；功效：大补元气、复脉固脱、补脾益肺、生津养血、安神。
external\cls_chinese_medicine/train/renshenqiepian/renshenqiepian_0606.jpg,人参(renshenqiepian),性味甘微苦微温；归脾肺心肾经；功效：大补元气、复脉固脱、补脾益肺、生津养血、安神。
external\cls_chinese_medicine/train/renshenqiepian/renshenqiepian_0210.jpg,人参(renshenqiepian),性味甘微苦微温；归脾肺心肾经；功效：大补元气、复脉固脱、补脾益肺、生津养血、安神。
external\cls_chinese_medicine/train/renshenqiepian/renshenqiepian_0018.jpg,人参(renshenqiepian),性味甘微苦微温；归脾肺心肾经；功效：大补元气、复脉固脱、补脾益肺、生津养血、安神。
external\cls_chinese_medicine/train/renshenqiepian/renshenqiepian_0755.jpg,人参(renshenqiepian),性味甘微苦微温；归脾肺心肾经；功效：大补元气、复脉固脱、补脾益肺、生津养血、安神。
external\cls_chinese_medicine/train/renshenqiepian/renshenqiepian_0713.jpg,人参(renshenqiepian),性味甘微苦微温；归脾肺心肾经；功效：大补元气、复脉固脱、补脾益肺、生津养血、安神。
external\cls_chinese_medicine/train/renshenqiepian/renshenqiepian_0550.jpg,人参(renshenqiepian),性味甘微苦微温；归脾肺心肾经；功效：大补元气、复脉固脱、补脾益肺、生津养血、安神。
external\cls_chinese_medicine/train/renshenqiepian/renshenqiepian_0680.jpg,人参(renshenqiepian),性味甘微苦微温；归脾肺心肾经；功效：大补元气、复脉固脱、补脾益肺、生津养血、安神。
external\cls_chinese_medicine/train/renshenqiepian/renshenqiepian_1104.jpg,人参(renshenqiepian),性味甘微苦微温；归脾肺心肾经；功效：大补元气、复脉固脱、补脾益肺、生津养血、安神。
external\cls_chinese_medicine/train/renshenqiepian/renshenqiepian_1199.jpg,人参(renshenqiepian),性味甘微苦微温；归脾肺心肾经；功效：大补元气、复脉固脱、补脾益肺、生津养血、安神。
external\cls_chinese_medicine/train/renshenqiepian/renshenqiepian_0356.jpg,人参(renshenqiepian),性味甘微苦微温；归脾肺心肾经；功效：大补元气、复脉固脱、补脾益肺、生津养血、安神。
external\cls_chinese_medicine/train/renshenqiepian/renshenqiepian_0607.jpg,人参(renshenqiepian),性味甘微苦微温；归脾肺心肾经；功效：大补元气、复脉固脱、补脾益肺、生津养血、安神。
external\cls_chinese_medicine/train/renshenqiepian/renshenqiepian_0875.jpg,人参(renshenqiepian),性味甘微苦微温；归脾肺心肾经；功效：大补元气、复脉固脱、补脾益肺、生津养血、安神。
external\cls_chinese_medicine/train/renshenqiepian/renshenqiepian_0617.jpg,人参(renshenqiepian),性味甘微苦微温；归脾肺心肾经；功效：大补元气、复脉固脱、补脾益肺、生津养血、安神。
external\cls_chinese_medicine/train/renshenqiepian/renshenqiepian_0507.jpg,人参(renshenqiepian),性味甘微苦微温；归脾肺心肾经；功效：大补元气、复脉固脱、补脾益肺、生津养血、安神。
external\cls_chinese_medicine/train/renshenqiepian/renshenqiepian_0501.jpg,人参(renshenqiepian),性味甘微苦微温；归脾肺心肾经；功效：大补元气、复脉固脱、补脾益肺、生津养血、安神。
external\cls_chinese_medicine/train/renshenqiepian/renshenqiepian_0211.jpg,人参(renshenqiepian),性味甘微苦微温；归脾肺心肾经；功效：大补元气、复脉固脱、补脾益肺、生津养血、安神。
external\cls_chinese_medicine/train/renshenqiepian/renshenqiepian_1167.jpg,人参(renshenqiepian),性味甘微苦微温；归脾肺心肾经；功效：大补元气、复脉固脱、补脾益肺、生津养血、安神。
external\cls_chinese_medicine/train/renshenqiepian/renshenqiepian_1385.jpg,人参(renshenqiepian),性味甘微苦微温；归脾肺心肾经；功效：大补元气、复脉固脱、补脾益肺、生津养血、安神。
external\cls_chinese_medicine/train/renshenqiepian/renshenqiepian_1198.jpg,人参(renshenqiepian),性味甘微苦微温；归脾肺心肾经；功效：大补元气、复脉固脱、补脾益肺、生津养血、安神。
external\cls_chinese_medicine/train/renshenqiepian/renshenqiepian_0505.jpg,人参(renshenqiepian),性味甘微苦微温；归脾肺心肾经；功效：大补元气、复脉固脱、补脾益肺、生津养血、安神。
external\cls_chinese_medicine/train/renshenqiepian/renshenqiepian_0490.jpg,人参(renshenqiepian),性味甘微苦微温；归脾肺心肾经；功效：大补元气、复脉固脱、补脾益肺、生津养血、安神。
external\cls_chinese_medicine/train/renshenqiepian/renshenqiepian_0318.jpg,人参(renshenqiepian),性味甘微苦微温；归脾肺心肾经；功效：大补元气、复脉固脱、补脾益肺、生津养血、安神。
external\cls_chinese_medicine/train/renshenqiepian/renshenqiepian_0831.jpg,人参(renshenqiepian),性味甘微苦微温；归脾肺心肾经；功效：大补元气、复脉固脱、补脾益肺、生津养血、安神。
external\cls_chinese_medicine/train/renshenqiepian/renshenqiepian_0528.jpg,人参(renshenqiepian),性味甘微苦微温；归脾肺心肾经；功效：大补元气、复脉固脱、补脾益肺、生津养血、安神。
external\cls_chinese_medicine/train/renshenqiepian/renshenqiepian_1635.jpg,人参(renshenqiepian),性味甘微苦微温；归脾肺心肾经；功效：大补元气、复脉固脱、补脾益肺、生津养血、安神。
external\cls_chinese_medicine/train/renshenqiepian/renshenqiepian_0608.jpg,人参(renshenqiepian),性味甘微苦微温；归脾肺心肾经；功效：大补元气、复脉固脱、补脾益肺、生津养血、安神。
external\cls_chinese_medicine/train/renshenqiepian/renshenqiepian_1044.jpg,人参(renshenqiepian),性味甘微苦微温；归脾肺心肾经；功效：大补元气、复脉固脱、补脾益肺、生津养血、安神。
external\cls_chinese_medicine/train/renshenqiepian/renshenqiepian_1128.jpg,人参(renshenqiepian),性味甘微苦微温；归脾肺心肾经；功效：大补元气、复脉固脱、补脾益肺、生津养血、安神。
external\cls_chinese_medicine/train/renshenqiepian/renshenqiepian_0257.jpg,人参(renshenqiepian),性味甘微苦微温；归脾肺心肾经；功效：大补元气、复脉固脱、补脾益肺、生津养血、安神。
external\cls_chinese_medicine/train/renshenqiepian/renshenqiepian_0571.jpg,人参(renshenqiepian),性味甘微苦微温；归脾肺心肾经；功效：大补元气、复脉固脱、补脾益肺、生津养血、安神。
external\cls_chinese_medicine/train/renshenqiepian/renshenqiepian_1036.jpg,人参(renshenqiepian),性味甘微苦微温；归脾肺心肾经；功效：大补元气、复脉固脱、补脾益肺、生津养血、安神。
external\cls_chinese_medicine/train/renshenqiepian/renshenqiepian_0062.jpg,人参(renshenqiepian),性味甘微苦微温；归脾肺心肾经；功效：大补元气、复脉固脱、补脾益肺、生津养血、安神。
external\cls_chinese_medicine/train/renshenqiepian/renshenqiepian_0080.jpg,人参(renshenqiepian),性味甘微苦微温；归脾肺心肾经；功效：大补元气、复脉固脱、补脾益肺、生津养血、安神。
external\cls_chinese_medicine/train/renshenqiepian/renshenqiepian_0945.jpg,人参(renshenqiepian),性味甘微苦微温；归脾肺心肾经；功效：大补元气、复脉固脱、补脾益肺、生津养血、安神。
external\cls_chinese_medicine/train/renshenqiepian/renshenqiepian_1525.jpg,人参(renshenqiepian),性味甘微苦微温；归脾肺心肾经；功效：大补元气、复脉固脱、补脾益肺、生津养血、安神。
external\cls_chinese_medicine/train/renshenqiepian/renshenqiepian_0724.jpg,人参(renshenqiepian),性味甘微苦微温；归脾肺心肾经；功效：大补元气、复脉固脱、补脾益肺、生津养血、安神。
external\cls_chinese_medicine/train/renshenqiepian/renshenqiepian_0584.jpg,人参(renshenqiepian),性味甘微苦微温；归脾肺心肾经；功效：大补元气、复脉固脱、补脾益肺、生津养血、安神。
external\cls_chinese_medicine/train/renshenqiepian/renshenqiepian_0049.jpg,人参(renshenqiepian),性味甘微苦微温；归脾肺心肾经；功效：大补元气、复脉固脱、补脾益肺、生津养血、安神。
external\cls_chinese_medicine/train/renshenqiepian/renshenqiepian_0108.jpg,人参(renshenqiepian),性味甘微苦微温；归脾肺心肾经；功效：大补元气、复脉固脱、补脾益肺、生津养血、安神。
external\cls_chinese_medicine/train/renshenqiepian/renshenqiepian_0452.jpg,人参(renshenqiepian),性味甘微苦微温；归脾肺心肾经；功效：大补元气、复脉固脱、补脾益肺、生津养血、安神。
external\cls_chinese_medicine/train/renshenqiepian/renshenqiepian_1610.jpg,人参(renshenqiepian),性味甘微苦微温；归脾肺心肾经；功效：大补元气、复脉固脱、补脾益肺、生津养血、安神。
external\cls_chinese_medicine/train/renshenqiepian/renshenqiepian_1132.jpg,人参(renshenqiepian),性味甘微苦微温；归脾肺心肾经；功效：大补元气、复脉固脱、补脾益肺、生津养血、安神。
external\cls_chinese_medicine/train/renshenqiepian/renshenqiepian_0109.jpg,人参(renshenqiepian),性味甘微苦微温；归脾肺心肾经；功效：大补元气、复脉固脱、补脾益肺、生津养血、安神。
external\cls_chinese_medicine/train/renshenqiepian/renshenqiepian_1278.jpg,人参(renshenqiepian),性味甘微苦微温；归脾肺心肾经；功效：大补元气、复脉固脱、补脾益肺、生津养血、安神。
external\cls_chinese_medicine/train/renshenqiepian/renshenqiepian_0936.jpg,人参(renshenqiepian),性味甘微苦微温；归脾肺心肾经；功效：大补元气、复脉固脱、补脾益肺、生津养血、安神。
external\cls_chinese_medicine/train/renshenqiepian/renshenqiepian_0657.jpg,人参(renshenqiepian),性味甘微苦微温；归脾肺心肾经；功效：大补元气、复脉固脱、补脾益肺、生津养血、安神。
external\cls_chinese_medicine/train/renshenqiepian/renshenqiepian_0115.jpg,人参(renshenqiepian),性味甘微苦微温；归脾肺心肾经；功效：大补元气、复脉固脱、补脾益肺、生津养血、安神。
external\cls_chinese_medicine/train/renshenqiepian/renshenqiepian_1171.jpg,人参(renshenqiepian),性味甘微苦微温；归脾肺心肾经；功效：大补元气、复脉固脱、补脾益肺、生津养血、安神。
external\cls_chinese_medicine/train/renshenqiepian/renshenqiepian_1321.jpg,人参(renshenqiepian),性味甘微苦微温；归脾肺心肾经；功效：大补元气、复脉固脱、补脾益肺、生津养血、安神。
external\cls_chinese_medicine/train/renshenqiepian/renshenqiepian_0804.jpg,人参(renshenqiepian),性味甘微苦微温；归脾肺心肾经；功效：大补元气、复脉固脱、补脾益肺、生津养血、安神。
external\cls_chinese_medicine/train/renshenqiepian/renshenqiepian_1159.jpg,人参(renshenqiepian),性味甘微苦微温；归脾肺心肾经；功效：大补元气、复脉固脱、补脾益肺、生津养血、安神。
external\cls_chinese_medicine/train/renshenqiepian/renshenqiepian_0602.jpg,人参(renshenqiepian),性味甘微苦微温；归脾肺心肾经；功效：大补元气、复脉固脱、补脾益肺、生津养血、安神。
external\cls_chinese_medicine/train/renshenqiepian/renshenqiepian_1406.jpg,人参(renshenqiepian),性味甘微苦微温；归脾肺心肾经；功效：大补元气、复脉固脱、补脾益肺、生津养血、安神。
external\cls_chinese_medicine/train/renshenqiepian/renshenqiepian_1437.jpg,人参(renshenqiepian),性味甘微苦微温；归脾肺心肾经；功效：大补元气、复脉固脱、补脾益肺、生津养血、安神。
external\cls_chinese_medicine/train/renshenqiepian/renshenqiepian_0739.jpg,人参(renshenqiepian),性味甘微苦微温；归脾肺心肾经；功效：大补元气、复脉固脱、补脾益肺、生津养血、安神。
external\cls_chinese_medicine/train/renshenqiepian/renshenqiepian_1014.jpg,人参(renshenqiepian),性味甘微苦微温；归脾肺心肾经；功效：大补元气、复脉固脱、补脾益肺、生津养血、安神。
external\cls_chinese_medicine/train/renshenqiepian/renshenqiepian_0951.jpg,人参(renshenqiepian),性味甘微苦微温；归脾肺心肾经；功效：大补元气、复脉固脱、补脾益肺、生津养血、安神。
external\cls_chinese_medicine/train/renshenqiepian/renshenqiepian_0138.jpg,人参(renshenqiepian),性味甘微苦微温；归脾肺心肾经；功效：大补元气、复脉固脱、补脾益肺、生津养血、安神。
external\cls_chinese_medicine/train/renshenqiepian/renshenqiepian_1010.jpg,人参(renshenqiepian),性味甘微苦微温；归脾肺心肾经；功效：大补元气、复脉固脱、补脾益肺、生津养血、安神。
external\cls_chinese_medicine/train/renshenqiepian/renshenqiepian_1221.jpg,人参(renshenqiepian),性味甘微苦微温；归脾肺心肾经；功效：大补元气、复脉固脱、补脾益肺、生津养血、安神。
external\cls_chinese_medicine/train/renshenqiepian/renshenqiepian_0800.jpg,人参(renshenqiepian),性味甘微苦微温；归脾肺心肾经；功效：大补元气、复脉固脱、补脾益肺、生津养血、安神。
external\cls_chinese_medicine/train/renshenqiepian/renshenqiepian_0413.jpg,人参(renshenqiepian),性味甘微苦微温；归脾肺心肾经；功效：大补元气、复脉固脱、补脾益肺、生津养血、安神。
external\cls_chinese_medicine/train/renshenqiepian/renshenqiepian_1511.jpg,人参(renshenqiepian),性味甘微苦微温；归脾肺心肾经；功效：大补元气、复脉固脱、补脾益肺、生津养血、安神。
external\cls_chinese_medicine/train/renshenqiepian/renshenqiepian_1555.jpg,人参(renshenqiepian),性味甘微苦微温；归脾肺心肾经；功效：大补元气、复脉固脱、补脾益肺、生津养血、安神。
external\cls_chinese_medicine/train/renshenqiepian/renshenqiepian_0361.jpg,人参(renshenqiepian),性味甘微苦微温；归脾肺心肾经；功效：大补元气、复脉固脱、补脾益肺、生津养血、安神。
external\cls_chinese_medicine/train/renshenqiepian/renshenqiepian_0475.jpg,人参(renshenqiepian),性味甘微苦微温；归脾肺心肾经；功效：大补元气、复脉固脱、补脾益肺、生津养血、安神。
external\cls_chinese_medicine/train/renshenqiepian/renshenqiepian_1136.jpg,人参(renshenqiepian),性味甘微苦微温；归脾肺心肾经；功效：大补元气、复脉固脱、补脾益肺、生津养血、安神。
external\cls_chinese_medicine/train/renshenqiepian/renshenqiepian_1262.jpg,人参(renshenqiepian),性味甘微苦微温；归脾肺心肾经；功效：大补元气、复脉固脱、补脾益肺、生津养血、安神。
external\cls_chinese_medicine/train/renshenqiepian/renshenqiepian_1358.jpg,人参(renshenqiepian),性味甘微苦微温；归脾肺心肾经；功效：大补元气、复脉固脱、补脾益肺、生津养血、安神。
external\cls_chinese_medicine/train/renshenqiepian/renshenqiepian_1588.jpg,人参(renshenqiepian),性味甘微苦微温；归脾肺心肾经；功效：大补元气、复脉固脱、补脾益肺、生津养血、安神。
external\cls_chinese_medicine/train/renshenqiepian/renshenqiepian_1285.jpg,人参(renshenqiepian),性味甘微苦微温；归脾肺心肾经；功效：大补元气、复脉固脱、补脾益肺、生津养血、安神。
external\cls_chinese_medicine/train/renshenqiepian/renshenqiepian_1186.jpg,人参(renshenqiepian),性味甘微苦微温；归脾肺心肾经；功效：大补元气、复脉固脱、补脾益肺、生津养血、安神。
external\cls_chinese_medicine/train/renshenqiepian/renshenqiepian_1102.jpg,人参(renshenqiepian),性味甘微苦微温；归脾肺心肾经；功效：大补元气、复脉固脱、补脾益肺、生津养血、安神。
external\cls_chinese_medicine/train/renshenqiepian/renshenqiepian_1383.jpg,人参(renshenqiepian),性味甘微苦微温；归脾肺心肾经；功效：大补元气、复脉固脱、补脾益肺、生津养血、安神。
external\cls_chinese_medicine/train/renshenqiepian/renshenqiepian_1424.jpg,人参(renshenqiepian),性味甘微苦微温；归脾肺心肾经；功效：大补元气、复脉固脱、补脾益肺、生津养血、安神。
external\cls_chinese_medicine/train/renshenqiepian/renshenqiepian_1037.jpg,人参(renshenqiepian),性味甘微苦微温；归脾肺心肾经；功效：大补元气、复脉固脱、补脾益肺、生津养血、安神。
external\cls_chinese_medicine/train/renshenqiepian/renshenqiepian_0244.jpg,人参(renshenqiepian),性味甘微苦微温；归脾肺心肾经；功效：大补元气、复脉固脱、补脾益肺、生津养血、安神。
external\cls_chinese_medicine/train/renshenqiepian/renshenqiepian_1422.jpg,人参(renshenqiepian),性味甘微苦微温；归脾肺心肾经；功效：大补元气、复脉固脱、补脾益肺、生津养血、安神。
external\cls_chinese_medicine/train/renshenqiepian/renshenqiepian_1378.jpg,人参(renshenqiepian),性味甘微苦微温；归脾肺心肾经；功效：大补元气、复脉固脱、补脾益肺、生津养血、安神。
external\cls_chinese_medicine/train/renshenqiepian/renshenqiepian_0174.jpg,人参(renshenqiepian),性味甘微苦微温；归脾肺心肾经；功效：大补元气、复脉固脱、补脾益肺、生津养血、安神。
external\cls_chinese_medicine/train/renshenqiepian/renshenqiepian_1190.jpg,人参(renshenqiepian),性味甘微苦微温；归脾肺心肾经；功效：大补元气、复脉固脱、补脾益肺、生津养血、安神。
external\cls_chinese_medicine/train/renshenqiepian/renshenqiepian_0280.jpg,人参(renshenqiepian),性味甘微苦微温；归脾肺心肾经；功效：大补元气、复脉固脱、补脾益肺、生津养血、安神。
external\cls_chinese_medicine/train/renshenqiepian/renshenqiepian_0759.jpg,人参(renshenqiepian),性味甘微苦微温；归脾肺心肾经；功效：大补元气、复脉固脱、补脾益肺、生津养血、安神。
external\cls_chinese_medicine/train/renshenqiepian/renshenqiepian_1568.jpg,人参(renshenqiepian),性味甘微苦微温；归脾肺心肾经；功效：大补元气、复脉固脱、补脾益肺、生津养血、安神。
external\cls_chinese_medicine/train/renshenqiepian/renshenqiepian_1284.jpg,人参(renshenqiepian),性味甘微苦微温；归脾肺心肾经；功效：大补元气、复脉固脱、补脾益肺、生津养血、安神。
external\cls_chinese_medicine/train/renshenqiepian/renshenqiepian_1317.jpg,人参(renshenqiepian),性味甘微苦微温；归脾肺心肾经；功效：大补元气、复脉固脱、补脾益肺、生津养血、安神。
external\cls_chinese_medicine/train/renshenqiepian/renshenqiepian_0203.jpg,人参(renshenqiepian),性味甘微苦微温；归脾肺心肾经；功效：大补元气、复脉固脱、补脾益肺、生津养血、安神。
external\cls_chinese_medicine/train/renshenqiepian/renshenqiepian_1426.jpg,人参(renshenqiepian),性味甘微苦微温；归脾肺心肾经；功效：大补元气、复脉固脱、补脾益肺、生津养血、安神。
external\cls_chinese_medicine/train/renshenqiepian/renshenqiepian_0069.jpg,人参(renshenqiepian),性味甘微苦微温；归脾肺心肾经；功效：大补元气、复脉固脱、补脾益肺、生津养血、安神。
external\cls_chinese_medicine/train/renshenqiepian/renshenqiepian_1182.jpg,人参(renshenqiepian),性味甘微苦微温；归脾肺心肾经；功效：大补元气、复脉固脱、补脾益肺、生津养血、安神。
external\cls_chinese_medicine/train/renshenqiepian/renshenqiepian_1299.jpg,人参(renshenqiepian),性味甘微苦微温；归脾肺心肾经；功效：大补元气、复脉固脱、补脾益肺、生津养血、安神。
external\cls_chinese_medicine/train/renshenqiepian/renshenqiepian_1399.jpg,人参(renshenqiepian),性味甘微苦微温；归脾肺心肾经；功效：大补元气、复脉固脱、补脾益肺、生津养血、安神。
external\cls_chinese_medicine/train/renshenqiepian/renshenqiepian_1466.jpg,人参(renshenqiepian),性味甘微苦微温；归脾肺心肾经；功效：大补元气、复脉固脱、补脾益肺、生津养血、安神。
external\cls_chinese_medicine/train/renshenqiepian/renshenqiepian_0517.jpg,人参(renshenqiepian),性味甘微苦微温；归脾肺心肾经；功效：大补元气、复脉固脱、补脾益肺、生津养血、安神。
external\cls_chinese_medicine/train/renshenqiepian/renshenqiepian_1446.jpg,人参(renshenqiepian),性味甘微苦微温；归脾肺心肾经；功效：大补元气、复脉固脱、补脾益肺、生津养血、安神。
external\cls_chinese_medicine/train/renshenqiepian/renshenqiepian_0647.jpg,人参(renshenqiepian),性味甘微苦微温；归脾肺心肾经；功效：大补元气、复脉固脱、补脾益肺、生津养血、安神。
external\cls_chinese_medicine/train/xianhecao/xianhecao_1584.jpg,仙鹤草,性味苦涩平；归心肝经；功效：收敛止血、截疟止痢、解毒补虚。
external\cls_chinese_medicine/train/xianhecao/xianhecao_1011.jpg,仙鹤草,性味苦涩平；归心肝经；功效：收敛止血、截疟止痢、解毒补虚。
external\cls_chinese_medicine/train/xianhecao/xianhecao_0442.jpg,仙鹤草,性味苦涩平；归心肝经；功效：收敛止血、截疟止痢、解毒补虚。
external\cls_chinese_medicine/train/xianhecao/xianhecao_0989.jpg,仙鹤草,性味苦涩平；归心肝经；功效：收敛止血、截疟止痢、解毒补虚。
external\cls_chinese_medicine/train/xianhecao/xianhecao_1003.jpg,仙鹤草,性味苦涩平；归心肝经；功效：收敛止血、截疟止痢、解毒补虚。
external\cls_chinese_medicine/train/xianhecao/xianhecao_1540.jpg,仙鹤草,性味苦涩平；归心肝经；功效：收敛止血、截疟止痢、解毒补虚。
external\cls_chinese_medicine/train/xianhecao/xianhecao_1481.jpg,仙鹤草,性味苦涩平；归心肝经；功效：收敛止血、截疟止痢、解毒补虚。
external\cls_chinese_medicine/train/xianhecao/xianhecao_0963.jpg,仙鹤草,性味苦涩平；归心肝经；功效：收敛止血、截疟止痢、解毒补虚。
external\cls_chinese_medicine/train/xianhecao/xianhecao_1586.jpg,仙鹤草,性味苦涩平；归心肝经；功效：收敛止血、截疟止痢、解毒补虚。
external\cls_chinese_medicine/train/xianhecao/xianhecao_0581.jpg,仙鹤草,性味苦涩平；归心肝经；功效：收敛止血、截疟止痢、解毒补虚。
external\cls_chinese_medicine/train/xianhecao/xianhecao_0067.jpg,仙鹤草,性味苦涩平；归心肝经；功效：收敛止血、截疟止痢、解毒补虚。
external\cls_chinese_medicine/train/xianhecao/xianhecao_0437.jpg,仙鹤草,性味苦涩平；归心肝经；功效：收敛止血、截疟止痢、解毒补虚。
external\cls_chinese_medicine/train/xianhecao/xianhecao_0061.jpg,仙鹤草,性味苦涩平；归心肝经；功效：收敛止血、截疟止痢、解毒补虚。
external\cls_chinese_medicine/train/xianhecao/xianhecao_1383.jpg,仙鹤草,性味苦涩平；归心肝经；功效：收敛止血、截疟止痢、解毒补虚。
external\cls_chinese_medicine/train/xianhecao/xianhecao_0933.jpg,仙鹤草,性味苦涩平；归心肝经；功效：收敛止血、截疟止痢、解毒补虚。
external\cls_chinese_medicine/train/xianhecao/xianhecao_0518.jpg,仙鹤草,性味苦涩平；归心肝经；功效：收敛止血、截疟止痢、解毒补虚。
external\cls_chinese_medicine/train/xianhecao/xianhecao_1034.jpg,仙鹤草,性味苦涩平；归心肝经；功效：收敛止血、截疟止痢、解毒补虚。
external\cls_chinese_medicine/train/xianhecao/xianhecao_0277.jpg,仙鹤草,性味苦涩平；归心肝经；功效：收敛止血、截疟止痢、解毒补虚。
external\cls_chinese_medicine/train/xianhecao/xianhecao_1566.jpg,仙鹤草,性味苦涩平；归心肝经；功效：收敛止血、截疟止痢、解毒补虚。
external\cls_chinese_medicine/train/xianhecao/xianhecao_0282.jpg,仙鹤草,性味苦涩平；归心肝经；功效：收敛止血、截疟止痢、解毒补虚。
external\cls_chinese_medicine/train/xianhecao/xianhecao_0032.jpg,仙鹤草,性味苦涩平；归心肝经；功效：收敛止血、截疟止痢、解毒补虚。
external\cls_chinese_medicine/train/xianhecao/xianhecao_1000.jpg,仙鹤草,性味苦涩平；归心肝经；功效：收敛止血、截疟止痢、解毒补虚。
external\cls_chinese_medicine/train/xianhecao/xianhecao_1454.jpg,仙鹤草,性味苦涩平；归心肝经；功效：收敛止血、截疟止痢、解毒补虚。
external\cls_chinese_medicine/train/xianhecao/xianhecao_0031.jpg,仙鹤草,性味苦涩平；归心肝经；功效：收敛止血、截疟止痢、解毒补虚。
external\cls_chinese_medicine/train/xianhecao/xianhecao_0128.jpg,仙鹤草,性味苦涩平；归心肝经；功效：收敛止血、截疟止痢、解毒补虚。
external\cls_chinese_medicine/train/xianhecao/xianhecao_0181.jpg,仙鹤草,性味苦涩平；归心肝经；功效：收敛止血、截疟止痢、解毒补虚。
external\cls_chinese_medicine/train/xianhecao/xianhecao_0950.jpg,仙鹤草,性味苦涩平；归心肝经；功效：收敛止血、截疟止痢、解毒补虚。
external\cls_chinese_medicine/train/xianhecao/xianhecao_1583.jpg,仙鹤草,性味苦涩平；归心肝经；功效：收敛止血、截疟止痢、解毒补虚。
external\cls_chinese_medicine/train/xianhecao/xianhecao_0507.jpg,仙鹤草,性味苦涩平；归心肝经；功效：收敛止血、截疟止痢、解毒补虚。
external\cls_chinese_medicine/train/xianhecao/xianhecao_0493.jpg,仙鹤草,性味苦涩平；归心肝经；功效：收敛止血、截疟止痢、解毒补虚。
external\cls_chinese_medicine/train/xianhecao/xianhecao_1010.jpg,仙鹤草,性味苦涩平；归心肝经；功效：收敛止血、截疟止痢、解毒补虚。
external\cls_chinese_medicine/train/xianhecao/xianhecao_1115.jpg,仙鹤草,性味苦涩平；归心肝经；功效：收敛止血、截疟止痢、解毒补虚。
external\cls_chinese_medicine/train/xianhecao/xianhecao_0775.jpg,仙鹤草,性味苦涩平；归心肝经；功效：收敛止血、截疟止痢、解毒补虚。
external\cls_chinese_medicine/train/xianhecao/xianhecao_1100.jpg,仙鹤草,性味苦涩平；归心肝经；功效：收敛止血、截疟止痢、解毒补虚。
external\cls_chinese_medicine/train/xianhecao/xianhecao_1437.jpg,仙鹤草,性味苦涩平；归心肝经；功效：收敛止血、截疟止痢、解毒补虚。
external\cls_chinese_medicine/train/xianhecao/xianhecao_0147.jpg,仙鹤草,性味苦涩平；归心肝经；功效：收敛止血、截疟止痢、解毒补虚。
external\cls_chinese_medicine/train/xianhecao/xianhecao_1035.jpg,仙鹤草,性味苦涩平；归心肝经；功效：收敛止血、截疟止痢、解毒补虚。
external\cls_chinese_medicine/train/xianhecao/xianhecao_0341.jpg,仙鹤草,性味苦涩平；归心肝经；功效：收敛止血、截疟止痢、解毒补虚。
external\cls_chinese_medicine/train/xianhecao/xianhecao_1166.jpg,仙鹤草,性味苦涩平；归心肝经；功效：收敛止血、截疟止痢、解毒补虚。
external\cls_chinese_medicine/train/xianhecao/xianhecao_0205.jpg,仙鹤草,性味苦涩平；归心肝经；功效：收敛止血、截疟止痢、解毒补虚。
external\cls_chinese_medicine/train/xianhecao/xianhecao_0953.jpg,仙鹤草,性味苦涩平；归心肝经；功效：收敛止血、截疟止痢、解毒补虚。
external\cls_chinese_medicine/train/xianhecao/xianhecao_0738.jpg,仙鹤草,性味苦涩平；归心肝经；功效：收敛止血、截疟止痢、解毒补虚。
external\cls_chinese_medicine/train/xianhecao/xianhecao_1326.jpg,仙鹤草,性味苦涩平；归心肝经；功效：收敛止血、截疟止痢、解毒补虚。
external\cls_chinese_medicine/train/xianhecao/xianhecao_1602.jpg,仙鹤草,性味苦涩平；归心肝经；功效：收敛止血、截疟止痢、解毒补虚。
external\cls_chinese_medicine/train/xianhecao/xianhecao_1263.jpg,仙鹤草,性味苦涩平；归心肝经；功效：收敛止血、截疟止痢、解毒补虚。
external\cls_chinese_medicine/train/xianhecao/xianhecao_0792.jpg,仙鹤草,性味苦涩平；归心肝经；功效：收敛止血、截疟止痢、解毒补虚。
external\cls_chinese_medicine/train/xianhecao/xianhecao_0227.jpg,仙鹤草,性味苦涩平；归心肝经；功效：收敛止血、截疟止痢、解毒补虚。
external\cls_chinese_medicine/train/xianhecao/xianhecao_0247.jpg,仙鹤草,性味苦涩平；归心肝经；功效：收敛止血、截疟止痢、解毒补虚。
external\cls_chinese_medicine/train/xianhecao/xianhecao_1307.jpg,仙鹤草,性味苦涩平；归心肝经；功效：收敛止血、截疟止痢、解毒补虚。
external\cls_chinese_medicine/train/xianhecao/xianhecao_1300.jpg,仙鹤草,性味苦涩平；归心肝经；功效：收敛止血、截疟止痢、解毒补虚。
external\cls_chinese_medicine/train/xianhecao/xianhecao_0025.jpg,仙鹤草,性味苦涩平；归心肝经；功效：收敛止血、截疟止痢、解毒补虚。
external\cls_chinese_medicine/train/xianhecao/xianhecao_0103.jpg,仙鹤草,性味苦涩平；归心肝经；功效：收敛止血、截疟止痢、解毒补虚。
external\cls_chinese_medicine/train/xianhecao/xianhecao_0375.jpg,仙鹤草,性味苦涩平；归心肝经；功效：收敛止血、截疟止痢、解毒补虚。
external\cls_chinese_medicine/train/xianhecao/xianhecao_1570.jpg,仙鹤草,性味苦涩平；归心肝经；功效：收敛止血、截疟止痢、解毒补虚。
external\cls_chinese_medicine/train/xianhecao/xianhecao_0762.jpg,仙鹤草,性味苦涩平；归心肝经；功效：收敛止血、截疟止痢、解毒补虚。
external\cls_chinese_medicine/train/xianhecao/xianhecao_0819.jpg,仙鹤草,性味苦涩平；归心肝经；功效：收敛止血、截疟止痢、解毒补虚。
external\cls_chinese_medicine/train/xianhecao/xianhecao_1151.jpg,仙鹤草,性味苦涩平；归心肝经；功效：收敛止血、截疟止痢、解毒补虚。
external\cls_chinese_medicine/train/xianhecao/xianhecao_0834.jpg,仙鹤草,性味苦涩平；归心肝经；功效：收敛止血、截疟止痢、解毒补虚。
external\cls_chinese_medicine/train/xianhecao/xianhecao_0383.jpg,仙鹤草,性味苦涩平；归心肝经；功效：收敛止血、截疟止痢、解毒补虚。
external\cls_chinese_medicine/train/xianhecao/xianhecao_1072.jpg,仙鹤草,性味苦涩平；归心肝经；功效：收敛止血、截疟止痢、解毒补虚。
external\cls_chinese_medicine/train/xianhecao/xianhecao_0353.jpg,仙鹤草,性味苦涩平；归心肝经；功效：收敛止血、截疟止痢、解毒补虚。
external\cls_chinese_medicine/train/xianhecao/xianhecao_1097.jpg,仙鹤草,性味苦涩平；归心肝经；功效：收敛止血、截疟止痢、解毒补虚。
external\cls_chinese_medicine/train/xianhecao/xianhecao_1567.jpg,仙鹤草,性味苦涩平；归心肝经；功效：收敛止血、截疟止痢、解毒补虚。
external\cls_chinese_medicine/train/xianhecao/xianhecao_0787.jpg,仙鹤草,性味苦涩平；归心肝经；功效：收敛止血、截疟止痢、解毒补虚。
external\cls_chinese_medicine/train/xianhecao/xianhecao_1117.jpg,仙鹤草,性味苦涩平；归心肝经；功效：收敛止血、截疟止痢、解毒补虚。
external\cls_chinese_medicine/train/xianhecao/xianhecao_0720.jpg,仙鹤草,性味苦涩平；归心肝经；功效：收敛止血、截疟止痢、解毒补虚。
external\cls_chinese_medicine/train/xianhecao/xianhecao_0540.jpg,仙鹤草,性味苦涩平；归心肝经；功效：收敛止血、截疟止痢、解毒补虚。
external\cls_chinese_medicine/train/xianhecao/xianhecao_1601.jpg,仙鹤草,性味苦涩平；归心肝经；功效：收敛止血、截疟止痢、解毒补虚。
external\cls_chinese_medicine/train/xianhecao/xianhecao_1177.jpg,仙鹤草,性味苦涩平；归心肝经；功效：收敛止血、截疟止痢、解毒补虚。
external\cls_chinese_medicine/train/xianhecao/xianhecao_0174.jpg,仙鹤草,性味苦涩平；归心肝经；功效：收敛止血、截疟止痢、解毒补虚。
external\cls_chinese_medicine/train/xianhecao/xianhecao_1605.jpg,仙鹤草,性味苦涩平；归心肝经；功效：收敛止血、截疟止痢、解毒补虚。
external\cls_chinese_medicine/train/xianhecao/xianhecao_0362.jpg,仙鹤草,性味苦涩平；归心肝经；功效：收敛止血、截疟止痢、解毒补虚。
external\cls_chinese_medicine/train/xianhecao/xianhecao_1059.jpg,仙鹤草,性味苦涩平；归心肝经；功效：收敛止血、截疟止痢、解毒补虚。
external\cls_chinese_medicine/train/xianhecao/xianhecao_0141.jpg,仙鹤草,性味苦涩平；归心肝经；功效：收敛止血、截疟止痢、解毒补虚。
external\cls_chinese_medicine/train/xianhecao/xianhecao_0051.jpg,仙鹤草,性味苦涩平；归心肝经；功效：收敛止血、截疟止痢、解毒补虚。
external\cls_chinese_medicine/train/xianhecao/xianhecao_0325.jpg,仙鹤草,性味苦涩平；归心肝经；功效：收敛止血、截疟止痢、解毒补虚。
external\cls_chinese_medicine/train/xianhecao/xianhecao_0629.jpg,仙鹤草,性味苦涩平；归心肝经；功效：收敛止血、截疟止痢、解毒补虚。
external\cls_chinese_medicine/train/xianhecao/xianhecao_0868.jpg,仙鹤草,性味苦涩平；归心肝经；功效：收敛止血、截疟止痢、解毒补虚。
external\cls_chinese_medicine/train/xianhecao/xianhecao_1427.jpg,仙鹤草,性味苦涩平；归心肝经；功效：收敛止血、截疟止痢、解毒补虚。
external\cls_chinese_medicine/train/xianhecao/xianhecao_0392.jpg,仙鹤草,性味苦涩平；归心肝经；功效：收敛止血、截疟止痢、解毒补虚。
external\cls_chinese_medicine/train/xianhecao/xianhecao_0254.jpg,仙鹤草,性味苦涩平；归心肝经；功效：收敛止血、截疟止痢、解毒补虚。
external\cls_chinese_medicine/train/xianhecao/xianhecao_1198.jpg,仙鹤草,性味苦涩平；归心肝经；功效：收敛止血、截疟止痢、解毒补虚。
external\cls_chinese_medicine/train/xianhecao/xianhecao_1502.jpg,仙鹤草,性味苦涩平；归心肝经；功效：收敛止血、截疟止痢、解毒补虚。
external\cls_chinese_medicine/train/xianhecao/xianhecao_0598.jpg,仙鹤草,性味苦涩平；归心肝经；功效：收敛止血、截疟止痢、解毒补虚。
external\cls_chinese_medicine/train/xianhecao/xianhecao_1308.jpg,仙鹤草,性味苦涩平；归心肝经；功效：收敛止血、截疟止痢、解毒补虚。
external\cls_chinese_medicine/train/xianhecao/xianhecao_1141.jpg,仙鹤草,性味苦涩平；归心肝经；功效：收敛止血、截疟止痢、解毒补虚。
external\cls_chinese_medicine/train/xianhecao/xianhecao_0305.jpg,仙鹤草,性味苦涩平；归心肝经；功效：收敛止血、截疟止痢、解毒补虚。
external\cls_chinese_medicine/train/xianhecao/xianhecao_1550.jpg,仙鹤草,性味苦涩平；归心肝经；功效：收敛止血、截疟止痢、解毒补虚。
external\cls_chinese_medicine/train/xianhecao/xianhecao_1225.jpg,仙鹤草,性味苦涩平；归心肝经；功效：收敛止血、截疟止痢、解毒补虚。
external\cls_chinese_medicine/train/xianhecao/xianhecao_0590.jpg,仙鹤草,性味苦涩平；归心肝经；功效：收敛止血、截疟止痢、解毒补虚。
external\cls_chinese_medicine/train/xianhecao/xianhecao_0898.jpg,仙鹤草,性味苦涩平；归心肝经；功效：收敛止血、截疟止痢、解毒补虚。
external\cls_chinese_medicine/train/xianhecao/xianhecao_0340.jpg,仙鹤草,性味苦涩平；归心肝经；功效：收敛止血、截疟止痢、解毒补虚。
external\cls_chinese_medicine/train/xianhecao/xianhecao_0179.jpg,仙鹤草,性味苦涩平；归心肝经；功效：收敛止血、截疟止痢、解毒补虚。
external\cls_chinese_medicine/train/xianhecao/xianhecao_1085.jpg,仙鹤草,性味苦涩平；归心肝经；功效：收敛止血、截疟止痢、解毒补虚。
external\cls_chinese_medicine/train/xianhecao/xianhecao_0716.jpg,仙鹤草,性味苦涩平；归心肝经；功效：收敛止血、截疟止痢、解毒补虚。
external\cls_chinese_medicine/train/xianhecao/xianhecao_0053.jpg,仙鹤草,性味苦涩平；归心肝经；功效：收敛止血、截疟止痢、解毒补虚。
external\cls_chinese_medicine/train/xianhecao/xianhecao_0073.jpg,仙鹤草,性味苦涩平；归心肝经；功效：收敛止血、截疟止痢、解毒补虚。
external\cls_chinese_medicine/train/xianhecao/xianhecao_0129.jpg,仙鹤草,性味苦涩平；归心肝经；功效：收敛止血、截疟止痢、解毒补虚。
external\cls_chinese_medicine/train/xianhecao/xianhecao_1565.jpg,仙鹤草,性味苦涩平；归心肝经；功效：收敛止血、截疟止痢、解毒补虚。
external\cls_chinese_medicine/train/xianhecao/xianhecao_0079.jpg,仙鹤草,性味苦涩平；归心肝经；功效：收敛止血、截疟止痢、解毒补虚。
external\cls_chinese_medicine/train/xianhecao/xianhecao_1546.jpg,仙鹤草,性味苦涩平；归心肝经；功效：收敛止血、截疟止痢、解毒补虚。
external\cls_chinese_medicine/train/xianhecao/xianhecao_0333.jpg,仙鹤草,性味苦涩平；归心肝经；功效：收敛止血、截疟止痢、解毒补虚。
external\cls_chinese_medicine/train/xianhecao/xianhecao_0376.jpg,仙鹤草,性味苦涩平；归心肝经；功效：收敛止血、截疟止痢、解毒补虚。
external\cls_chinese_medicine/train/xianhecao/xianhecao_0690.jpg,仙鹤草,性味苦涩平；归心肝经；功效：收敛止血、截疟止痢、解毒补虚。
external\cls_chinese_medicine/train/xianhecao/xianhecao_1014.jpg,仙鹤草,性味苦涩平；归心肝经；功效：收敛止血、截疟止痢、解毒补虚。
external\cls_chinese_medicine/train/xianhecao/xianhecao_1060.jpg,仙鹤草,性味苦涩平；归心肝经；功效：收敛止血、截疟止痢、解毒补虚。
external\cls_chinese_medicine/train/xianhecao/xianhecao_0190.jpg,仙鹤草,性味苦涩平；归心肝经；功效：收敛止血、截疟止痢、解毒补虚。
external\cls_chinese_medicine/train/xianhecao/xianhecao_1359.jpg,仙鹤草,性味苦涩平；归心肝经；功效：收敛止血、截疟止痢、解毒补虚。
external\cls_chinese_medicine/train/xianhecao/xianhecao_0797.jpg,仙鹤草,性味苦涩平；归心肝经；功效：收敛止血、截疟止痢、解毒补虚。
external\cls_chinese_medicine/train/xianhecao/xianhecao_0306.jpg,仙鹤草,性味苦涩平；归心肝经；功效：收敛止血、截疟止痢、解毒补虚。
external\cls_chinese_medicine/train/xianhecao/xianhecao_1306.jpg,仙鹤草,性味苦涩平；归心肝经；功效：收敛止血、截疟止痢、解毒补虚。
external\cls_chinese_medicine/train/xianhecao/xianhecao_0206.jpg,仙鹤草,性味苦涩平；归心肝经；功效：收敛止血、截疟止痢、解毒补虚。
external\cls_chinese_medicine/train/xianhecao/xianhecao_0830.jpg,仙鹤草,性味苦涩平；归心肝经；功效：收敛止血、截疟止痢、解毒补虚。
external\cls_chinese_medicine/train/xianhecao/xianhecao_0613.jpg,仙鹤草,性味苦涩平；归心肝经；功效：收敛止血、截疟止痢、解毒补虚。
external\cls_chinese_medicine/train/xianhecao/xianhecao_0975.jpg,仙鹤草,性味苦涩平；归心肝经；功效：收敛止血、截疟止痢、解毒补虚。
external\cls_chinese_medicine/train/xianhecao/xianhecao_0604.jpg,仙鹤草,性味苦涩平；归心肝经；功效：收敛止血、截疟止痢、解毒补虚。
external\cls_chinese_medicine/train/xianhecao/xianhecao_1315.jpg,仙鹤草,性味苦涩平；归心肝经；功效：收敛止血、截疟止痢、解毒补虚。
external\cls_chinese_medicine/train/xianhecao/xianhecao_0443.jpg,仙鹤草,性味苦涩平；归心肝经；功效：收敛止血、截疟止痢、解毒补虚。
external\cls_chinese_medicine/train/xianhecao/xianhecao_0614.jpg,仙鹤草,性味苦涩平；归心肝经；功效：收敛止血、截疟止痢、解毒补虚。
external\cls_chinese_medicine/train/xianhecao/xianhecao_1026.jpg,仙鹤草,性味苦涩平；归心肝经；功效：收敛止血、截疟止痢、解毒补虚。
external\cls_chinese_medicine/train/xianhecao/xianhecao_0867.jpg,仙鹤草,性味苦涩平；归心肝经；功效：收敛止血、截疟止痢、解毒补虚。
external\cls_chinese_medicine/train/xianhecao/xianhecao_0643.jpg,仙鹤草,性味苦涩平；归心肝经；功效：收敛止血、截疟止痢、解毒补虚。
external\cls_chinese_medicine/train/xianhecao/xianhecao_1169.jpg,仙鹤草,性味苦涩平；归心肝经；功效：收敛止血、截疟止痢、解毒补虚。
external\cls_chinese_medicine/train/xianhecao/xianhecao_1147.jpg,仙鹤草,性味苦涩平；归心肝经；功效：收敛止血、截疟止痢、解毒补虚。
external\cls_chinese_medicine/train/xianhecao/xianhecao_1582.jpg,仙鹤草,性味苦涩平；归心肝经；功效：收敛止血、截疟止痢、解毒补虚。
external\cls_chinese_medicine/train/xianhecao/xianhecao_0297.jpg,仙鹤草,性味苦涩平；归心肝经；功效：收敛止血、截疟止痢、解毒补虚。
external\cls_chinese_medicine/train/xianhecao/xianhecao_1146.jpg,仙鹤草,性味苦涩平；归心肝经；功效：收敛止血、截疟止痢、解毒补虚。
external\cls_chinese_medicine/train/xianhecao/xianhecao_0505.jpg,仙鹤草,性味苦涩平；归心肝经；功效：收敛止血、截疟止痢、解毒补虚。
external\cls_chinese_medicine/train/xianhecao/xianhecao_0069.jpg,仙鹤草,性味苦涩平；归心肝经；功效：收敛止血、截疟止痢、解毒补虚。
external\cls_chinese_medicine/train/xianhecao/xianhecao_1259.jpg,仙鹤草,性味苦涩平；归心肝经；功效：收敛止血、截疟止痢、解毒补虚。
external\cls_chinese_medicine/train/xianhecao/xianhecao_0723.jpg,仙鹤草,性味苦涩平；归心肝经；功效：收敛止血、截疟止痢、解毒补虚。
external\cls_chinese_medicine/train/xianhecao/xianhecao_0915.jpg,仙鹤草,性味苦涩平；归心肝经；功效：收敛止血、截疟止痢、解毒补虚。
external\cls_chinese_medicine/train/xianhecao/xianhecao_0439.jpg,仙鹤草,性味苦涩平；归心肝经；功效：收敛止血、截疟止痢、解毒补虚。
external\cls_chinese_medicine/train/xianhecao/xianhecao_1017.jpg,仙鹤草,性味苦涩平；归心肝经；功效：收敛止血、截疟止痢、解毒补虚。
external\cls_chinese_medicine/train/xianhecao/xianhecao_0990.jpg,仙鹤草,性味苦涩平；归心肝经；功效：收敛止血、截疟止痢、解毒补虚。
external\cls_chinese_medicine/train/xianhecao/xianhecao_1106.jpg,仙鹤草,性味苦涩平；归心肝经；功效：收敛止血、截疟止痢、解毒补虚。
external\cls_chinese_medicine/train/xianhecao/xianhecao_1191.jpg,仙鹤草,性味苦涩平；归心肝经；功效：收敛止血、截疟止痢、解毒补虚。
external\cls_chinese_medicine/train/xianhecao/xianhecao_0210.jpg,仙鹤草,性味苦涩平；归心肝经；功效：收敛止血、截疟止痢、解毒补虚。
external\cls_chinese_medicine/train/xianhecao/xianhecao_1338.jpg,仙鹤草,性味苦涩平；归心肝经；功效：收敛止血、截疟止痢、解毒补虚。
external\cls_chinese_medicine/train/xianhecao/xianhecao_0281.jpg,仙鹤草,性味苦涩平；归心肝经；功效：收敛止血、截疟止痢、解毒补虚。
external\cls_chinese_medicine/train/xianhecao/xianhecao_0547.jpg,仙鹤草,性味苦涩平；归心肝经；功效：收敛止血、截疟止痢、解毒补虚。
external\cls_chinese_medicine/train/xianhecao/xianhecao_1440.jpg,仙鹤草,性味苦涩平；归心肝经；功效：收敛止血、截疟止痢、解毒补虚。
external\cls_chinese_medicine/train/xianhecao/xianhecao_0438.jpg,仙鹤草,性味苦涩平；归心肝经；功效：收敛止血、截疟止痢、解毒补虚。
external\cls_chinese_medicine/train/xianhecao/xianhecao_1258.jpg,仙鹤草,性味苦涩平；归心肝经；功效：收敛止血、截疟止痢、解毒补虚。
external\cls_chinese_medicine/train/xianhecao/xianhecao_1015.jpg,仙鹤草,性味苦涩平；归心肝经；功效：收敛止血、截疟止痢、解毒补虚。
external\cls_chinese_medicine/train/xianhecao/xianhecao_0625.jpg,仙鹤草,性味苦涩平；归心肝经；功效：收敛止血、截疟止痢、解毒补虚。
external\cls_chinese_medicine/train/xianhecao/xianhecao_0541.jpg,仙鹤草,性味苦涩平；归心肝经；功效：收敛止血、截疟止痢、解毒补虚。
external\cls_chinese_medicine/train/xianhecao/xianhecao_0841.jpg,仙鹤草,性味苦涩平；归心肝经；功效：收敛止血、截疟止痢、解毒补虚。
external\cls_chinese_medicine/train/xianhecao/xianhecao_0741.jpg,仙鹤草,性味苦涩平；归心肝经；功效：收敛止血、截疟止痢、解毒补虚。
external\cls_chinese_medicine/train/xianhecao/xianhecao_0658.jpg,仙鹤草,性味苦涩平；归心肝经；功效：收敛止血、截疟止痢、解毒补虚。
external\cls_chinese_medicine/train/xianhecao/xianhecao_0191.jpg,仙鹤草,性味苦涩平；归心肝经；功效：收敛止血、截疟止痢、解毒补虚。
external\cls_chinese_medicine/train/xianhecao/xianhecao_0426.jpg,仙鹤草,性味苦涩平；归心肝经；功效：收敛止血、截疟止痢、解毒补虚。
external\cls_chinese_medicine/train/xianhecao/xianhecao_0846.jpg,仙鹤草,性味苦涩平；归心肝经；功效：收敛止血、截疟止痢、解毒补虚。
external\cls_chinese_medicine/train/xianhecao/xianhecao_0311.jpg,仙鹤草,性味苦涩平；归心肝经；功效：收敛止血、截疟止痢、解毒补虚。
external\cls_chinese_medicine/train/xianhecao/xianhecao_1420.jpg,仙鹤草,性味苦涩平；归心肝经；功效：收敛止血、截疟止痢、解毒补虚。
external\cls_chinese_medicine/train/xianhecao/xianhecao_0550.jpg,仙鹤草,性味苦涩平；归心肝经；功效：收敛止血、截疟止痢、解毒补虚。
external\cls_chinese_medicine/train/xianhecao/xianhecao_0582.jpg,仙鹤草,性味苦涩平；归心肝经；功效：收敛止血、截疟止痢、解毒补虚。
external\cls_chinese_medicine/train/xianhecao/xianhecao_0168.jpg,仙鹤草,性味苦涩平；归心肝经；功效：收敛止血、截疟止痢、解毒补虚。
external\cls_chinese_medicine/train/xianhecao/xianhecao_1606.jpg,仙鹤草,性味苦涩平；归心肝经；功效：收敛止血、截疟止痢、解毒补虚。
external\cls_chinese_medicine/train/xianhecao/xianhecao_0361.jpg,仙鹤草,性味苦涩平；归心肝经；功效：收敛止血、截疟止痢、解毒补虚。
external\cls_chinese_medicine/train/xianhecao/xianhecao_0530.jpg,仙鹤草,性味苦涩平；归心肝经；功效：收敛止血、截疟止痢、解毒补虚。
external\cls_chinese_medicine/train/xianhecao/xianhecao_0046.jpg,仙鹤草,性味苦涩平；归心肝经；功效：收敛止血、截疟止痢、解毒补虚。
external\cls_chinese_medicine/train/xianhecao/xianhecao_0380.jpg,仙鹤草,性味苦涩平；归心肝经；功效：收敛止血、截疟止痢、解毒补虚。
external\cls_chinese_medicine/train/xianhecao/xianhecao_1414.jpg,仙鹤草,性味苦涩平；归心肝经；功效：收敛止血、截疟止痢、解毒补虚。
external\cls_chinese_medicine/train/xianhecao/xianhecao_0827.jpg,仙鹤草,性味苦涩平；归心肝经；功效：收敛止血、截疟止痢、解毒补虚。
external\cls_chinese_medicine/train/xianhecao/xianhecao_0801.jpg,仙鹤草,性味苦涩平；归心肝经；功效：收敛止血、截疟止痢、解毒补虚。
external\cls_chinese_medicine/train/xianhecao/xianhecao_1021.jpg,仙鹤草,性味苦涩平；归心肝经；功效：收敛止血、截疟止痢、解毒补虚。
external\cls_chinese_medicine/train/xianhecao/xianhecao_0928.jpg,仙鹤草,性味苦涩平；归心肝经；功效：收敛止血、截疟止痢、解毒补虚。
external\cls_chinese_medicine/train/xianhecao/xianhecao_0509.jpg,仙鹤草,性味苦涩平；归心肝经；功效：收敛止血、截疟止痢、解毒补虚。
external\cls_chinese_medicine/train/xianhecao/xianhecao_1038.jpg,仙鹤草,性味苦涩平；归心肝经；功效：收敛止血、截疟止痢、解毒补虚。
external\cls_chinese_medicine/train/xianhecao/xianhecao_0119.jpg,仙鹤草,性味苦涩平；归心肝经；功效：收敛止血、截疟止痢、解毒补虚。
external\cls_chinese_medicine/train/xianhecao/xianhecao_0348.jpg,仙鹤草,性味苦涩平；归心肝经；功效：收敛止血、截疟止痢、解毒补虚。
external\cls_chinese_medicine/train/xianhecao/xianhecao_0278.jpg,仙鹤草,性味苦涩平；归心肝经；功效：收敛止血、截疟止痢、解毒补虚。
external\cls_chinese_medicine/train/xianhecao/xianhecao_0862.jpg,仙鹤草,性味苦涩平；归心肝经；功效：收敛止血、截疟止痢、解毒补虚。
external\cls_chinese_medicine/train/xianhecao/xianhecao_0680.jpg,仙鹤草,性味苦涩平；归心肝经；功效：收敛止血、截疟止痢、解毒补虚。
external\cls_chinese_medicine/train/xianhecao/xianhecao_0482.jpg,仙鹤草,性味苦涩平；归心肝经；功效：收敛止血、截疟止痢、解毒补虚。
external\cls_chinese_medicine/train/xianhecao/xianhecao_0359.jpg,仙鹤草,性味苦涩平；归心肝经；功效：收敛止血、截疟止痢、解毒补虚。
external\cls_chinese_medicine/train/xianhecao/xianhecao_1203.jpg,仙鹤草,性味苦涩平；归心肝经；功效：收敛止血、截疟止痢、解毒补虚。
external\cls_chinese_medicine/train/xianhecao/xianhecao_0082.jpg,仙鹤草,性味苦涩平；归心肝经；功效：收敛止血、截疟止痢、解毒补虚。
external\cls_chinese_medicine/train/xianhecao/xianhecao_1239.jpg,仙鹤草,性味苦涩平；归心肝经；功效：收敛止血、截疟止痢、解毒补虚。
external\cls_chinese_medicine/train/xianhecao/xianhecao_1492.jpg,仙鹤草,性味苦涩平；归心肝经；功效：收敛止血、截疟止痢、解毒补虚。
external\cls_chinese_medicine/train/xianhecao/xianhecao_0709.jpg,仙鹤草,性味苦涩平；归心肝经；功效：收敛止血、截疟止痢、解毒补虚。
external\cls_chinese_medicine/train/xianhecao/xianhecao_0665.jpg,仙鹤草,性味苦涩平；归心肝经；功效：收敛止血、截疟止痢、解毒补虚。
external\cls_chinese_medicine/train/xianhecao/xianhecao_0464.jpg,仙鹤草,性味苦涩平；归心肝经；功效：收敛止血、截疟止痢、解毒补虚。
external\cls_chinese_medicine/train/xianhecao/xianhecao_1614.jpg,仙鹤草,性味苦涩平；归心肝经；功效：收敛止血、截疟止痢、解毒补虚。
external\cls_chinese_medicine/train/xianhecao/xianhecao_0016.jpg,仙鹤草,性味苦涩平；归心肝经；功效：收敛止血、截疟止痢、解毒补虚。
external\cls_chinese_medicine/train/xianhecao/xianhecao_0628.jpg,仙鹤草,性味苦涩平；归心肝经；功效：收敛止血、截疟止痢、解毒补虚。
external\cls_chinese_medicine/train/xianhecao/xianhecao_0421.jpg,仙鹤草,性味苦涩平；归心肝经；功效：收敛止血、截疟止痢、解毒补虚。
external\cls_chinese_medicine/train/xianhecao/xianhecao_1543.jpg,仙鹤草,性味苦涩平；归心肝经；功效：收敛止血、截疟止痢、解毒补虚。
external\cls_chinese_medicine/train/xianhecao/xianhecao_1432.jpg,仙鹤草,性味苦涩平；归心肝经；功效：收敛止血、截疟止痢、解毒补虚。
external\cls_chinese_medicine/train/xianhecao/xianhecao_1180.jpg,仙鹤草,性味苦涩平；归心肝经；功效：收敛止血、截疟止痢、解毒补虚。
external\cls_chinese_medicine/train/xianhecao/xianhecao_0244.jpg,仙鹤草,性味苦涩平；归心肝经；功效：收敛止血、截疟止痢、解毒补虚。
external\cls_chinese_medicine/train/xianhecao/xianhecao_0605.jpg,仙鹤草,性味苦涩平；归心肝经；功效：收敛止血、截疟止痢、解毒补虚。
external\cls_chinese_medicine/train/xianhecao/xianhecao_1224.jpg,仙鹤草,性味苦涩平；归心肝经；功效：收敛止血、截疟止痢、解毒补虚。
external\cls_chinese_medicine/train/xianhecao/xianhecao_0800.jpg,仙鹤草,性味苦涩平；归心肝经；功效：收敛止血、截疟止痢、解毒补虚。
external\cls_chinese_medicine/train/xianhecao/xianhecao_0591.jpg,仙鹤草,性味苦涩平；归心肝经；功效：收敛止血、截疟止痢、解毒补虚。
external\cls_chinese_medicine/train/xianhecao/xianhecao_0246.jpg,仙鹤草,性味苦涩平；归心肝经；功效：收敛止血、截疟止痢、解毒补虚。
external\cls_chinese_medicine/train/xianhecao/xianhecao_0435.jpg,仙鹤草,性味苦涩平；归心肝经；功效：收敛止血、截疟止痢、解毒补虚。
external\cls_chinese_medicine/train/xianhecao/xianhecao_1343.jpg,仙鹤草,性味苦涩平；归心肝经；功效：收敛止血、截疟止痢、解毒补虚。
external\cls_chinese_medicine/train/xianhecao/xianhecao_1254.jpg,仙鹤草,性味苦涩平；归心肝经；功效：收敛止血、截疟止痢、解毒补虚。
external\cls_chinese_medicine/train/xianhecao/xianhecao_1025.jpg,仙鹤草,性味苦涩平；归心肝经；功效：收敛止血、截疟止痢、解毒补虚。
external\cls_chinese_medicine/train/xianhecao/xianhecao_0879.jpg,仙鹤草,性味苦涩平；归心肝经；功效：收敛止血、截疟止痢、解毒补虚。
external\cls_chinese_medicine/train/xianhecao/xianhecao_0992.jpg,仙鹤草,性味苦涩平；归心肝经；功效：收敛止血、截疟止痢、解毒补虚。
external\cls_chinese_medicine/train/xianhecao/xianhecao_1512.jpg,仙鹤草,性味苦涩平；归心肝经；功效：收敛止血、截疟止痢、解毒补虚。
external\cls_chinese_medicine/train/xianhecao/xianhecao_0569.jpg,仙鹤草,性味苦涩平；归心肝经；功效：收敛止血、截疟止痢、解毒补虚。
external\cls_chinese_medicine/train/xianhecao/xianhecao_0546.jpg,仙鹤草,性味苦涩平；归心肝经；功效：收敛止血、截疟止痢、解毒补虚。
external\cls_chinese_medicine/train/xianhecao/xianhecao_0266.jpg,仙鹤草,性味苦涩平；归心肝经；功效：收敛止血、截疟止痢、解毒补虚。
external\cls_chinese_medicine/train/xianhecao/xianhecao_0058.jpg,仙鹤草,性味苦涩平；归心肝经；功效：收敛止血、截疟止痢、解毒补虚。
external\cls_chinese_medicine/train/xianhecao/xianhecao_0076.jpg,仙鹤草,性味苦涩平；归心肝经；功效：收敛止血、截疟止痢、解毒补虚。
external\cls_chinese_medicine/train/xianhecao/xianhecao_0698.jpg,仙鹤草,性味苦涩平；归心肝经；功效：收敛止血、截疟止痢、解毒补虚。
external\cls_chinese_medicine/train/xianhecao/xianhecao_0432.jpg,仙鹤草,性味苦涩平；归心肝经；功效：收敛止血、截疟止痢、解毒补虚。
external\cls_chinese_medicine/train/xianhecao/xianhecao_0430.jpg,仙鹤草,性味苦涩平；归心肝经；功效：收敛止血、截疟止痢、解毒补虚。
external\cls_chinese_medicine/train/xianhecao/xianhecao_1508.jpg,仙鹤草,性味苦涩平；归心肝经；功效：收敛止血、截疟止痢、解毒补虚。
external\cls_chinese_medicine/train/xianhecao/xianhecao_0045.jpg,仙鹤草,性味苦涩平；归心肝经；功效：收敛止血、截疟止痢、解毒补虚。
external\cls_chinese_medicine/train/xianhecao/xianhecao_0502.jpg,仙鹤草,性味苦涩平；归心肝经；功效：收敛止血、截疟止痢、解毒补虚。
external\cls_chinese_medicine/train/xianhecao/xianhecao_0415.jpg,仙鹤草,性味苦涩平；归心肝经；功效：收敛止血、截疟止痢、解毒补虚。
external\cls_chinese_medicine/train/xianhecao/xianhecao_0967.jpg,仙鹤草,性味苦涩平；归心肝经；功效：收敛止血、截疟止痢、解毒补虚。
external\cls_chinese_medicine/train/xianhecao/xianhecao_1609.jpg,仙鹤草,性味苦涩平；归心肝经；功效：收敛止血、截疟止痢、解毒补虚。
external\cls_chinese_medicine/train/xianhecao/xianhecao_0105.jpg,仙鹤草,性味苦涩平；归心肝经；功效：收敛止血、截疟止痢、解毒补虚。
external\cls_chinese_medicine/train/xianhecao/xianhecao_1495.jpg,仙鹤草,性味苦涩平；归心肝经；功效：收敛止血、截疟止痢、解毒补虚。
external\cls_chinese_medicine/train/xianhecao/xianhecao_0626.jpg,仙鹤草,性味苦涩平；归心肝经；功效：收敛止血、截疟止痢、解毒补虚。
external\cls_chinese_medicine/train/xianhecao/xianhecao_0111.jpg,仙鹤草,性味苦涩平；归心肝经；功效：收敛止血、截疟止痢、解毒补虚。
external\cls_chinese_medicine/train/xianhecao/xianhecao_1299.jpg,仙鹤草,性味苦涩平；归心肝经；功效：收敛止血、截疟止痢、解毒补虚。
external\cls_chinese_medicine/train/xianhecao/xianhecao_1128.jpg,仙鹤草,性味苦涩平；归心肝经；功效：收敛止血、截疟止痢、解毒补虚。
external\cls_chinese_medicine/train/xianhecao/xianhecao_0883.jpg,仙鹤草,性味苦涩平；归心肝经；功效：收敛止血、截疟止痢、解毒补虚。
external\cls_chinese_medicine/train/xianhecao/xianhecao_1352.jpg,仙鹤草,性味苦涩平；归心肝经；功效：收敛止血、截疟止痢、解毒补虚。
external\cls_chinese_medicine/train/xianhecao/xianhecao_0611.jpg,仙鹤草,性味苦涩平；归心肝经；功效：收敛止血、截疟止痢、解毒补虚。
external\cls_chinese_medicine/train/xianhecao/xianhecao_1058.jpg,仙鹤草,性味苦涩平；归心肝经；功效：收敛止血、截疟止痢、解毒补虚。
external\cls_chinese_medicine/train/xianhecao/xianhecao_0176.jpg,仙鹤草,性味苦涩平；归心肝经；功效：收敛止血、截疟止痢、解毒补虚。
external\cls_chinese_medicine/train/xianhecao/xianhecao_0794.jpg,仙鹤草,性味苦涩平；归心肝经；功效：收敛止血、截疟止痢、解毒补虚。
external\cls_chinese_medicine/train/xianhecao/xianhecao_1358.jpg,仙鹤草,性味苦涩平；归心肝经；功效：收敛止血、截疟止痢、解毒补虚。
external\cls_chinese_medicine/train/xianhecao/xianhecao_0133.jpg,仙鹤草,性味苦涩平；归心肝经；功效：收敛止血、截疟止痢、解毒补虚。
external\cls_chinese_medicine/train/xianhecao/xianhecao_0370.jpg,仙鹤草,性味苦涩平；归心肝经；功效：收敛止血、截疟止痢、解毒补虚。
external\cls_chinese_medicine/train/xianhecao/xianhecao_0360.jpg,仙鹤草,性味苦涩平；归心肝经；功效：收敛止血、截疟止痢、解毒补虚。
external\cls_chinese_medicine/train/xianhecao/xianhecao_1149.jpg,仙鹤草,性味苦涩平；归心肝经；功效：收敛止血、截疟止痢、解毒补虚。
external\cls_chinese_medicine/train/xianhecao/xianhecao_0758.jpg,仙鹤草,性味苦涩平；归心肝经；功效：收敛止血、截疟止痢、解毒补虚。
external\cls_chinese_medicine/train/xianhecao/xianhecao_1238.jpg,仙鹤草,性味苦涩平；归心肝经；功效：收敛止血、截疟止痢、解毒补虚。
external\cls_chinese_medicine/train/xianhecao/xianhecao_1328.jpg,仙鹤草,性味苦涩平；归心肝经；功效：收敛止血、截疟止痢、解毒补虚。
external\cls_chinese_medicine/train/xianhecao/xianhecao_0823.jpg,仙鹤草,性味苦涩平；归心肝经；功效：收敛止血、截疟止痢、解毒补虚。
external\cls_chinese_medicine/train/xianhecao/xianhecao_0497.jpg,仙鹤草,性味苦涩平；归心肝经；功效：收敛止血、截疟止痢、解毒补虚。
external\cls_chinese_medicine/train/xianhecao/xianhecao_0251.jpg,仙鹤草,性味苦涩平；归心肝经；功效：收敛止血、截疟止痢、解毒补虚。
external\cls_chinese_medicine/train/xianhecao/xianhecao_1296.jpg,仙鹤草,性味苦涩平；归心肝经；功效：收敛止血、截疟止痢、解毒补虚。
external\cls_chinese_medicine/train/xianhecao/xianhecao_0676.jpg,仙鹤草,性味苦涩平；归心肝经；功效：收敛止血、截疟止痢、解毒补虚。
external\cls_chinese_medicine/train/xianhecao/xianhecao_0525.jpg,仙鹤草,性味苦涩平；归心肝经；功效：收敛止血、截疟止痢、解毒补虚。
external\cls_chinese_medicine/train/xianhecao/xianhecao_1006.jpg,仙鹤草,性味苦涩平；归心肝经；功效：收敛止血、截疟止痢、解毒补虚。
external\cls_chinese_medicine/train/xianhecao/xianhecao_0473.jpg,仙鹤草,性味苦涩平；归心肝经；功效：收敛止血、截疟止痢、解毒补虚。
external\cls_chinese_medicine/train/xianhecao/xianhecao_0268.jpg,仙鹤草,性味苦涩平；归心肝经；功效：收敛止血、截疟止痢、解毒补虚。
external\cls_chinese_medicine/train/xianhecao/xianhecao_0423.jpg,仙鹤草,性味苦涩平；归心肝经；功效：收敛止血、截疟止痢、解毒补虚。
external\cls_chinese_medicine/train/xianhecao/xianhecao_1268.jpg,仙鹤草,性味苦涩平；归心肝经；功效：收敛止血、截疟止痢、解毒补虚。
external\cls_chinese_medicine/train/xianhecao/xianhecao_0858.jpg,仙鹤草,性味苦涩平；归心肝经；功效：收敛止血、截疟止痢、解毒补虚。
external\cls_chinese_medicine/train/xianhecao/xianhecao_0351.jpg,仙鹤草,性味苦涩平；归心肝经；功效：收敛止血、截疟止痢、解毒补虚。
external\cls_chinese_medicine/train/xianhecao/xianhecao_1398.jpg,仙鹤草,性味苦涩平；归心肝经；功效：收敛止血、截疟止痢、解毒补虚。
external\cls_chinese_medicine/train/xianhecao/xianhecao_0034.jpg,仙鹤草,性味苦涩平；归心肝经；功效：收敛止血、截疟止痢、解毒补虚。
external\cls_chinese_medicine/train/xianhecao/xianhecao_0737.jpg,仙鹤草,性味苦涩平；归心肝经；功效：收敛止血、截疟止痢、解毒补虚。
external\cls_chinese_medicine/train/xianhecao/xianhecao_0539.jpg,仙鹤草,性味苦涩平；归心肝经；功效：收敛止血、截疟止痢、解毒补虚。
external\cls_chinese_medicine/train/xianhecao/xianhecao_0882.jpg,仙鹤草,性味苦涩平；归心肝经；功效：收敛止血、截疟止痢、解毒补虚。
external\cls_chinese_medicine/train/xianhecao/xianhecao_0314.jpg,仙鹤草,性味苦涩平；归心肝经；功效：收敛止血、截疟止痢、解毒补虚。
external\cls_chinese_medicine/train/xianhecao/xianhecao_1344.jpg,仙鹤草,性味苦涩平；归心肝经；功效：收敛止血、截疟止痢、解毒补虚。
external\cls_chinese_medicine/train/xianhecao/xianhecao_0693.jpg,仙鹤草,性味苦涩平；归心肝经；功效：收敛止血、截疟止痢、解毒补虚。
external\cls_chinese_medicine/train/xianhecao/xianhecao_0390.jpg,仙鹤草,性味苦涩平；归心肝经；功效：收敛止血、截疟止痢、解毒补虚。
external\cls_chinese_medicine/train/xianhecao/xianhecao_1366.jpg,仙鹤草,性味苦涩平；归心肝经；功效：收敛止血、截疟止痢、解毒补虚。
external\cls_chinese_medicine/train/xianhecao/xianhecao_0985.jpg,仙鹤草,性味苦涩平；归心肝经；功效：收敛止血、截疟止痢、解毒补虚。
external\cls_chinese_medicine/train/xianhecao/xianhecao_0238.jpg,仙鹤草,性味苦涩平；归心肝经；功效：收敛止血、截疟止痢、解毒补虚。
external\cls_chinese_medicine/train/xianhecao/xianhecao_1382.jpg,仙鹤草,性味苦涩平；归心肝经；功效：收敛止血、截疟止痢、解毒补虚。
external\cls_chinese_medicine/train/xianhecao/xianhecao_1286.jpg,仙鹤草,性味苦涩平；归心肝经；功效：收敛止血、截疟止痢、解毒补虚。
external\cls_chinese_medicine/train/xianhecao/xianhecao_0169.jpg,仙鹤草,性味苦涩平；归心肝经；功效：收敛止血、截疟止痢、解毒补虚。
external\cls_chinese_medicine/train/xianhecao/xianhecao_1145.jpg,仙鹤草,性味苦涩平；归心肝经；功效：收敛止血、截疟止痢、解毒补虚。
external\cls_chinese_medicine/train/xianhecao/xianhecao_0506.jpg,仙鹤草,性味苦涩平；归心肝经；功效：收敛止血、截疟止痢、解毒补虚。
external\cls_chinese_medicine/train/xianhecao/xianhecao_1135.jpg,仙鹤草,性味苦涩平；归心肝经；功效：收敛止血、截疟止痢、解毒补虚。
external\cls_chinese_medicine/train/xianhecao/xianhecao_0526.jpg,仙鹤草,性味苦涩平；归心肝经；功效：收敛止血、截疟止痢、解毒补虚。
external\cls_chinese_medicine/train/xianhecao/xianhecao_1476.jpg,仙鹤草,性味苦涩平；归心肝经；功效：收敛止血、截疟止痢、解毒补虚。
external\cls_chinese_medicine/train/xianhecao/xianhecao_0198.jpg,仙鹤草,性味苦涩平；归心肝经；功效：收敛止血、截疟止痢、解毒补虚。
external\cls_chinese_medicine/train/xianhecao/xianhecao_0544.jpg,仙鹤草,性味苦涩平；归心肝经；功效：收敛止血、截疟止痢、解毒补虚。
external\cls_chinese_medicine/train/xianhecao/xianhecao_0065.jpg,仙鹤草,性味苦涩平；归心肝经；功效：收敛止血、截疟止痢、解毒补虚。
external\cls_chinese_medicine/train/xianhecao/xianhecao_0764.jpg,仙鹤草,性味苦涩平；归心肝经；功效：收敛止血、截疟止痢、解毒补虚。
external\cls_chinese_medicine/train/xianhecao/xianhecao_0958.jpg,仙鹤草,性味苦涩平；归心肝经；功效：收敛止血、截疟止痢、解毒补虚。
external\cls_chinese_medicine/train/xianhecao/xianhecao_1012.jpg,仙鹤草,性味苦涩平；归心肝经；功效：收敛止血、截疟止痢、解毒补虚。
external\cls_chinese_medicine/train/xianhecao/xianhecao_1610.jpg,仙鹤草,性味苦涩平；归心肝经；功效：收敛止血、截疟止痢、解毒补虚。
external\cls_chinese_medicine/train/xianhecao/xianhecao_0317.jpg,仙鹤草,性味苦涩平；归心肝经；功效：收敛止血、截疟止痢、解毒补虚。
external\cls_chinese_medicine/train/xianhecao/xianhecao_0851.jpg,仙鹤草,性味苦涩平；归心肝经；功效：收敛止血、截疟止痢、解毒补虚。
external\cls_chinese_medicine/train/xianhecao/xianhecao_0644.jpg,仙鹤草,性味苦涩平；归心肝经；功效：收敛止血、截疟止痢、解毒补虚。
external\cls_chinese_medicine/train/xianhecao/xianhecao_0899.jpg,仙鹤草,性味苦涩平；归心肝经；功效：收敛止血、截疟止痢、解毒补虚。
external\cls_chinese_medicine/train/xianhecao/xianhecao_0225.jpg,仙鹤草,性味苦涩平；归心肝经；功效：收敛止血、截疟止痢、解毒补虚。
external\cls_chinese_medicine/train/xianhecao/xianhecao_1208.jpg,仙鹤草,性味苦涩平；归心肝经；功效：收敛止血、截疟止痢、解毒补虚。
external\cls_chinese_medicine/train/xianhecao/xianhecao_1450.jpg,仙鹤草,性味苦涩平；归心肝经；功效：收敛止血、截疟止痢、解毒补虚。
external\cls_chinese_medicine/train/xianhecao/xianhecao_1478.jpg,仙鹤草,性味苦涩平；归心肝经；功效：收敛止血、截疟止痢、解毒补虚。
external\cls_chinese_medicine/train/xianhecao/xianhecao_0391.jpg,仙鹤草,性味苦涩平；归心肝经；功效：收敛止血、截疟止痢、解毒补虚。
external\cls_chinese_medicine/train/xianhecao/xianhecao_1086.jpg,仙鹤草,性味苦涩平；归心肝经；功效：收敛止血、截疟止痢、解毒补虚。
external\cls_chinese_medicine/train/xianhecao/xianhecao_1331.jpg,仙鹤草,性味苦涩平；归心肝经；功效：收敛止血、截疟止痢、解毒补虚。
external\cls_chinese_medicine/train/xianhecao/xianhecao_0363.jpg,仙鹤草,性味苦涩平；归心肝经；功效：收敛止血、截疟止痢、解毒补虚。
external\cls_chinese_medicine/train/xianhecao/xianhecao_1163.jpg,仙鹤草,性味苦涩平；归心肝经；功效：收敛止血、截疟止痢、解毒补虚。
external\cls_chinese_medicine/train/xianhecao/xianhecao_1489.jpg,仙鹤草,性味苦涩平；归心肝经；功效：收敛止血、截疟止痢、解毒补虚。
external\cls_chinese_medicine/train/xianhecao/xianhecao_1248.jpg,仙鹤草,性味苦涩平；归心肝经；功效：收敛止血、截疟止痢、解毒补虚。
external\cls_chinese_medicine/train/xianhecao/xianhecao_0839.jpg,仙鹤草,性味苦涩平；归心肝经；功效：收敛止血、截疟止痢、解毒补虚。
external\cls_chinese_medicine/train/xianhecao/xianhecao_1581.jpg,仙鹤草,性味苦涩平；归心肝经；功效：收敛止血、截疟止痢、解毒补虚。
external\cls_chinese_medicine/train/xianhecao/xianhecao_0696.jpg,仙鹤草,性味苦涩平；归心肝经；功效：收敛止血、截疟止痢、解毒补虚。
external\cls_chinese_medicine/train/xianhecao/xianhecao_1052.jpg,仙鹤草,性味苦涩平；归心肝经；功效：收敛止血、截疟止痢、解毒补虚。
external\cls_chinese_medicine/train/xianhecao/xianhecao_1237.jpg,仙鹤草,性味苦涩平；归心肝经；功效：收敛止血、截疟止痢、解毒补虚。
external\cls_chinese_medicine/train/xianhecao/xianhecao_0404.jpg,仙鹤草,性味苦涩平；归心肝经；功效：收敛止血、截疟止痢、解毒补虚。
external\cls_chinese_medicine/train/xianhecao/xianhecao_0829.jpg,仙鹤草,性味苦涩平；归心肝经；功效：收敛止血、截疟止痢、解毒补虚。
external\cls_chinese_medicine/train/houpu/houpu_1589.jpg,厚朴,性味苦辛温；归脾胃肺大肠经；功效：燥湿消痰、下气除满。
external\cls_chinese_medicine/train/houpu/houpu_0283.jpg,厚朴,性味苦辛温；归脾胃肺大肠经；功效：燥湿消痰、下气除满。
external\cls_chinese_medicine/train/houpu/houpu_0367.jpg,厚朴,性味苦辛温；归脾胃肺大肠经；功效：燥湿消痰、下气除满。
external\cls_chinese_medicine/train/houpu/houpu_0368.jpg,厚朴,性味苦辛温；归脾胃肺大肠经；功效：燥湿消痰、下气除满。
external\cls_chinese_medicine/train/houpu/houpu_1085.jpg,厚朴,性味苦辛温；归脾胃肺大肠经；功效：燥湿消痰、下气除满。
external\cls_chinese_medicine/train/houpu/houpu_0250.jpg,厚朴,性味苦辛温；归脾胃肺大肠经；功效：燥湿消痰、下气除满。
external\cls_chinese_medicine/train/houpu/houpu_0366.jpg,厚朴,性味苦辛温；归脾胃肺大肠经；功效：燥湿消痰、下气除满。
external\cls_chinese_medicine/train/houpu/houpu_0878.jpg,厚朴,性味苦辛温；归脾胃肺大肠经；功效：燥湿消痰、下气除满。
external\cls_chinese_medicine/train/houpu/houpu_0431.jpg,厚朴,性味苦辛温；归脾胃肺大肠经；功效：燥湿消痰、下气除满。
external\cls_chinese_medicine/train/houpu/houpu_1614.jpg,厚朴,性味苦辛温；归脾胃肺大肠经；功效：燥湿消痰、下气除满。
external\cls_chinese_medicine/train/houpu/houpu_1160.jpg,厚朴,性味苦辛温；归脾胃肺大肠经；功效：燥湿消痰、下气除满。
external\cls_chinese_medicine/train/houpu/houpu_0365.jpg,厚朴,性味苦辛温；归脾胃肺大肠经；功效：燥湿消痰、下气除满。
external\cls_chinese_medicine/train/houpu/houpu_0067.jpg,厚朴,性味苦辛温；归脾胃肺大肠经；功效：燥湿消痰、下气除满。
external\cls_chinese_medicine/train/houpu/houpu_1061.jpg,厚朴,性味苦辛温；归脾胃肺大肠经；功效：燥湿消痰、下气除满。
external\cls_chinese_medicine/train/houpu/houpu_0032.jpg,厚朴,性味苦辛温；归脾胃肺大肠经；功效：燥湿消痰、下气除满。
external\cls_chinese_medicine/train/houpu/houpu_1318.jpg,厚朴,性味苦辛温；归脾胃肺大肠经；功效：燥湿消痰、下气除满。
external\cls_chinese_medicine/train/houpu/houpu_0881.jpg,厚朴,性味苦辛温；归脾胃肺大肠经；功效：燥湿消痰、下气除满。
external\cls_chinese_medicine/train/houpu/houpu_1570.jpg,厚朴,性味苦辛温；归脾胃肺大肠经；功效：燥湿消痰、下气除满。
external\cls_chinese_medicine/train/houpu/houpu_0182.jpg,厚朴,性味苦辛温；归脾胃肺大肠经；功效：燥湿消痰、下气除满。
external\cls_chinese_medicine/train/houpu/houpu_0175.jpg,厚朴,性味苦辛温；归脾胃肺大肠经；功效：燥湿消痰、下气除满。
external\cls_chinese_medicine/train/houpu/houpu_1025.jpg,厚朴,性味苦辛温；归脾胃肺大肠经；功效：燥湿消痰、下气除满。
external\cls_chinese_medicine/train/houpu/houpu_0989.jpg,厚朴,性味苦辛温；归脾胃肺大肠经；功效：燥湿消痰、下气除满。
external\cls_chinese_medicine/train/houpu/houpu_0552.jpg,厚朴,性味苦辛温；归脾胃肺大肠经；功效：燥湿消痰、下气除满。
external\cls_chinese_medicine/train/houpu/houpu_1378.jpg,厚朴,性味苦辛温；归脾胃肺大肠经；功效：燥湿消痰、下气除满。
external\cls_chinese_medicine/train/houpu/houpu_0542.jpg,厚朴,性味苦辛温；归脾胃肺大肠经；功效：燥湿消痰、下气除满。
external\cls_chinese_medicine/train/houpu/houpu_0889.jpg,厚朴,性味苦辛温；归脾胃肺大肠经；功效：燥湿消痰、下气除满。
external\cls_chinese_medicine/train/houpu/houpu_0453.jpg,厚朴,性味苦辛温；归脾胃肺大肠经；功效：燥湿消痰、下气除满。
external\cls_chinese_medicine/train/houpu/houpu_0249.jpg,厚朴,性味苦辛温；归脾胃肺大肠经；功效：燥湿消痰、下气除满。
external\cls_chinese_medicine/train/houpu/houpu_0795.jpg,厚朴,性味苦辛温；归脾胃肺大肠经；功效：燥湿消痰、下气除满。
external\cls_chinese_medicine/train/houpu/houpu_0061.jpg,厚朴,性味苦辛温；归脾胃肺大肠经；功效：燥湿消痰、下气除满。
external\cls_chinese_medicine/train/houpu/houpu_0419.jpg,厚朴,性味苦辛温；归脾胃肺大肠经；功效：燥湿消痰、下气除满。
external\cls_chinese_medicine/train/houpu/houpu_0738.jpg,厚朴,性味苦辛温；归脾胃肺大肠经；功效：燥湿消痰、下气除满。
external\cls_chinese_medicine/train/houpu/houpu_0496.jpg,厚朴,性味苦辛温；归脾胃肺大肠经；功效：燥湿消痰、下气除满。
external\cls_chinese_medicine/train/houpu/houpu_0168.jpg,厚朴,性味苦辛温；归脾胃肺大肠经；功效：燥湿消痰、下气除满。
external\cls_chinese_medicine/train/houpu/houpu_0923.jpg,厚朴,性味苦辛温；归脾胃肺大肠经；功效：燥湿消痰、下气除满。
external\cls_chinese_medicine/train/houpu/houpu_0896.jpg,厚朴,性味苦辛温；归脾胃肺大肠经；功效：燥湿消痰、下气除满。
external\cls_chinese_medicine/train/houpu/houpu_1143.jpg,厚朴,性味苦辛温；归脾胃肺大肠经；功效：燥湿消痰、下气除满。
external\cls_chinese_medicine/train/houpu/houpu_1547.jpg,厚朴,性味苦辛温；归脾胃肺大肠经；功效：燥湿消痰、下气除满。
external\cls_chinese_medicine/train/houpu/houpu_0489.jpg,厚朴,性味苦辛温；归脾胃肺大肠经；功效：燥湿消痰、下气除满。
external\cls_chinese_medicine/train/houpu/houpu_0192.jpg,厚朴,性味苦辛温；归脾胃肺大肠经；功效：燥湿消痰、下气除满。
external\cls_chinese_medicine/train/houpu/houpu_0727.jpg,厚朴,性味苦辛温；归脾胃肺大肠经；功效：燥湿消痰、下气除满。
external\cls_chinese_medicine/train/houpu/houpu_1342.jpg,厚朴,性味苦辛温；归脾胃肺大肠经；功效：燥湿消痰、下气除满。
external\cls_chinese_medicine/train/houpu/houpu_0513.jpg,厚朴,性味苦辛温；归脾胃肺大肠经；功效：燥湿消痰、下气除满。
external\cls_chinese_medicine/train/houpu/houpu_1267.jpg,厚朴,性味苦辛温；归脾胃肺大肠经；功效：燥湿消痰、下气除满。
external\cls_chinese_medicine/train/houpu/houpu_0394.jpg,厚朴,性味苦辛温；归脾胃肺大肠经；功效：燥湿消痰、下气除满。
external\cls_chinese_medicine/train/houpu/houpu_1560.jpg,厚朴,性味苦辛温；归脾胃肺大肠经；功效：燥湿消痰、下气除满。
external\cls_chinese_medicine/train/houpu/houpu_0719.jpg,厚朴,性味苦辛温；归脾胃肺大肠经；功效：燥湿消痰、下气除满。
external\cls_chinese_medicine/train/houpu/houpu_0632.jpg,厚朴,性味苦辛温；归脾胃肺大肠经；功效：燥湿消痰、下气除满。
external\cls_chinese_medicine/train/houpu/houpu_1615.jpg,厚朴,性味苦辛温；归脾胃肺大肠经；功效：燥湿消痰、下气除满。
external\cls_chinese_medicine/train/houpu/houpu_0353.jpg,厚朴,性味苦辛温；归脾胃肺大肠经；功效：燥湿消痰、下气除满。
external\cls_chinese_medicine/train/houpu/houpu_0128.jpg,厚朴,性味苦辛温；归脾胃肺大肠经；功效：燥湿消痰、下气除满。
external\cls_chinese_medicine/train/houpu/houpu_1432.jpg,厚朴,性味苦辛温；归脾胃肺大肠经；功效：燥湿消痰、下气除满。
external\cls_chinese_medicine/train/houpu/houpu_0288.jpg,厚朴,性味苦辛温；归脾胃肺大肠经；功效：燥湿消痰、下气除满。
external\cls_chinese_medicine/train/houpu/houpu_1026.jpg,厚朴,性味苦辛温；归脾胃肺大肠经；功效：燥湿消痰、下气除满。
external\cls_chinese_medicine/train/houpu/houpu_1124.jpg,厚朴,性味苦辛温；归脾胃肺大肠经；功效：燥湿消痰、下气除满。
external\cls_chinese_medicine/train/houpu/houpu_1425.jpg,厚朴,性味苦辛温；归脾胃肺大肠经；功效：燥湿消痰、下气除满。
external\cls_chinese_medicine/train/houpu/houpu_1072.jpg,厚朴,性味苦辛温；归脾胃肺大肠经；功效：燥湿消痰、下气除满。
external\cls_chinese_medicine/train/houpu/houpu_1348.jpg,厚朴,性味苦辛温；归脾胃肺大肠经；功效：燥湿消痰、下气除满。
external\cls_chinese_medicine/train/houpu/houpu_0696.jpg,厚朴,性味苦辛温；归脾胃肺大肠经；功效：燥湿消痰、下气除满。
external\cls_chinese_medicine/train/houpu/houpu_0024.jpg,厚朴,性味苦辛温；归脾胃肺大肠经；功效：燥湿消痰、下气除满。
external\cls_chinese_medicine/train/houpu/houpu_1193.jpg,厚朴,性味苦辛温；归脾胃肺大肠经；功效：燥湿消痰、下气除满。
external\cls_chinese_medicine/train/houpu/houpu_0212.jpg,厚朴,性味苦辛温；归脾胃肺大肠经；功效：燥湿消痰、下气除满。
external\cls_chinese_medicine/train/houpu/houpu_0385.jpg,厚朴,性味苦辛温；归脾胃肺大肠经；功效：燥湿消痰、下气除满。
external\cls_chinese_medicine/train/houpu/houpu_0051.jpg,厚朴,性味苦辛温；归脾胃肺大肠经；功效：燥湿消痰、下气除满。
external\cls_chinese_medicine/train/houpu/houpu_1503.jpg,厚朴,性味苦辛温；归脾胃肺大肠经；功效：燥湿消痰、下气除满。
external\cls_chinese_medicine/train/houpu/houpu_0786.jpg,厚朴,性味苦辛温；归脾胃肺大肠经；功效：燥湿消痰、下气除满。
external\cls_chinese_medicine/train/houpu/houpu_0694.jpg,厚朴,性味苦辛温；归脾胃肺大肠经；功效：燥湿消痰、下气除满。
external\cls_chinese_medicine/train/houpu/houpu_0639.jpg,厚朴,性味苦辛温；归脾胃肺大肠经；功效：燥湿消痰、下气除满。
external\cls_chinese_medicine/train/houpu/houpu_0284.jpg,厚朴,性味苦辛温；归脾胃肺大肠经；功效：燥湿消痰、下气除满。
external\cls_chinese_medicine/train/houpu/houpu_0443.jpg,厚朴,性味苦辛温；归脾胃肺大肠经；功效：燥湿消痰、下气除满。
external\cls_chinese_medicine/train/houpu/houpu_1619.jpg,厚朴,性味苦辛温；归脾胃肺大肠经；功效：燥湿消痰、下气除满。
external\cls_chinese_medicine/train/houpu/houpu_1262.jpg,厚朴,性味苦辛温；归脾胃肺大肠经；功效：燥湿消痰、下气除满。
external\cls_chinese_medicine/train/houpu/houpu_0127.jpg,厚朴,性味苦辛温；归脾胃肺大肠经；功效：燥湿消痰、下气除满。
external\cls_chinese_medicine/train/houpu/houpu_1435.jpg,厚朴,性味苦辛温；归脾胃肺大肠经；功效：燥湿消痰、下气除满。
external\cls_chinese_medicine/train/houpu/houpu_0247.jpg,厚朴,性味苦辛温；归脾胃肺大肠经；功效：燥湿消痰、下气除满。
external\cls_chinese_medicine/train/houpu/houpu_0955.jpg,厚朴,性味苦辛温；归脾胃肺大肠经；功效：燥湿消痰、下气除满。
external\cls_chinese_medicine/train/houpu/houpu_0207.jpg,厚朴,性味苦辛温；归脾胃肺大肠经；功效：燥湿消痰、下气除满。
external\cls_chinese_medicine/train/houpu/houpu_0208.jpg,厚朴,性味苦辛温；归脾胃肺大肠经；功效：燥湿消痰、下气除满。
external\cls_chinese_medicine/train/houpu/houpu_1065.jpg,厚朴,性味苦辛温；归脾胃肺大肠经；功效：燥湿消痰、下气除满。
external\cls_chinese_medicine/train/houpu/houpu_1146.jpg,厚朴,性味苦辛温；归脾胃肺大肠经；功效：燥湿消痰、下气除满。
external\cls_chinese_medicine/train/houpu/houpu_0915.jpg,厚朴,性味苦辛温；归脾胃肺大肠经；功效：燥湿消痰、下气除满。
external\cls_chinese_medicine/train/houpu/houpu_1102.jpg,厚朴,性味苦辛温；归脾胃肺大肠经；功效：燥湿消痰、下气除满。
external\cls_chinese_medicine/train/houpu/houpu_0102.jpg,厚朴,性味苦辛温；归脾胃肺大肠经；功效：燥湿消痰、下气除满。
external\cls_chinese_medicine/train/houpu/houpu_0346.jpg,厚朴,性味苦辛温；归脾胃肺大肠经；功效：燥湿消痰、下气除满。
external\cls_chinese_medicine/train/houpu/houpu_0053.jpg,厚朴,性味苦辛温；归脾胃肺大肠经；功效：燥湿消痰、下气除满。
external\cls_chinese_medicine/train/houpu/houpu_0072.jpg,厚朴,性味苦辛温；归脾胃肺大肠经；功效：燥湿消痰、下气除满。
external\cls_chinese_medicine/train/houpu/houpu_1419.jpg,厚朴,性味苦辛温；归脾胃肺大肠经；功效：燥湿消痰、下气除满。
external\cls_chinese_medicine/train/houpu/houpu_0078.jpg,厚朴,性味苦辛温；归脾胃肺大肠经；功效：燥湿消痰、下气除满。
external\cls_chinese_medicine/train/houpu/houpu_1040.jpg,厚朴,性味苦辛温；归脾胃肺大肠经；功效：燥湿消痰、下气除满。
external\cls_chinese_medicine/train/houpu/houpu_1211.jpg,厚朴,性味苦辛温；归脾胃肺大肠经；功效：燥湿消痰、下气除满。
external\cls_chinese_medicine/train/houpu/houpu_0146.jpg,厚朴,性味苦辛温；归脾胃肺大肠经；功效：燥湿消痰、下气除满。
external\cls_chinese_medicine/train/houpu/houpu_1424.jpg,厚朴,性味苦辛温；归脾胃肺大肠经；功效：燥湿消痰、下气除满。
external\cls_chinese_medicine/train/houpu/houpu_1229.jpg,厚朴,性味苦辛温；归脾胃肺大肠经；功效：燥湿消痰、下气除满。
external\cls_chinese_medicine/train/houpu/houpu_0910.jpg,厚朴,性味苦辛温；归脾胃肺大肠经；功效：燥湿消痰、下气除满。
external\cls_chinese_medicine/train/houpu/houpu_0942.jpg,厚朴,性味苦辛温；归脾胃肺大肠经；功效：燥湿消痰、下气除满。
external\cls_chinese_medicine/train/houpu/houpu_1212.jpg,厚朴,性味苦辛温；归脾胃肺大肠经；功效：燥湿消痰、下气除满。
external\cls_chinese_medicine/train/houpu/houpu_1153.jpg,厚朴,性味苦辛温；归脾胃肺大肠经；功效：燥湿消痰、下气除满。
external\cls_chinese_medicine/train/houpu/houpu_0230.jpg,厚朴,性味苦辛温；归脾胃肺大肠经；功效：燥湿消痰、下气除满。
external\cls_chinese_medicine/train/houpu/houpu_0345.jpg,厚朴,性味苦辛温；归脾胃肺大肠经；功效：燥湿消痰、下气除满。
external\cls_chinese_medicine/train/houpu/houpu_0961.jpg,厚朴,性味苦辛温；归脾胃肺大肠经；功效：燥湿消痰、下气除满。
external\cls_chinese_medicine/train/houpu/houpu_0193.jpg,厚朴,性味苦辛温；归脾胃肺大肠经；功效：燥湿消痰、下气除满。
external\cls_chinese_medicine/train/houpu/houpu_0395.jpg,厚朴,性味苦辛温；归脾胃肺大肠经；功效：燥湿消痰、下气除满。
external\cls_chinese_medicine/train/houpu/houpu_0854.jpg,厚朴,性味苦辛温；归脾胃肺大肠经；功效：燥湿消痰、下气除满。
external\cls_chinese_medicine/train/houpu/houpu_0274.jpg,厚朴,性味苦辛温；归脾胃肺大肠经；功效：燥湿消痰、下气除满。
external\cls_chinese_medicine/train/houpu/houpu_0998.jpg,厚朴,性味苦辛温；归脾胃肺大肠经；功效：燥湿消痰、下气除满。
external\cls_chinese_medicine/train/houpu/houpu_1543.jpg,厚朴,性味苦辛温；归脾胃肺大肠经；功效：燥湿消痰、下气除满。
external\cls_chinese_medicine/train/houpu/houpu_1415.jpg,厚朴,性味苦辛温；归脾胃肺大肠经；功效：燥湿消痰、下气除满。
external\cls_chinese_medicine/train/houpu/houpu_1230.jpg,厚朴,性味苦辛温；归脾胃肺大肠经；功效：燥湿消痰、下气除满。
external\cls_chinese_medicine/train/houpu/houpu_0139.jpg,厚朴,性味苦辛温；归脾胃肺大肠经；功效：燥湿消痰、下气除满。
external\cls_chinese_medicine/train/houpu/houpu_0746.jpg,厚朴,性味苦辛温；归脾胃肺大肠经；功效：燥湿消痰、下气除满。
external\cls_chinese_medicine/train/houpu/houpu_0508.jpg,厚朴,性味苦辛温；归脾胃肺大肠经；功效：燥湿消痰、下气除满。
external\cls_chinese_medicine/train/houpu/houpu_0547.jpg,厚朴,性味苦辛温；归脾胃肺大肠经；功效：燥湿消痰、下气除满。
external\cls_chinese_medicine/train/houpu/houpu_1139.jpg,厚朴,性味苦辛温；归脾胃肺大肠经；功效：燥湿消痰、下气除满。
external\cls_chinese_medicine/train/houpu/houpu_1214.jpg,厚朴,性味苦辛温；归脾胃肺大肠经；功效：燥湿消痰、下气除满。
external\cls_chinese_medicine/train/houpu/houpu_0069.jpg,厚朴,性味苦辛温；归脾胃肺大肠经；功效：燥湿消痰、下气除满。
external\cls_chinese_medicine/train/houpu/houpu_0397.jpg,厚朴,性味苦辛温；归脾胃肺大肠经；功效：燥湿消痰、下气除满。
external\cls_chinese_medicine/train/houpu/houpu_1339.jpg,厚朴,性味苦辛温；归脾胃肺大肠经；功效：燥湿消痰、下气除满。
external\cls_chinese_medicine/train/houpu/houpu_0323.jpg,厚朴,性味苦辛温；归脾胃肺大肠经；功效：燥湿消痰、下气除满。
external\cls_chinese_medicine/train/houpu/houpu_1263.jpg,厚朴,性味苦辛温；归脾胃肺大肠经；功效：燥湿消痰、下气除满。
external\cls_chinese_medicine/train/houpu/houpu_0781.jpg,厚朴,性味苦辛温；归脾胃肺大肠经；功效：燥湿消痰、下气除满。
external\cls_chinese_medicine/train/houpu/houpu_0976.jpg,厚朴,性味苦辛温；归脾胃肺大肠经；功效：燥湿消痰、下气除满。
external\cls_chinese_medicine/train/houpu/houpu_1169.jpg,厚朴,性味苦辛温；归脾胃肺大肠经；功效：燥湿消痰、下气除满。
external\cls_chinese_medicine/train/houpu/houpu_1558.jpg,厚朴,性味苦辛温；归脾胃肺大肠经；功效：燥湿消痰、下气除满。
external\cls_chinese_medicine/train/houpu/houpu_1093.jpg,厚朴,性味苦辛温；归脾胃肺大肠经；功效：燥湿消痰、下气除满。
external\cls_chinese_medicine/train/houpu/houpu_0430.jpg,厚朴,性味苦辛温；归脾胃肺大肠经；功效：燥湿消痰、下气除满。
external\cls_chinese_medicine/train/houpu/houpu_1142.jpg,厚朴,性味苦辛温；归脾胃肺大肠经；功效：燥湿消痰、下气除满。
external\cls_chinese_medicine/train/houpu/houpu_0918.jpg,厚朴,性味苦辛温；归脾胃肺大肠经；功效：燥湿消痰、下气除满。
external\cls_chinese_medicine/train/houpu/houpu_0031.jpg,厚朴,性味苦辛温；归脾胃肺大肠经；功效：燥湿消痰、下气除满。
external\cls_chinese_medicine/train/houpu/houpu_0381.jpg,厚朴,性味苦辛温；归脾胃肺大肠经；功效：燥湿消痰、下气除满。
external\cls_chinese_medicine/train/houpu/houpu_0752.jpg,厚朴,性味苦辛温；归脾胃肺大肠经；功效：燥湿消痰、下气除满。
external\cls_chinese_medicine/train/houpu/houpu_0503.jpg,厚朴,性味苦辛温；归脾胃肺大肠经；功效：燥湿消痰、下气除满。
external\cls_chinese_medicine/train/houpu/houpu_0653.jpg,厚朴,性味苦辛温；归脾胃肺大肠经；功效：燥湿消痰、下气除满。
external\cls_chinese_medicine/train/houpu/houpu_0624.jpg,厚朴,性味苦辛温；归脾胃肺大肠经；功效：燥湿消痰、下气除满。
external\cls_chinese_medicine/train/houpu/houpu_0364.jpg,厚朴,性味苦辛温；归脾胃肺大肠经；功效：燥湿消痰、下气除满。
external\cls_chinese_medicine/train/houpu/houpu_0851.jpg,厚朴,性味苦辛温；归脾胃肺大肠经；功效：燥湿消痰、下气除满。
external\cls_chinese_medicine/train/houpu/houpu_1399.jpg,厚朴,性味苦辛温；归脾胃肺大肠经；功效：燥湿消痰、下气除满。
external\cls_chinese_medicine/train/houpu/houpu_0380.jpg,厚朴,性味苦辛温；归脾胃肺大肠经；功效：燥湿消痰、下气除满。
external\cls_chinese_medicine/train/houpu/houpu_1152.jpg,厚朴,性味苦辛温；归脾胃肺大肠经；功效：燥湿消痰、下气除满。
external\cls_chinese_medicine/train/houpu/houpu_0620.jpg,厚朴,性味苦辛温；归脾胃肺大肠经；功效：燥湿消痰、下气除满。
external\cls_chinese_medicine/train/houpu/houpu_1408.jpg,厚朴,性味苦辛温；归脾胃肺大肠经；功效：燥湿消痰、下气除满。
external\cls_chinese_medicine/train/houpu/houpu_0442.jpg,厚朴,性味苦辛温；归脾胃肺大肠经；功效：燥湿消痰、下气除满。
external\cls_chinese_medicine/train/houpu/houpu_0704.jpg,厚朴,性味苦辛温；归脾胃肺大肠经；功效：燥湿消痰、下气除满。
external\cls_chinese_medicine/train/houpu/houpu_1002.jpg,厚朴,性味苦辛温；归脾胃肺大肠经；功效：燥湿消痰、下气除满。
external\cls_chinese_medicine/train/houpu/houpu_0428.jpg,厚朴,性味苦辛温；归脾胃肺大肠经；功效：燥湿消痰、下气除满。
external\cls_chinese_medicine/train/houpu/houpu_1464.jpg,厚朴,性味苦辛温；归脾胃肺大肠经；功效：燥湿消痰、下气除满。
external\cls_chinese_medicine/train/houpu/houpu_1587.jpg,厚朴,性味苦辛温；归脾胃肺大肠经；功效：燥湿消痰、下气除满。
external\cls_chinese_medicine/train/houpu/houpu_0703.jpg,厚朴,性味苦辛温；归脾胃肺大肠经；功效：燥湿消痰、下气除满。
external\cls_chinese_medicine/train/houpu/houpu_0870.jpg,厚朴,性味苦辛温；归脾胃肺大肠经；功效：燥湿消痰、下气除满。
external\cls_chinese_medicine/train/houpu/houpu_1274.jpg,厚朴,性味苦辛温；归脾胃肺大肠经；功效：燥湿消痰、下气除满。
external\cls_chinese_medicine/train/houpu/houpu_1070.jpg,厚朴,性味苦辛温；归脾胃肺大肠经；功效：燥湿消痰、下气除满。
external\cls_chinese_medicine/train/houpu/houpu_0954.jpg,厚朴,性味苦辛温；归脾胃肺大肠经；功效：燥湿消痰、下气除满。
external\cls_chinese_medicine/train/houpu/houpu_1454.jpg,厚朴,性味苦辛温；归脾胃肺大肠经；功效：燥湿消痰、下气除满。
external\cls_chinese_medicine/train/houpu/houpu_0497.jpg,厚朴,性味苦辛温；归脾胃肺大肠经；功效：燥湿消痰、下气除满。
external\cls_chinese_medicine/train/houpu/houpu_1087.jpg,厚朴,性味苦辛温；归脾胃肺大肠经；功效：燥湿消痰、下气除满。
external\cls_chinese_medicine/train/houpu/houpu_0046.jpg,厚朴,性味苦辛温；归脾胃肺大肠经；功效：燥湿消痰、下气除满。
external\cls_chinese_medicine/train/houpu/houpu_0977.jpg,厚朴,性味苦辛温；归脾胃肺大肠经；功效：燥湿消痰、下气除满。
external\cls_chinese_medicine/train/houpu/houpu_0255.jpg,厚朴,性味苦辛温；归脾胃肺大肠经；功效：燥湿消痰、下气除满。
external\cls_chinese_medicine/train/houpu/houpu_1013.jpg,厚朴,性味苦辛温；归脾胃肺大肠经；功效：燥湿消痰、下气除满。
external\cls_chinese_medicine/train/houpu/houpu_1404.jpg,厚朴,性味苦辛温；归脾胃肺大肠经；功效：燥湿消痰、下气除满。
external\cls_chinese_medicine/train/houpu/houpu_1586.jpg,厚朴,性味苦辛温；归脾胃肺大肠经；功效：燥湿消痰、下气除满。
external\cls_chinese_medicine/train/houpu/houpu_1331.jpg,厚朴,性味苦辛温；归脾胃肺大肠经；功效：燥湿消痰、下气除满。
external\cls_chinese_medicine/train/houpu/houpu_0119.jpg,厚朴,性味苦辛温；归脾胃肺大肠经；功效：燥湿消痰、下气除满。
external\cls_chinese_medicine/train/houpu/houpu_1165.jpg,厚朴,性味苦辛温；归脾胃肺大肠经；功效：燥湿消痰、下气除满。
external\cls_chinese_medicine/train/houpu/houpu_0804.jpg,厚朴,性味苦辛温；归脾胃肺大肠经；功效：燥湿消痰、下气除满。
external\cls_chinese_medicine/train/houpu/houpu_0852.jpg,厚朴,性味苦辛温；归脾胃肺大肠经；功效：燥湿消痰、下气除满。
external\cls_chinese_medicine/train/houpu/houpu_1119.jpg,厚朴,性味苦辛温；归脾胃肺大肠经；功效：燥湿消痰、下气除满。
external\cls_chinese_medicine/train/houpu/houpu_0605.jpg,厚朴,性味苦辛温；归脾胃肺大肠经；功效：燥湿消痰、下气除满。
external\cls_chinese_medicine/train/houpu/houpu_1048.jpg,厚朴,性味苦辛温；归脾胃肺大肠经；功效：燥湿消痰、下气除满。
external\cls_chinese_medicine/train/houpu/houpu_0287.jpg,厚朴,性味苦辛温；归脾胃肺大肠经；功效：燥湿消痰、下气除满。
external\cls_chinese_medicine/train/houpu/houpu_0080.jpg,厚朴,性味苦辛温；归脾胃肺大肠经；功效：燥湿消痰、下气除满。
external\cls_chinese_medicine/train/houpu/houpu_1036.jpg,厚朴,性味苦辛温；归脾胃肺大肠经；功效：燥湿消痰、下气除满。
external\cls_chinese_medicine/train/houpu/houpu_1492.jpg,厚朴,性味苦辛温；归脾胃肺大肠经；功效：燥湿消痰、下气除满。
external\cls_chinese_medicine/train/houpu/houpu_1512.jpg,厚朴,性味苦辛温；归脾胃肺大肠经；功效：燥湿消痰、下气除满。
external\cls_chinese_medicine/train/houpu/houpu_0272.jpg,厚朴,性味苦辛温；归脾胃肺大肠经；功效：燥湿消痰、下气除满。
external\cls_chinese_medicine/train/houpu/houpu_0812.jpg,厚朴,性味苦辛温；归脾胃肺大肠经；功效：燥湿消痰、下气除满。
external\cls_chinese_medicine/train/houpu/houpu_0892.jpg,厚朴,性味苦辛温；归脾胃肺大肠经；功效：燥湿消痰、下气除满。
external\cls_chinese_medicine/train/houpu/houpu_0016.jpg,厚朴,性味苦辛温；归脾胃肺大肠经；功效：燥湿消痰、下气除满。
external\cls_chinese_medicine/train/houpu/houpu_0623.jpg,厚朴,性味苦辛温；归脾胃肺大肠经；功效：燥湿消痰、下气除满。
external\cls_chinese_medicine/train/houpu/houpu_1074.jpg,厚朴,性味苦辛温；归脾胃肺大肠经；功效：燥湿消痰、下气除满。
external\cls_chinese_medicine/train/houpu/houpu_0338.jpg,厚朴,性味苦辛温；归脾胃肺大肠经；功效：燥湿消痰、下气除满。
external\cls_chinese_medicine/train/houpu/houpu_0642.jpg,厚朴,性味苦辛温；归脾胃肺大肠经；功效：燥湿消痰、下气除满。
external\cls_chinese_medicine/train/houpu/houpu_0448.jpg,厚朴,性味苦辛温；归脾胃肺大肠经；功效：燥湿消痰、下气除满。
external\cls_chinese_medicine/train/houpu/houpu_0516.jpg,厚朴,性味苦辛温；归脾胃肺大肠经；功效：燥湿消痰、下气除满。
external\cls_chinese_medicine/train/houpu/houpu_1261.jpg,厚朴,性味苦辛温；归脾胃肺大肠经；功效：燥湿消痰、下气除满。
external\cls_chinese_medicine/train/houpu/houpu_1186.jpg,厚朴,性味苦辛温；归脾胃肺大肠经；功效：燥湿消痰、下气除满。
external\cls_chinese_medicine/train/houpu/houpu_1255.jpg,厚朴,性味苦辛温；归脾胃肺大肠经；功效：燥湿消痰、下气除满。
external\cls_chinese_medicine/train/houpu/houpu_0587.jpg,厚朴,性味苦辛温；归脾胃肺大肠经；功效：燥湿消痰、下气除满。
external\cls_chinese_medicine/train/houpu/houpu_0930.jpg,厚朴,性味苦辛温；归脾胃肺大肠经；功效：燥湿消痰、下气除满。
external\cls_chinese_medicine/train/houpu/houpu_0425.jpg,厚朴,性味苦辛温；归脾胃肺大肠经；功效：燥湿消痰、下气除满。
external\cls_chinese_medicine/train/houpu/houpu_0375.jpg,厚朴,性味苦辛温；归脾胃肺大肠经；功效：燥湿消痰、下气除满。
external\cls_chinese_medicine/train/houpu/houpu_1201.jpg,厚朴,性味苦辛温；归脾胃肺大肠经；功效：燥湿消痰、下气除满。
external\cls_chinese_medicine/train/houpu/houpu_0946.jpg,厚朴,性味苦辛温；归脾胃肺大肠经；功效：燥湿消痰、下气除满。
external\cls_chinese_medicine/train/houpu/houpu_1402.jpg,厚朴,性味苦辛温；归脾胃肺大肠经；功效：燥湿消痰、下气除满。
external\cls_chinese_medicine/train/houpu/houpu_0981.jpg,厚朴,性味苦辛温；归脾胃肺大肠经；功效：燥湿消痰、下气除满。
external\cls_chinese_medicine/train/houpu/houpu_1098.jpg,厚朴,性味苦辛温；归脾胃肺大肠经；功效：燥湿消痰、下气除满。
external\cls_chinese_medicine/train/houpu/houpu_1349.jpg,厚朴,性味苦辛温；归脾胃肺大肠经；功效：燥湿消痰、下气除满。
external\cls_chinese_medicine/train/houpu/houpu_0546.jpg,厚朴,性味苦辛温；归脾胃肺大肠经；功效：燥湿消痰、下气除满。
external\cls_chinese_medicine/train/houpu/houpu_0940.jpg,厚朴,性味苦辛温；归脾胃肺大肠经；功效：燥湿消痰、下气除满。
external\cls_chinese_medicine/train/houpu/houpu_0058.jpg,厚朴,性味苦辛温；归脾胃肺大肠经；功效：燥湿消痰、下气除满。
external\cls_chinese_medicine/train/houpu/houpu_0075.jpg,厚朴,性味苦辛温；归脾胃肺大肠经；功效：燥湿消痰、下气除满。
external\cls_chinese_medicine/train/houpu/houpu_0408.jpg,厚朴,性味苦辛温；归脾胃肺大肠经；功效：燥湿消痰、下气除满。
external\cls_chinese_medicine/train/houpu/houpu_1553.jpg,厚朴,性味苦辛温；归脾胃肺大肠经；功效：燥湿消痰、下气除满。
external\cls_chinese_medicine/train/houpu/houpu_0603.jpg,厚朴,性味苦辛温；归脾胃肺大肠经；功效：燥湿消痰、下气除满。
external\cls_chinese_medicine/train/houpu/houpu_0739.jpg,厚朴,性味苦辛温；归脾胃肺大肠经；功效：燥湿消痰、下气除满。
external\cls_chinese_medicine/train/houpu/houpu_0045.jpg,厚朴,性味苦辛温；归脾胃肺大肠经；功效：燥湿消痰、下气除满。
external\cls_chinese_medicine/train/houpu/houpu_1585.jpg,厚朴,性味苦辛温；归脾胃肺大肠经；功效：燥湿消痰、下气除满。
external\cls_chinese_medicine/train/houpu/houpu_0643.jpg,厚朴,性味苦辛温；归脾胃肺大肠经；功效：燥湿消痰、下气除满。
external\cls_chinese_medicine/train/houpu/houpu_0953.jpg,厚朴,性味苦辛温；归脾胃肺大肠经；功效：燥湿消痰、下气除满。
external\cls_chinese_medicine/train/houpu/houpu_0258.jpg,厚朴,性味苦辛温；归脾胃肺大肠经；功效：燥湿消痰、下气除满。
external\cls_chinese_medicine/train/houpu/houpu_0104.jpg,厚朴,性味苦辛温；归脾胃肺大肠经；功效：燥湿消痰、下气除满。
external\cls_chinese_medicine/train/houpu/houpu_0447.jpg,厚朴,性味苦辛温；归脾胃肺大肠经；功效：燥湿消痰、下气除满。
external\cls_chinese_medicine/train/houpu/houpu_0621.jpg,厚朴,性味苦辛温；归脾胃肺大肠经；功效：燥湿消痰、下气除满。
external\cls_chinese_medicine/train/houpu/houpu_0110.jpg,厚朴,性味苦辛温；归脾胃肺大肠经；功效：燥湿消痰、下气除满。
external\cls_chinese_medicine/train/houpu/houpu_0511.jpg,厚朴,性味苦辛温；归脾胃肺大肠经；功效：燥湿消痰、下气除满。
external\cls_chinese_medicine/train/houpu/houpu_1130.jpg,厚朴,性味苦辛温；归脾胃肺大肠经；功效：燥湿消痰、下气除满。
external\cls_chinese_medicine/train/houpu/houpu_1032.jpg,厚朴,性味苦辛温；归脾胃肺大肠经；功效：燥湿消痰、下气除满。
external\cls_chinese_medicine/train/houpu/houpu_0444.jpg,厚朴,性味苦辛温；归脾胃肺大肠经；功效：燥湿消痰、下气除满。
external\cls_chinese_medicine/train/houpu/houpu_1508.jpg,厚朴,性味苦辛温；归脾胃肺大肠经；功效：燥湿消痰、下气除满。
external\cls_chinese_medicine/train/houpu/houpu_1447.jpg,厚朴,性味苦辛温；归脾胃肺大肠经；功效：燥湿消痰、下气除满。
external\cls_chinese_medicine/train/houpu/houpu_0519.jpg,厚朴,性味苦辛温；归脾胃肺大肠经；功效：燥湿消痰、下气除满。
external\cls_chinese_medicine/train/houpu/houpu_0774.jpg,厚朴,性味苦辛温；归脾胃肺大肠经；功效：燥湿消痰、下气除满。
external\cls_chinese_medicine/train/houpu/houpu_0893.jpg,厚朴,性味苦辛温；归脾胃肺大肠经；功效：燥湿消痰、下气除满。
external\cls_chinese_medicine/train/houpu/houpu_0132.jpg,厚朴,性味苦辛温；归脾胃肺大肠经；功效：燥湿消痰、下气除满。
external\cls_chinese_medicine/train/houpu/houpu_0641.jpg,厚朴,性味苦辛温；归脾胃肺大肠经；功效：燥湿消痰、下气除满。
external\cls_chinese_medicine/train/houpu/houpu_0312.jpg,厚朴,性味苦辛温；归脾胃肺大肠经；功效：燥湿消痰、下气除满。
external\cls_chinese_medicine/train/houpu/houpu_1606.jpg,厚朴,性味苦辛温；归脾胃肺大肠经；功效：燥湿消痰、下气除满。
external\cls_chinese_medicine/train/houpu/houpu_0756.jpg,厚朴,性味苦辛温；归脾胃肺大肠经；功效：燥湿消痰、下气除满。
external\cls_chinese_medicine/train/houpu/houpu_1243.jpg,厚朴,性味苦辛温；归脾胃肺大肠经；功效：燥湿消痰、下气除满。
external\cls_chinese_medicine/train/houpu/houpu_1411.jpg,厚朴,性味苦辛温；归脾胃肺大肠经；功效：燥湿消痰、下气除满。
external\cls_chinese_medicine/train/houpu/houpu_0499.jpg,厚朴,性味苦辛温；归脾胃肺大肠经；功效：燥湿消痰、下气除满。
external\cls_chinese_medicine/train/houpu/houpu_1580.jpg,厚朴,性味苦辛温；归脾胃肺大肠经；功效：燥湿消痰、下气除满。
external\cls_chinese_medicine/train/houpu/houpu_0936.jpg,厚朴,性味苦辛温；归脾胃肺大肠经；功效：燥湿消痰、下气除满。
external\cls_chinese_medicine/train/houpu/houpu_0784.jpg,厚朴,性味苦辛温；归脾胃肺大肠经；功效：燥湿消痰、下气除满。
external\cls_chinese_medicine/train/houpu/houpu_1250.jpg,厚朴,性味苦辛温；归脾胃肺大肠经；功效：燥湿消痰、下气除满。
external\cls_chinese_medicine/train/houpu/houpu_0500.jpg,厚朴,性味苦辛温；归脾胃肺大肠经；功效：燥湿消痰、下气除满。
external\cls_chinese_medicine/train/houpu/houpu_1300.jpg,厚朴,性味苦辛温；归脾胃肺大肠经；功效：燥湿消痰、下气除满。
external\cls_chinese_medicine/train/houpu/houpu_1244.jpg,厚朴,性味苦辛温；归脾胃肺大肠经；功效：燥湿消痰、下气除满。
external\cls_chinese_medicine/train/houpu/houpu_1475.jpg,厚朴,性味苦辛温；归脾胃肺大肠经；功效：燥湿消痰、下气除满。
external\cls_chinese_medicine/train/houpu/houpu_1158.jpg,厚朴,性味苦辛温；归脾胃肺大肠经；功效：燥湿消痰、下气除满。
external\cls_chinese_medicine/train/houpu/houpu_1610.jpg,厚朴,性味苦辛温；归脾胃肺大肠经；功效：燥湿消痰、下气除满。
external\cls_chinese_medicine/train/houpu/houpu_0034.jpg,厚朴,性味苦辛温；归脾胃肺大肠经；功效：燥湿消痰、下气除满。
external\cls_chinese_medicine/train/houpu/houpu_0735.jpg,厚朴,性味苦辛温；归脾胃肺大肠经；功效：燥湿消痰、下气除满。
external\cls_chinese_medicine/train/houpu/houpu_0783.jpg,厚朴,性味苦辛温；归脾胃肺大肠经；功效：燥湿消痰、下气除满。
external\cls_chinese_medicine/train/houpu/houpu_0582.jpg,厚朴,性味苦辛温；归脾胃肺大肠经；功效：燥湿消痰、下气除满。
external\cls_chinese_medicine/train/houpu/houpu_1502.jpg,厚朴,性味苦辛温；归脾胃肺大肠经；功效：燥湿消痰、下气除满。
external\cls_chinese_medicine/train/houpu/houpu_1266.jpg,厚朴,性味苦辛温；归脾胃肺大肠经；功效：燥湿消痰、下气除满。
external\cls_chinese_medicine/train/houpu/houpu_0612.jpg,厚朴,性味苦辛温；归脾胃肺大肠经；功效：燥湿消痰、下气除满。
external\cls_chinese_medicine/train/houpu/houpu_0596.jpg,厚朴,性味苦辛温；归脾胃肺大肠经；功效：燥湿消痰、下气除满。
external\cls_chinese_medicine/train/houpu/houpu_0674.jpg,厚朴,性味苦辛温；归脾胃肺大肠经；功效：燥湿消痰、下气除满。
external\cls_chinese_medicine/train/houpu/houpu_1004.jpg,厚朴,性味苦辛温；归脾胃肺大肠经；功效：燥湿消痰、下气除满。
external\cls_chinese_medicine/train/houpu/houpu_0241.jpg,厚朴,性味苦辛温；归脾胃肺大肠经；功效：燥湿消痰、下气除满。
external\cls_chinese_medicine/train/houpu/houpu_0575.jpg,厚朴,性味苦辛温；归脾胃肺大肠经；功效：燥湿消痰、下气除满。
external\cls_chinese_medicine/train/houpu/houpu_1386.jpg,厚朴,性味苦辛温；归脾胃肺大肠经；功效：燥湿消痰、下气除满。
external\cls_chinese_medicine/train/houpu/houpu_0883.jpg,厚朴,性味苦辛温；归脾胃肺大肠经；功效：燥湿消痰、下气除满。
external\cls_chinese_medicine/train/houpu/houpu_0169.jpg,厚朴,性味苦辛温；归脾胃肺大肠经；功效：燥湿消痰、下气除满。
external\cls_chinese_medicine/train/houpu/houpu_0330.jpg,厚朴,性味苦辛温；归脾胃肺大肠经；功效：燥湿消痰、下气除满。
external\cls_chinese_medicine/train/houpu/houpu_1144.jpg,厚朴,性味苦辛温；归脾胃肺大肠经；功效：燥湿消痰、下气除满。
external\cls_chinese_medicine/train/houpu/houpu_1409.jpg,厚朴,性味苦辛温；归脾胃肺大肠经；功效：燥湿消痰、下气除满。
external\cls_chinese_medicine/train/houpu/houpu_0303.jpg,厚朴,性味苦辛温；归脾胃肺大肠经；功效：燥湿消痰、下气除满。
external\cls_chinese_medicine/train/houpu/houpu_1282.jpg,厚朴,性味苦辛温；归脾胃肺大肠经；功效：燥湿消痰、下气除满。
external\cls_chinese_medicine/train/houpu/houpu_0201.jpg,厚朴,性味苦辛温；归脾胃肺大肠经；功效：燥湿消痰、下气除满。
external\cls_chinese_medicine/train/houpu/houpu_0872.jpg,厚朴,性味苦辛温；归脾胃肺大肠经；功效：燥湿消痰、下气除满。
external\cls_chinese_medicine/train/houpu/houpu_0065.jpg,厚朴,性味苦辛温；归脾胃肺大肠经；功效：燥湿消痰、下气除满。
external\cls_chinese_medicine/train/houpu/houpu_0759.jpg,厚朴,性味苦辛温；归脾胃肺大肠经；功效：燥湿消痰、下气除满。
external\cls_chinese_medicine/train/houpu/houpu_0944.jpg,厚朴,性味苦辛温；归脾胃肺大肠经；功效：燥湿消痰、下气除满。
external\cls_chinese_medicine/train/houpu/houpu_1479.jpg,厚朴,性味苦辛温；归脾胃肺大肠经；功效：燥湿消痰、下气除满。
external\cls_chinese_medicine/train/houpu/houpu_0640.jpg,厚朴,性味苦辛温；归脾胃肺大肠经；功效：燥湿消痰、下气除满。
external\cls_chinese_medicine/train/houpu/houpu_0311.jpg,厚朴,性味苦辛温；归脾胃肺大肠经；功效：燥湿消痰、下气除满。
external\cls_chinese_medicine/train/houpu/houpu_0843.jpg,厚朴,性味苦辛温；归脾胃肺大肠经；功效：燥湿消痰、下气除满。
external\cls_chinese_medicine/train/houpu/houpu_1137.jpg,厚朴,性味苦辛温；归脾胃肺大肠经；功效：燥湿消痰、下气除满。
external\cls_chinese_medicine/train/houpu/houpu_0619.jpg,厚朴,性味苦辛温；归脾胃肺大肠经；功效：燥湿消痰、下气除满。
external\cls_chinese_medicine/train/houpu/houpu_0228.jpg,厚朴,性味苦辛温；归脾胃肺大肠经；功效：燥湿消痰、下气除满。
external\cls_chinese_medicine/train/houpu/houpu_0555.jpg,厚朴,性味苦辛温；归脾胃肺大肠经；功效：燥湿消痰、下气除满。
external\cls_chinese_medicine/train/houpu/houpu_1308.jpg,厚朴,性味苦辛温；归脾胃肺大肠经；功效：燥湿消痰、下气除满。
external\cls_chinese_medicine/train/houpu/houpu_1166.jpg,厚朴,性味苦辛温；归脾胃肺大肠经；功效：燥湿消痰、下气除满。
external\cls_chinese_medicine/train/houpu/houpu_1566.jpg,厚朴,性味苦辛温；归脾胃肺大肠经；功效：燥湿消痰、下气除满。
external\cls_chinese_medicine/train/houpu/houpu_1314.jpg,厚朴,性味苦辛温；归脾胃肺大肠经；功效：燥湿消痰、下气除满。
external\cls_chinese_medicine/train/houpu/houpu_1334.jpg,厚朴,性味苦辛温；归脾胃肺大肠经；功效：燥湿消痰、下气除满。
external\cls_chinese_medicine/train/houpu/houpu_0356.jpg,厚朴,性味苦辛温；归脾胃肺大肠经；功效：燥湿消痰、下气除满。
external\cls_chinese_medicine/train/houpu/houpu_1195.jpg,厚朴,性味苦辛温；归脾胃肺大肠经；功效：燥湿消痰、下气除满。
external\cls_chinese_medicine/train/houpu/houpu_1423.jpg,厚朴,性味苦辛温；归脾胃肺大肠经；功效：燥湿消痰、下气除满。
external\cls_chinese_medicine/train/houpu/houpu_1440.jpg,厚朴,性味苦辛温；归脾胃肺大肠经；功效：燥湿消痰、下气除满。
external\cls_chinese_medicine/train/houpu/houpu_0588.jpg,厚朴,性味苦辛温；归脾胃肺大肠经；功效：燥湿消痰、下气除满。
external\cls_chinese_medicine/train/houpu/houpu_1180.jpg,厚朴,性味苦辛温；归脾胃肺大肠经；功效：燥湿消痰、下气除满。
external\cls_chinese_medicine/train/houpu/houpu_0691.jpg,厚朴,性味苦辛温；归脾胃肺大肠经；功效：燥湿消痰、下气除满。
external\cls_chinese_medicine/train/houpu/houpu_1029.jpg,厚朴,性味苦辛温；归脾胃肺大肠经；功效：燥湿消痰、下气除满。
external\cls_chinese_medicine/train/houpu/houpu_0320.jpg,厚朴,性味苦辛温；归脾胃肺大肠经；功效：燥湿消痰、下气除满。
external\cls_chinese_medicine/train/houpu/houpu_0820.jpg,厚朴,性味苦辛温；归脾胃肺大肠经；功效：燥湿消痰、下气除满。
external\cls_chinese_medicine/train/houpu/houpu_0693.jpg,厚朴,性味苦辛温；归脾胃肺大肠经；功效：燥湿消痰、下气除满。
external\cls_chinese_medicine/train/houpu/houpu_0501.jpg,厚朴,性味苦辛温；归脾胃肺大肠经；功效：燥湿消痰、下气除满。
external\cls_chinese_medicine/train/houpu/houpu_0435.jpg,厚朴,性味苦辛温；归脾胃肺大肠经；功效：燥湿消痰、下气除满。
external\cls_chinese_medicine/train/houpu/houpu_0650.jpg,厚朴,性味苦辛温；归脾胃肺大肠经；功效：燥湿消痰、下气除满。
external\cls_chinese_medicine/train/houpu/houpu_1476.jpg,厚朴,性味苦辛温；归脾胃肺大肠经；功效：燥湿消痰、下气除满。
external\cls_chinese_medicine/train/houpu/houpu_0291.jpg,厚朴,性味苦辛温；归脾胃肺大肠经；功效：燥湿消痰、下气除满。
external\cls_chinese_medicine/train/houpu/houpu_1259.jpg,厚朴,性味苦辛温；归脾胃肺大肠经；功效：燥湿消痰、下气除满。
external\cls_chinese_medicine/train/houpu/houpu_1466.jpg,厚朴,性味苦辛温；归脾胃肺大肠经；功效：燥湿消痰、下气除满。
external\cls_chinese_medicine/train/houpu/houpu_1289.jpg,厚朴,性味苦辛温；归脾胃肺大肠经；功效：燥湿消痰、下气除满。
external\cls_chinese_medicine/train/houpu/houpu_0246.jpg,厚朴,性味苦辛温；归脾胃肺大肠经；功效：燥湿消痰、下气除满。
external\cls_chinese_medicine/train/houpu/houpu_0659.jpg,厚朴,性味苦辛温；归脾胃肺大肠经；功效：燥湿消痰、下气除满。
external\cls_chinese_medicine/train/houpu/houpu_1582.jpg,厚朴,性味苦辛温；归脾胃肺大肠经；功效：燥湿消痰、下气除满。
external\cls_chinese_medicine/train/hehuanpi/hehuanpi_0551.jpg,合欢皮,性味甘平；归心肝肺经；功效：解郁安神、活血消肿。
external\cls_chinese_medicine/train/hehuanpi/hehuanpi_0282.jpg,合欢皮,性味甘平；归心肝肺经；功效：解郁安神、活血消肿。
external\cls_chinese_medicine/train/hehuanpi/hehuanpi_1574.jpg,合欢皮,性味甘平；归心肝肺经；功效：解郁安神、活血消肿。
external\cls_chinese_medicine/train/hehuanpi/hehuanpi_1247.jpg,合欢皮,性味甘平；归心肝肺经；功效：解郁安神、活血消肿。
external\cls_chinese_medicine/train/hehuanpi/hehuanpi_0062.jpg,合欢皮,性味甘平；归心肝肺经；功效：解郁安神、活血消肿。
external\cls_chinese_medicine/train/hehuanpi/hehuanpi_1600.jpg,合欢皮,性味甘平；归心肝肺经；功效：解郁安神、活血消肿。
external\cls_chinese_medicine/train/hehuanpi/hehuanpi_0457.jpg,合欢皮,性味甘平；归心肝肺经；功效：解郁安神、活血消肿。
external\cls_chinese_medicine/train/hehuanpi/hehuanpi_0346.jpg,合欢皮,性味甘平；归心肝肺经；功效：解郁安神、活血消肿。
external\cls_chinese_medicine/train/hehuanpi/hehuanpi_1125.jpg,合欢皮,性味甘平；归心肝肺经；功效：解郁安神、活血消肿。
external\cls_chinese_medicine/train/hehuanpi/hehuanpi_0708.jpg,合欢皮,性味甘平；归心肝肺经；功效：解郁安神、活血消肿。
external\cls_chinese_medicine/train/hehuanpi/hehuanpi_0384.jpg,合欢皮,性味甘平；归心肝肺经；功效：解郁安神、活血消肿。
external\cls_chinese_medicine/train/hehuanpi/hehuanpi_0893.jpg,合欢皮,性味甘平；归心肝肺经；功效：解郁安神、活血消肿。
external\cls_chinese_medicine/train/hehuanpi/hehuanpi_0673.jpg,合欢皮,性味甘平；归心肝肺经；功效：解郁安神、活血消肿。
external\cls_chinese_medicine/train/hehuanpi/hehuanpi_0791.jpg,合欢皮,性味甘平；归心肝肺经；功效：解郁安神、活血消肿。
external\cls_chinese_medicine/train/hehuanpi/hehuanpi_0270.jpg,合欢皮,性味甘平；归心肝肺经；功效：解郁安神、活血消肿。
external\cls_chinese_medicine/train/hehuanpi/hehuanpi_0895.jpg,合欢皮,性味甘平；归心肝肺经；功效：解郁安神、活血消肿。
external\cls_chinese_medicine/train/hehuanpi/hehuanpi_0032.jpg,合欢皮,性味甘平；归心肝肺经；功效：解郁安神、活血消肿。
external\cls_chinese_medicine/train/hehuanpi/hehuanpi_0678.jpg,合欢皮,性味甘平；归心肝肺经；功效：解郁安神、活血消肿。
external\cls_chinese_medicine/train/hehuanpi/hehuanpi_0524.jpg,合欢皮,性味甘平；归心肝肺经；功效：解郁安神、活血消肿。
external\cls_chinese_medicine/train/hehuanpi/hehuanpi_1590.jpg,合欢皮,性味甘平；归心肝肺经；功效：解郁安神、活血消肿。
external\cls_chinese_medicine/train/hehuanpi/hehuanpi_0947.jpg,合欢皮,性味甘平；归心肝肺经；功效：解郁安神、活血消肿。
external\cls_chinese_medicine/train/hehuanpi/hehuanpi_0957.jpg,合欢皮,性味甘平；归心肝肺经；功效：解郁安神、活血消肿。
external\cls_chinese_medicine/train/hehuanpi/hehuanpi_0208.jpg,合欢皮,性味甘平；归心肝肺经；功效：解郁安神、活血消肿。
external\cls_chinese_medicine/train/hehuanpi/hehuanpi_0550.jpg,合欢皮,性味甘平；归心肝肺经；功效：解郁安神、活血消肿。
external\cls_chinese_medicine/train/hehuanpi/hehuanpi_0069.jpg,合欢皮,性味甘平；归心肝肺经；功效：解郁安神、活血消肿。
external\cls_chinese_medicine/train/hehuanpi/hehuanpi_1603.jpg,合欢皮,性味甘平；归心肝肺经；功效：解郁安神、活血消肿。
external\cls_chinese_medicine/train/hehuanpi/hehuanpi_0559.jpg,合欢皮,性味甘平；归心肝肺经；功效：解郁安神、活血消肿。
external\cls_chinese_medicine/train/hehuanpi/hehuanpi_0312.jpg,合欢皮,性味甘平；归心肝肺经；功效：解郁安神、活血消肿。
external\cls_chinese_medicine/train/hehuanpi/hehuanpi_0567.jpg,合欢皮,性味甘平；归心肝肺经；功效：解郁安神、活血消肿。
external\cls_chinese_medicine/train/hehuanpi/hehuanpi_1139.jpg,合欢皮,性味甘平；归心肝肺经；功效：解郁安神、活血消肿。
external\cls_chinese_medicine/train/hehuanpi/hehuanpi_0357.jpg,合欢皮,性味甘平；归心肝肺经；功效：解郁安神、活血消肿。
external\cls_chinese_medicine/train/hehuanpi/hehuanpi_1036.jpg,合欢皮,性味甘平；归心肝肺经；功效：解郁安神、活血消肿。
external\cls_chinese_medicine/train/hehuanpi/hehuanpi_1023.jpg,合欢皮,性味甘平；归心肝肺经；功效：解郁安神、活血消肿。
external\cls_chinese_medicine/train/hehuanpi/hehuanpi_0731.jpg,合欢皮,性味甘平；归心肝肺经；功效：解郁安神、活血消肿。
external\cls_chinese_medicine/train/hehuanpi/hehuanpi_0500.jpg,合欢皮,性味甘平；归心肝肺经；功效：解郁安神、活血消肿。
external\cls_chinese_medicine/train/hehuanpi/hehuanpi_1120.jpg,合欢皮,性味甘平；归心肝肺经；功效：解郁安神、活血消肿。
external\cls_chinese_medicine/train/hehuanpi/hehuanpi_0370.jpg,合欢皮,性味甘平；归心肝肺经；功效：解郁安神、活血消肿。
external\cls_chinese_medicine/train/hehuanpi/hehuanpi_0106.jpg,合欢皮,性味甘平；归心肝肺经；功效：解郁安神、活血消肿。
external\cls_chinese_medicine/train/hehuanpi/hehuanpi_0321.jpg,合欢皮,性味甘平；归心肝肺经；功效：解郁安神、活血消肿。
external\cls_chinese_medicine/train/hehuanpi/hehuanpi_0133.jpg,合欢皮,性味甘平；归心肝肺经；功效：解郁安神、活血消肿。
external\cls_chinese_medicine/train/hehuanpi/hehuanpi_0896.jpg,合欢皮,性味甘平；归心肝肺经；功效：解郁安神、活血消肿。
external\cls_chinese_medicine/train/hehuanpi/hehuanpi_0399.jpg,合欢皮,性味甘平；归心肝肺经；功效：解郁安神、活血消肿。
external\cls_chinese_medicine/train/hehuanpi/hehuanpi_1000.jpg,合欢皮,性味甘平；归心肝肺经；功效：解郁安神、活血消肿。
external\cls_chinese_medicine/train/hehuanpi/hehuanpi_0815.jpg,合欢皮,性味甘平；归心肝肺经；功效：解郁安神、活血消肿。
external\cls_chinese_medicine/train/hehuanpi/hehuanpi_1089.jpg,合欢皮,性味甘平；归心肝肺经；功效：解郁安神、活血消肿。
external\cls_chinese_medicine/train/hehuanpi/hehuanpi_0144.jpg,合欢皮,性味甘平；归心肝肺经；功效：解郁安神、活血消肿。
external\cls_chinese_medicine/train/hehuanpi/hehuanpi_0718.jpg,合欢皮,性味甘平；归心肝肺经；功效：解郁安神、活血消肿。
external\cls_chinese_medicine/train/hehuanpi/hehuanpi_0451.jpg,合欢皮,性味甘平；归心肝肺经；功效：解郁安神、活血消肿。
external\cls_chinese_medicine/train/hehuanpi/hehuanpi_0746.jpg,合欢皮,性味甘平；归心肝肺经；功效：解郁安神、活血消肿。
external\cls_chinese_medicine/train/hehuanpi/hehuanpi_1306.jpg,合欢皮,性味甘平；归心肝肺经；功效：解郁安神、活血消肿。
external\cls_chinese_medicine/train/hehuanpi/hehuanpi_1151.jpg,合欢皮,性味甘平；归心肝肺经；功效：解郁安神、活血消肿。
external\cls_chinese_medicine/train/hehuanpi/hehuanpi_0643.jpg,合欢皮,性味甘平；归心肝肺经；功效：解郁安神、活血消肿。
external\cls_chinese_medicine/train/hehuanpi/hehuanpi_0132.jpg,合欢皮,性味甘平；归心肝肺经；功效：解郁安神、活血消肿。
external\cls_chinese_medicine/train/hehuanpi/hehuanpi_0389.jpg,合欢皮,性味甘平；归心肝肺经；功效：解郁安神、活血消肿。
external\cls_chinese_medicine/train/hehuanpi/hehuanpi_0846.jpg,合欢皮,性味甘平；归心肝肺经；功效：解郁安神、活血消肿。
external\cls_chinese_medicine/train/hehuanpi/hehuanpi_1030.jpg,合欢皮,性味甘平；归心肝肺经；功效：解郁安神、活血消肿。
external\cls_chinese_medicine/train/hehuanpi/hehuanpi_0590.jpg,合欢皮,性味甘平；归心肝肺经；功效：解郁安神、活血消肿。
external\cls_chinese_medicine/train/hehuanpi/hehuanpi_1277.jpg,合欢皮,性味甘平；归心肝肺经；功效：解郁安神、活血消肿。
external\cls_chinese_medicine/train/hehuanpi/hehuanpi_0254.jpg,合欢皮,性味甘平；归心肝肺经；功效：解郁安神、活血消肿。
external\cls_chinese_medicine/train/hehuanpi/hehuanpi_1315.jpg,合欢皮,性味甘平；归心肝肺经；功效：解郁安神、活血消肿。
external\cls_chinese_medicine/train/hehuanpi/hehuanpi_0585.jpg,合欢皮,性味甘平；归心肝肺经；功效：解郁安神、活血消肿。
external\cls_chinese_medicine/train/hehuanpi/hehuanpi_1325.jpg,合欢皮,性味甘平；归心肝肺经；功效：解郁安神、活血消肿。
external\cls_chinese_medicine/train/hehuanpi/hehuanpi_0367.jpg,合欢皮,性味甘平；归心肝肺经；功效：解郁安神、活血消肿。
external\cls_chinese_medicine/train/hehuanpi/hehuanpi_0025.jpg,合欢皮,性味甘平；归心肝肺经；功效：解郁安神、活血消肿。
external\cls_chinese_medicine/train/hehuanpi/hehuanpi_0941.jpg,合欢皮,性味甘平；归心肝肺经；功效：解郁安神、活血消肿。
external\cls_chinese_medicine/train/hehuanpi/hehuanpi_1390.jpg,合欢皮,性味甘平；归心肝肺经；功效：解郁安神、活血消肿。
external\cls_chinese_medicine/train/hehuanpi/hehuanpi_0051.jpg,合欢皮,性味甘平；归心肝肺经；功效：解郁安神、活血消肿。
external\cls_chinese_medicine/train/hehuanpi/hehuanpi_1026.jpg,合欢皮,性味甘平；归心肝肺经；功效：解郁安神、活血消肿。
external\cls_chinese_medicine/train/hehuanpi/hehuanpi_0591.jpg,合欢皮,性味甘平；归心肝肺经；功效：解郁安神、活血消肿。
external\cls_chinese_medicine/train/hehuanpi/hehuanpi_0719.jpg,合欢皮,性味甘平；归心肝肺经；功效：解郁安神、活血消肿。
external\cls_chinese_medicine/train/hehuanpi/hehuanpi_1246.jpg,合欢皮,性味甘平；归心肝肺经；功效：解郁安神、活血消肿。
external\cls_chinese_medicine/train/hehuanpi/hehuanpi_1335.jpg,合欢皮,性味甘平；归心肝肺经；功效：解郁安神、活血消肿。
external\cls_chinese_medicine/train/hehuanpi/hehuanpi_0194.jpg,合欢皮,性味甘平；归心肝肺经；功效：解郁安神、活血消肿。
external\cls_chinese_medicine/train/hehuanpi/hehuanpi_0286.jpg,合欢皮,性味甘平；归心肝肺经；功效：解郁安神、活血消肿。
external\cls_chinese_medicine/train/hehuanpi/hehuanpi_1154.jpg,合欢皮,性味甘平；归心肝肺经；功效：解郁安神、活血消肿。
external\cls_chinese_medicine/train/hehuanpi/hehuanpi_0602.jpg,合欢皮,性味甘平；归心肝肺经；功效：解郁安神、活血消肿。
external\cls_chinese_medicine/train/hehuanpi/hehuanpi_1323.jpg,合欢皮,性味甘平；归心肝肺经；功效：解郁安神、活血消肿。
external\cls_chinese_medicine/train/hehuanpi/hehuanpi_1014.jpg,合欢皮,性味甘平；归心肝肺经；功效：解郁安神、活血消肿。
external\cls_chinese_medicine/train/hehuanpi/hehuanpi_0517.jpg,合欢皮,性味甘平；归心肝肺经；功效：解郁安神、活血消肿。
external\cls_chinese_medicine/train/hehuanpi/hehuanpi_0213.jpg,合欢皮,性味甘平；归心肝肺经；功效：解郁安神、活血消肿。
external\cls_chinese_medicine/train/hehuanpi/hehuanpi_1128.jpg,合欢皮,性味甘平；归心肝肺经；功效：解郁安神、活血消肿。
external\cls_chinese_medicine/train/hehuanpi/hehuanpi_1568.jpg,合欢皮,性味甘平；归心肝肺经；功效：解郁安神、活血消肿。
external\cls_chinese_medicine/train/hehuanpi/hehuanpi_0641.jpg,合欢皮,性味甘平；归心肝肺经；功效：解郁安神、活血消肿。
external\cls_chinese_medicine/train/hehuanpi/hehuanpi_0339.jpg,合欢皮,性味甘平；归心肝肺经；功效：解郁安神、活血消肿。
external\cls_chinese_medicine/train/hehuanpi/hehuanpi_1479.jpg,合欢皮,性味甘平；归心肝肺经；功效：解郁安神、活血消肿。
external\cls_chinese_medicine/train/hehuanpi/hehuanpi_0324.jpg,合欢皮,性味甘平；归心肝肺经；功效：解郁安神、活血消肿。
external\cls_chinese_medicine/train/hehuanpi/hehuanpi_0452.jpg,合欢皮,性味甘平；归心肝肺经；功效：解郁安神、活血消肿。
external\cls_chinese_medicine/train/hehuanpi/hehuanpi_0053.jpg,合欢皮,性味甘平；归心肝肺经；功效：解郁安神、活血消肿。
external\cls_chinese_medicine/train/hehuanpi/hehuanpi_0074.jpg,合欢皮,性味甘平；归心肝肺经；功效：解郁安神、活血消肿。
external\cls_chinese_medicine/train/hehuanpi/hehuanpi_1037.jpg,合欢皮,性味甘平；归心肝肺经；功效：解郁安神、活血消肿。
external\cls_chinese_medicine/train/hehuanpi/hehuanpi_0081.jpg,合欢皮,性味甘平；归心肝肺经；功效：解郁安神、活血消肿。
external\cls_chinese_medicine/train/hehuanpi/hehuanpi_0702.jpg,合欢皮,性味甘平；归心肝肺经；功效：解郁安神、活血消肿。
external\cls_chinese_medicine/train/hehuanpi/hehuanpi_0272.jpg,合欢皮,性味甘平；归心肝肺经；功效：解郁安神、活血消肿。
external\cls_chinese_medicine/train/hehuanpi/hehuanpi_1296.jpg,合欢皮,性味甘平；归心肝肺经；功效：解郁安神、活血消肿。
external\cls_chinese_medicine/train/hehuanpi/hehuanpi_0920.jpg,合欢皮,性味甘平；归心肝肺经；功效：解郁安神、活血消肿。
external\cls_chinese_medicine/train/hehuanpi/hehuanpi_0973.jpg,合欢皮,性味甘平；归心肝肺经；功效：解郁安神、活血消肿。
external\cls_chinese_medicine/train/hehuanpi/hehuanpi_0258.jpg,合欢皮,性味甘平；归心肝肺经；功效：解郁安神、活血消肿。
external\cls_chinese_medicine/train/hehuanpi/hehuanpi_0812.jpg,合欢皮,性味甘平；归心肝肺经；功效：解郁安神、活血消肿。
external\cls_chinese_medicine/train/hehuanpi/hehuanpi_1044.jpg,合欢皮,性味甘平；归心肝肺经；功效：解郁安神、活血消肿。
external\cls_chinese_medicine/train/hehuanpi/hehuanpi_0799.jpg,合欢皮,性味甘平；归心肝肺经；功效：解郁安神、活血消肿。
external\cls_chinese_medicine/train/hehuanpi/hehuanpi_1447.jpg,合欢皮,性味甘平；归心肝肺经；功效：解郁安神、活血消肿。
external\cls_chinese_medicine/train/hehuanpi/hehuanpi_0958.jpg,合欢皮,性味甘平；归心肝肺经；功效：解郁安神、活血消肿。
external\cls_chinese_medicine/train/hehuanpi/hehuanpi_0183.jpg,合欢皮,性味甘平；归心肝肺经；功效：解郁安神、活血消肿。
external\cls_chinese_medicine/train/hehuanpi/hehuanpi_0178.jpg,合欢皮,性味甘平；归心肝肺经；功效：解郁安神、活血消肿。
external\cls_chinese_medicine/train/hehuanpi/hehuanpi_1009.jpg,合欢皮,性味甘平；归心肝肺经；功效：解郁安神、活血消肿。
external\cls_chinese_medicine/train/hehuanpi/hehuanpi_0635.jpg,合欢皮,性味甘平；归心肝肺经；功效：解郁安神、活血消肿。
external\cls_chinese_medicine/train/hehuanpi/hehuanpi_0368.jpg,合欢皮,性味甘平；归心肝肺经；功效：解郁安神、活血消肿。
external\cls_chinese_medicine/train/hehuanpi/hehuanpi_1147.jpg,合欢皮,性味甘平；归心肝肺经；功效：解郁安神、活血消肿。
external\cls_chinese_medicine/train/hehuanpi/hehuanpi_1427.jpg,合欢皮,性味甘平；归心肝肺经；功效：解郁安神、活血消肿。
external\cls_chinese_medicine/train/hehuanpi/hehuanpi_1148.jpg,合欢皮,性味甘平；归心肝肺经；功效：解郁安神、活血消肿。
external\cls_chinese_medicine/train/hehuanpi/hehuanpi_0652.jpg,合欢皮,性味甘平；归心肝肺经；功效：解郁安神、活血消肿。
external\cls_chinese_medicine/train/hehuanpi/hehuanpi_1326.jpg,合欢皮,性味甘平；归心肝肺经；功效：解郁安神、活血消肿。
external\cls_chinese_medicine/train/hehuanpi/hehuanpi_0578.jpg,合欢皮,性味甘平；归心肝肺经；功效：解郁安神、活血消肿。
external\cls_chinese_medicine/train/hehuanpi/hehuanpi_1391.jpg,合欢皮,性味甘平；归心肝肺经；功效：解郁安神、活血消肿。
external\cls_chinese_medicine/train/hehuanpi/hehuanpi_0753.jpg,合欢皮,性味甘平；归心肝肺经；功效：解郁安神、活血消肿。
external\cls_chinese_medicine/train/hehuanpi/hehuanpi_0423.jpg,合欢皮,性味甘平；归心肝肺经；功效：解郁安神、活血消肿。
external\cls_chinese_medicine/train/hehuanpi/hehuanpi_1021.jpg,合欢皮,性味甘平；归心肝肺经；功效：解郁安神、活血消肿。
external\cls_chinese_medicine/train/hehuanpi/hehuanpi_0622.jpg,合欢皮,性味甘平；归心肝肺经；功效：解郁安神、活血消肿。
external\cls_chinese_medicine/train/hehuanpi/hehuanpi_0151.jpg,合欢皮,性味甘平；归心肝肺经；功效：解郁安神、活血消肿。
external\cls_chinese_medicine/train/hehuanpi/hehuanpi_0071.jpg,合欢皮,性味甘平；归心肝肺经；功效：解郁安神、活血消肿。
external\cls_chinese_medicine/train/hehuanpi/hehuanpi_0848.jpg,合欢皮,性味甘平；归心肝肺经；功效：解郁安神、活血消肿。
external\cls_chinese_medicine/train/hehuanpi/hehuanpi_0031.jpg,合欢皮,性味甘平；归心肝肺经；功效：解郁安神、活血消肿。
external\cls_chinese_medicine/train/hehuanpi/hehuanpi_1162.jpg,合欢皮,性味甘平；归心肝肺经；功效：解郁安神、活血消肿。
external\cls_chinese_medicine/train/hehuanpi/hehuanpi_0172.jpg,合欢皮,性味甘平；归心肝肺经；功效：解郁安神、活血消肿。
external\cls_chinese_medicine/train/hehuanpi/hehuanpi_0983.jpg,合欢皮,性味甘平；归心肝肺经；功效：解郁安神、活血消肿。
external\cls_chinese_medicine/train/hehuanpi/hehuanpi_1539.jpg,合欢皮,性味甘平；归心肝肺经；功效：解郁安神、活血消肿。
external\cls_chinese_medicine/train/hehuanpi/hehuanpi_1352.jpg,合欢皮,性味甘平；归心肝肺经；功效：解郁安神、活血消肿。
external\cls_chinese_medicine/train/hehuanpi/hehuanpi_1205.jpg,合欢皮,性味甘平；归心肝肺经；功效：解郁安神、活血消肿。
external\cls_chinese_medicine/train/hehuanpi/hehuanpi_0912.jpg,合欢皮,性味甘平；归心肝肺经；功效：解郁安神、活血消肿。
external\cls_chinese_medicine/train/hehuanpi/hehuanpi_0438.jpg,合欢皮,性味甘平；归心肝肺经；功效：解郁安神、活血消肿。
external\cls_chinese_medicine/train/hehuanpi/hehuanpi_1308.jpg,合欢皮,性味甘平；归心肝肺经；功效：解郁安神、活血消肿。
external\cls_chinese_medicine/train/hehuanpi/hehuanpi_0794.jpg,合欢皮,性味甘平；归心肝肺经；功效：解郁安神、活血消肿。
external\cls_chinese_medicine/train/hehuanpi/hehuanpi_0847.jpg,合欢皮,性味甘平；归心肝肺经；功效：解郁安神、活血消肿。
external\cls_chinese_medicine/train/hehuanpi/hehuanpi_1218.jpg,合欢皮,性味甘平；归心肝肺经；功效：解郁安神、活血消肿。
external\cls_chinese_medicine/train/hehuanpi/hehuanpi_0209.jpg,合欢皮,性味甘平；归心肝肺经；功效：解郁安神、活血消肿。
external\cls_chinese_medicine/train/hehuanpi/hehuanpi_1437.jpg,合欢皮,性味甘平；归心肝肺经；功效：解郁安神、活血消肿。
external\cls_chinese_medicine/train/hehuanpi/hehuanpi_1208.jpg,合欢皮,性味甘平；归心肝肺经；功效：解郁安神、活血消肿。
external\cls_chinese_medicine/train/hehuanpi/hehuanpi_1557.jpg,合欢皮,性味甘平；归心肝肺经；功效：解郁安神、活血消肿。
external\cls_chinese_medicine/train/hehuanpi/hehuanpi_1402.jpg,合欢皮,性味甘平；归心肝肺经；功效：解郁安神、活血消肿。
external\cls_chinese_medicine/train/hehuanpi/hehuanpi_0369.jpg,合欢皮,性味甘平；归心肝肺经；功效：解郁安神、活血消肿。
external\cls_chinese_medicine/train/hehuanpi/hehuanpi_0675.jpg,合欢皮,性味甘平；归心肝肺经；功效：解郁安神、活血消肿。
external\cls_chinese_medicine/train/hehuanpi/hehuanpi_1177.jpg,合欢皮,性味甘平；归心肝肺经；功效：解郁安神、活血消肿。
external\cls_chinese_medicine/train/hehuanpi/hehuanpi_0781.jpg,合欢皮,性味甘平；归心肝肺经；功效：解郁安神、活血消肿。
external\cls_chinese_medicine/train/hehuanpi/hehuanpi_1612.jpg,合欢皮,性味甘平；归心肝肺经；功效：解郁安神、活血消肿。
external\cls_chinese_medicine/train/hehuanpi/hehuanpi_1068.jpg,合欢皮,性味甘平；归心肝肺经；功效：解郁安神、活血消肿。
external\cls_chinese_medicine/train/hehuanpi/hehuanpi_1577.jpg,合欢皮,性味甘平；归心肝肺经；功效：解郁安神、活血消肿。
external\cls_chinese_medicine/train/hehuanpi/hehuanpi_1266.jpg,合欢皮,性味甘平；归心肝肺经；功效：解郁安神、活血消肿。
external\cls_chinese_medicine/train/hehuanpi/hehuanpi_1226.jpg,合欢皮,性味甘平；归心肝肺经；功效：解郁安神、活血消肿。
external\cls_chinese_medicine/train/hehuanpi/hehuanpi_0959.jpg,合欢皮,性味甘平；归心肝肺经；功效：解郁安神、活血消肿。
external\cls_chinese_medicine/train/hehuanpi/hehuanpi_0784.jpg,合欢皮,性味甘平；归心肝肺经；功效：解郁安神、活血消肿。
external\cls_chinese_medicine/train/hehuanpi/hehuanpi_0510.jpg,合欢皮,性味甘平；归心肝肺经；功效：解郁安神、活血消肿。
external\cls_chinese_medicine/train/hehuanpi/hehuanpi_1233.jpg,合欢皮,性味甘平；归心肝肺经；功效：解郁安神、活血消肿。
external\cls_chinese_medicine/train/hehuanpi/hehuanpi_0558.jpg,合欢皮,性味甘平；归心肝肺经；功效：解郁安神、活血消肿。
external\cls_chinese_medicine/train/hehuanpi/hehuanpi_0230.jpg,合欢皮,性味甘平；归心肝肺经；功效：解郁安神、活血消肿。
external\cls_chinese_medicine/train/hehuanpi/hehuanpi_1418.jpg,合欢皮,性味甘平；归心肝肺经；功效：解郁安神、活血消肿。
external\cls_chinese_medicine/train/hehuanpi/hehuanpi_1106.jpg,合欢皮,性味甘平；归心肝肺经；功效：解郁安神、活血消肿。
external\cls_chinese_medicine/train/hehuanpi/hehuanpi_1003.jpg,合欢皮,性味甘平；归心肝肺经；功效：解郁安神、活血消肿。
external\cls_chinese_medicine/train/hehuanpi/hehuanpi_0509.jpg,合欢皮,性味甘平；归心肝肺经；功效：解郁安神、活血消肿。
external\cls_chinese_medicine/train/hehuanpi/hehuanpi_0046.jpg,合欢皮,性味甘平；归心肝肺经；功效：解郁安神、活血消肿。
external\cls_chinese_medicine/train/hehuanpi/hehuanpi_0538.jpg,合欢皮,性味甘平；归心肝肺经；功效：解郁安神、活血消肿。
external\cls_chinese_medicine/train/hehuanpi/hehuanpi_1043.jpg,合欢皮,性味甘平；归心肝肺经；功效：解郁安神、活血消肿。
external\cls_chinese_medicine/train/hehuanpi/hehuanpi_1257.jpg,合欢皮,性味甘平；归心肝肺经；功效：解郁安神、活血消肿。
external\cls_chinese_medicine/train/hehuanpi/hehuanpi_0185.jpg,合欢皮,性味甘平；归心肝肺经；功效：解郁安神、活血消肿。
external\cls_chinese_medicine/train/hehuanpi/hehuanpi_1547.jpg,合欢皮,性味甘平；归心肝肺经；功效：解郁安神、活血消肿。
external\cls_chinese_medicine/train/hehuanpi/hehuanpi_0835.jpg,合欢皮,性味甘平；归心肝肺经；功效：解郁安神、活血消肿。
external\cls_chinese_medicine/train/hehuanpi/hehuanpi_0302.jpg,合欢皮,性味甘平；归心肝肺经；功效：解郁安神、活血消肿。
external\cls_chinese_medicine/train/hehuanpi/hehuanpi_0124.jpg,合欢皮,性味甘平；归心肝肺经；功效：解郁安神、活血消肿。
external\cls_chinese_medicine/train/hehuanpi/hehuanpi_0347.jpg,合欢皮,性味甘平；归心肝肺经；功效：解郁安神、活血消肿。
external\cls_chinese_medicine/train/hehuanpi/hehuanpi_0840.jpg,合欢皮,性味甘平；归心肝肺经；功效：解郁安神、活血消肿。
external\cls_chinese_medicine/train/hehuanpi/hehuanpi_1573.jpg,合欢皮,性味甘平；归心肝肺经；功效：解郁安神、活血消肿。
external\cls_chinese_medicine/train/hehuanpi/hehuanpi_0823.jpg,合欢皮,性味甘平；归心肝肺经；功效：解郁安神、活血消肿。
external\cls_chinese_medicine/train/hehuanpi/hehuanpi_1380.jpg,合欢皮,性味甘平；归心肝肺经；功效：解郁安神、活血消肿。
external\cls_chinese_medicine/train/hehuanpi/hehuanpi_1284.jpg,合欢皮,性味甘平；归心肝肺经；功效：解郁安神、活血消肿。
external\cls_chinese_medicine/train/hehuanpi/hehuanpi_1350.jpg,合欢皮,性味甘平；归心肝肺经；功效：解郁安神、活血消肿。
external\cls_chinese_medicine/train/hehuanpi/hehuanpi_0083.jpg,合欢皮,性味甘平；归心肝肺经；功效：解郁安神、活血消肿。
external\cls_chinese_medicine/train/hehuanpi/hehuanpi_0830.jpg,合欢皮,性味甘平；归心肝肺经；功效：解郁安神、活血消肿。
external\cls_chinese_medicine/train/hehuanpi/hehuanpi_1496.jpg,合欢皮,性味甘平；归心肝肺经；功效：解郁安神、活血消肿。
external\cls_chinese_medicine/train/hehuanpi/hehuanpi_1066.jpg,合欢皮,性味甘平；归心肝肺经；功效：解郁安神、活血消肿。
external\cls_chinese_medicine/train/hehuanpi/hehuanpi_0195.jpg,合欢皮,性味甘平；归心肝肺经；功效：解郁安神、活血消肿。
external\cls_chinese_medicine/train/hehuanpi/hehuanpi_0354.jpg,合欢皮,性味甘平；归心肝肺经；功效：解郁安神、活血消肿。
external\cls_chinese_medicine/train/hehuanpi/hehuanpi_1422.jpg,合欢皮,性味甘平；归心肝肺经；功效：解郁安神、活血消肿。
external\cls_chinese_medicine/train/hehuanpi/hehuanpi_0017.jpg,合欢皮,性味甘平；归心肝肺经；功效：解郁安神、活血消肿。
external\cls_chinese_medicine/train/hehuanpi/hehuanpi_1392.jpg,合欢皮,性味甘平；归心肝肺经；功效：解郁安神、活血消肿。
external\cls_chinese_medicine/train/hehuanpi/hehuanpi_0779.jpg,合欢皮,性味甘平；归心肝肺经；功效：解郁安神、活血消肿。
external\cls_chinese_medicine/train/hehuanpi/hehuanpi_1283.jpg,合欢皮,性味甘平；归心肝肺经；功效：解郁安神、活血消肿。
external\cls_chinese_medicine/train/hehuanpi/hehuanpi_1346.jpg,合欢皮,性味甘平；归心肝肺经；功效：解郁安神、活血消肿。
external\cls_chinese_medicine/train/hehuanpi/hehuanpi_0247.jpg,合欢皮,性味甘平；归心肝肺经；功效：解郁安神、活血消肿。
external\cls_chinese_medicine/train/hehuanpi/hehuanpi_1034.jpg,合欢皮,性味甘平；归心肝肺经；功效：解郁安神、活血消肿。
external\cls_chinese_medicine/train/hehuanpi/hehuanpi_0693.jpg,合欢皮,性味甘平；归心肝肺经；功效：解郁安神、活血消肿。
external\cls_chinese_medicine/train/hehuanpi/hehuanpi_1227.jpg,合欢皮,性味甘平；归心肝肺经；功效：解郁安神、活血消肿。
external\cls_chinese_medicine/train/hehuanpi/hehuanpi_0623.jpg,合欢皮,性味甘平；归心肝肺经；功效：解郁安神、活血消肿。
external\cls_chinese_medicine/train/hehuanpi/hehuanpi_0608.jpg,合欢皮,性味甘平；归心肝肺经；功效：解郁安神、活血消肿。
external\cls_chinese_medicine/train/hehuanpi/hehuanpi_1025.jpg,合欢皮,性味甘平；归心肝肺经；功效：解郁安神、活血消肿。
external\cls_chinese_medicine/train/hehuanpi/hehuanpi_0434.jpg,合欢皮,性味甘平；归心肝肺经；功效：解郁安神、活血消肿。
external\cls_chinese_medicine/train/hehuanpi/hehuanpi_0249.jpg,合欢皮,性味甘平；归心肝肺经；功效：解郁安神、活血消肿。
external\cls_chinese_medicine/train/hehuanpi/hehuanpi_0433.jpg,合欢皮,性味甘平；归心肝肺经；功效：解郁安神、活血消肿。
external\cls_chinese_medicine/train/hehuanpi/hehuanpi_1010.jpg,合欢皮,性味甘平；归心肝肺经；功效：解郁安神、活血消肿。
external\cls_chinese_medicine/train/hehuanpi/hehuanpi_1130.jpg,合欢皮,性味甘平；归心肝肺经；功效：解郁安神、活血消肿。
external\cls_chinese_medicine/train/hehuanpi/hehuanpi_1141.jpg,合欢皮,性味甘平；归心肝肺经；功效：解郁安神、活血消肿。
external\cls_chinese_medicine/train/hehuanpi/hehuanpi_1259.jpg,合欢皮,性味甘平；归心肝肺经；功效：解郁安神、活血消肿。
external\cls_chinese_medicine/train/hehuanpi/hehuanpi_1319.jpg,合欢皮,性味甘平；归心肝肺经；功效：解郁安神、活血消肿。
external\cls_chinese_medicine/train/hehuanpi/hehuanpi_1341.jpg,合欢皮,性味甘平；归心肝肺经；功效：解郁安神、活血消肿。
external\cls_chinese_medicine/train/hehuanpi/hehuanpi_1457.jpg,合欢皮,性味甘平；归心肝肺经；功效：解郁安神、活血消肿。
external\cls_chinese_medicine/train/hehuanpi/hehuanpi_0058.jpg,合欢皮,性味甘平；归心肝肺经；功效：解郁安神、活血消肿。
external\cls_chinese_medicine/train/hehuanpi/hehuanpi_0077.jpg,合欢皮,性味甘平；归心肝肺经；功效：解郁安神、活血消肿。
external\cls_chinese_medicine/train/hehuanpi/hehuanpi_1294.jpg,合欢皮,性味甘平；归心肝肺经；功效：解郁安神、活血消肿。
external\cls_chinese_medicine/train/hehuanpi/hehuanpi_0431.jpg,合欢皮,性味甘平；归心肝肺经；功效：解郁安神、活血消肿。
external\cls_chinese_medicine/train/hehuanpi/hehuanpi_0429.jpg,合欢皮,性味甘平；归心肝肺经；功效：解郁安神、活血消肿。
external\cls_chinese_medicine/train/hehuanpi/hehuanpi_1515.jpg,合欢皮,性味甘平；归心肝肺经；功效：解郁安神、活血消肿。
external\cls_chinese_medicine/train/hehuanpi/hehuanpi_0045.jpg,合欢皮,性味甘平；归心肝肺经；功效：解郁安神、活血消肿。
external\cls_chinese_medicine/train/hehuanpi/hehuanpi_0634.jpg,合欢皮,性味甘平；归心肝肺经；功效：解郁安神、活血消肿。
external\cls_chinese_medicine/train/hehuanpi/hehuanpi_1456.jpg,合欢皮,性味甘平；归心肝肺经；功效：解郁安神、活血消肿。
external\cls_chinese_medicine/train/hehuanpi/hehuanpi_0964.jpg,合欢皮,性味甘平；归心肝肺经；功效：解郁安神、活血消肿。
external\cls_chinese_medicine/train/hehuanpi/hehuanpi_1516.jpg,合欢皮,性味甘平；归心肝肺经；功效：解郁安神、活血消肿。
external\cls_chinese_medicine/train/hehuanpi/hehuanpi_0108.jpg,合欢皮,性味甘平；归心肝肺经；功效：解郁安神、活血消肿。
external\cls_chinese_medicine/train/hehuanpi/hehuanpi_1585.jpg,合欢皮,性味甘平；归心肝肺经；功效：解郁安神、活血消肿。
external\cls_chinese_medicine/train/hehuanpi/hehuanpi_0951.jpg,合欢皮,性味甘平；归心肝肺经；功效：解郁安神、活血消肿。
external\cls_chinese_medicine/train/hehuanpi/hehuanpi_0115.jpg,合欢皮,性味甘平；归心肝肺经；功效：解郁安神、活血消肿。
external\cls_chinese_medicine/train/hehuanpi/hehuanpi_0398.jpg,合欢皮,性味甘平；归心肝肺经；功效：解郁安神、活血消肿。
external\cls_chinese_medicine/train/hehuanpi/hehuanpi_1175.jpg,合欢皮,性味甘平；归心肝肺经；功效：解郁安神、活血消肿。
external\cls_chinese_medicine/train/hehuanpi/hehuanpi_1188.jpg,合欢皮,性味甘平；归心肝肺经；功效：解郁安神、活血消肿。
external\cls_chinese_medicine/train/hehuanpi/hehuanpi_0650.jpg,合欢皮,性味甘平；归心肝肺经；功效：解郁安神、活血消肿。
external\cls_chinese_medicine/train/hehuanpi/hehuanpi_0366.jpg,合欢皮,性味甘平；归心肝肺经；功效：解郁安神、活血消肿。
external\cls_chinese_medicine/train/hehuanpi/hehuanpi_1550.jpg,合欢皮,性味甘平；归心肝肺经；功效：解郁安神、活血消肿。
external\cls_chinese_medicine/train/hehuanpi/hehuanpi_0530.jpg,合欢皮,性味甘平；归心肝肺经；功效：解郁安神、活血消肿。
external\cls_chinese_medicine/train/hehuanpi/hehuanpi_0782.jpg,合欢皮,性味甘平；归心肝肺经；功效：解郁安神、活血消肿。
external\cls_chinese_medicine/train/hehuanpi/hehuanpi_1102.jpg,合欢皮,性味甘平；归心肝肺经；功效：解郁安神、活血消肿。
external\cls_chinese_medicine/train/hehuanpi/hehuanpi_0137.jpg,合欢皮,性味甘平；归心肝肺经；功效：解郁安神、活血消肿。
external\cls_chinese_medicine/train/hehuanpi/hehuanpi_0819.jpg,合欢皮,性味甘平；归心肝肺经；功效：解郁安神、活血消肿。
external\cls_chinese_medicine/train/hehuanpi/hehuanpi_0318.jpg,合欢皮,性味甘平；归心肝肺经；功效：解郁安神、活血消肿。
external\cls_chinese_medicine/train/hehuanpi/hehuanpi_1180.jpg,合欢皮,性味甘平；归心肝肺经；功效：解郁安神、活血消肿。
external\cls_chinese_medicine/train/hehuanpi/hehuanpi_0763.jpg,合欢皮,性味甘平；归心肝肺经；功效：解郁安神、活血消肿。
external\cls_chinese_medicine/train/hehuanpi/hehuanpi_1214.jpg,合欢皮,性味甘平；归心肝肺经；功效：解郁安神、活血消肿。
external\cls_chinese_medicine/train/hehuanpi/hehuanpi_0866.jpg,合欢皮,性味甘平；归心肝肺经；功效：解郁安神、活血消肿。
external\cls_chinese_medicine/train/hehuanpi/hehuanpi_1047.jpg,合欢皮,性味甘平；归心肝肺经；功效：解郁安神、活血消肿。
external\cls_chinese_medicine/train/hehuanpi/hehuanpi_0609.jpg,合欢皮,性味甘平；归心肝肺经；功效：解郁安神、活血消肿。
external\cls_chinese_medicine/train/hehuanpi/hehuanpi_0250.jpg,合欢皮,性味甘平；归心肝肺经；功效：解郁安神、活血消肿。
external\cls_chinese_medicine/train/hehuanpi/hehuanpi_1276.jpg,合欢皮,性味甘平；归心肝肺经；功效：解郁安神、活血消肿。
external\cls_chinese_medicine/train/hehuanpi/hehuanpi_0281.jpg,合欢皮,性味甘平；归心肝肺经；功效：解郁安神、活血消肿。
external\cls_chinese_medicine/train/hehuanpi/hehuanpi_0331.jpg,合欢皮,性味甘平；归心肝肺经；功效：解郁安神、活血消肿。
external\cls_chinese_medicine/train/hehuanpi/hehuanpi_0311.jpg,合欢皮,性味甘平；归心肝肺经；功效：解郁安神、活血消肿。
external\cls_chinese_medicine/train/hehuanpi/hehuanpi_0412.jpg,合欢皮,性味甘平；归心肝肺经；功效：解郁安神、活血消肿。
external\cls_chinese_medicine/train/hehuanpi/hehuanpi_0501.jpg,合欢皮,性味甘平；归心肝肺经；功效：解郁安神、活血消肿。
external\cls_chinese_medicine/train/hehuanpi/hehuanpi_1220.jpg,合欢皮,性味甘平；归心肝肺经；功效：解郁安神、活血消肿。
external\cls_chinese_medicine/train/hehuanpi/hehuanpi_0377.jpg,合欢皮,性味甘平；归心肝肺经；功效：解郁安神、活血消肿。
external\cls_chinese_medicine/train/hehuanpi/hehuanpi_1149.jpg,合欢皮,性味甘平；归心肝肺经；功效：解郁安神、活血消肿。
external\cls_chinese_medicine/train/hehuanpi/hehuanpi_0034.jpg,合欢皮,性味甘平；归心肝肺经；功效：解郁安神、活血消肿。
external\cls_chinese_medicine/train/hehuanpi/hehuanpi_0741.jpg,合欢皮,性味甘平；归心肝肺经；功效：解郁安神、活血消肿。
external\cls_chinese_medicine/train/hehuanpi/hehuanpi_1467.jpg,合欢皮,性味甘平；归心肝肺经；功效：解郁安神、活血消肿。
external\cls_chinese_medicine/train/hehuanpi/hehuanpi_0612.jpg,合欢皮,性味甘平；归心肝肺经；功效：解郁安神、活血消肿。
external\cls_chinese_medicine/train/hehuanpi/hehuanpi_0747.jpg,合欢皮,性味甘平；归心肝肺经；功效：解郁安神、活血消肿。
external\cls_chinese_medicine/train/hehuanpi/hehuanpi_0950.jpg,合欢皮,性味甘平；归心肝肺经；功效：解郁安神、活血消肿。
external\cls_chinese_medicine/train/hehuanpi/hehuanpi_1340.jpg,合欢皮,性味甘平；归心肝肺经；功效：解郁安神、活血消肿。
external\cls_chinese_medicine/train/hehuanpi/hehuanpi_0392.jpg,合欢皮,性味甘平；归心肝肺经；功效：解郁安神、活血消肿。
external\cls_chinese_medicine/train/hehuanpi/hehuanpi_0285.jpg,合欢皮,性味甘平；归心肝肺经；功效：解郁安神、活血消肿。
external\cls_chinese_medicine/train/hehuanpi/hehuanpi_0458.jpg,合欢皮,性味甘平；归心肝肺经；功效：解郁安神、活血消肿。
external\cls_chinese_medicine/train/hehuanpi/hehuanpi_0984.jpg,合欢皮,性味甘平；归心肝肺经；功效：解郁安神、活血消肿。
external\cls_chinese_medicine/train/hehuanpi/hehuanpi_0241.jpg,合欢皮,性味甘平；归心肝肺经；功效：解郁安神、活血消肿。
external\cls_chinese_medicine/train/hehuanpi/hehuanpi_1389.jpg,合欢皮,性味甘平；归心肝肺经；功效：解郁安神、活血消肿。
external\cls_chinese_medicine/train/hehuanpi/hehuanpi_0930.jpg,合欢皮,性味甘平；归心肝肺经；功效：解郁安神、活血消肿。
external\cls_chinese_medicine/train/hehuanpi/hehuanpi_0173.jpg,合欢皮,性味甘平；归心肝肺经；功效：解郁安神、活血消肿。
external\cls_chinese_medicine/train/hehuanpi/hehuanpi_1564.jpg,合欢皮,性味甘平；归心肝肺经；功效：解郁安神、活血消肿。
external\cls_chinese_medicine/train/hehuanpi/hehuanpi_1071.jpg,合欢皮,性味甘平；归心肝肺经；功效：解郁安神、活血消肿。
external\cls_chinese_medicine/train/hehuanpi/hehuanpi_1094.jpg,合欢皮,性味甘平；归心肝肺经；功效：解郁安神、活血消肿。
external\cls_chinese_medicine/train/hehuanpi/hehuanpi_1286.jpg,合欢皮,性味甘平；归心肝肺经；功效：解郁安神、活血消肿。
external\cls_chinese_medicine/train/hehuanpi/hehuanpi_0202.jpg,合欢皮,性味甘平；归心肝肺经；功效：解郁安神、活血消肿。
external\cls_chinese_medicine/train/hehuanpi/hehuanpi_0552.jpg,合欢皮,性味甘平；归心肝肺经；功效：解郁安神、活血消肿。
external\cls_chinese_medicine/train/hehuanpi/hehuanpi_0066.jpg,合欢皮,性味甘平；归心肝肺经；功效：解郁安神、活血消肿。
external\cls_chinese_medicine/train/hehuanpi/hehuanpi_1199.jpg,合欢皮,性味甘平；归心肝肺经；功效：解郁安神、活血消肿。
external\cls_chinese_medicine/train/hehuanpi/hehuanpi_0955.jpg,合欢皮,性味甘平；归心肝肺经；功效：解郁安神、活血消肿。
external\cls_chinese_medicine/train/hehuanpi/hehuanpi_1580.jpg,合欢皮,性味甘平；归心肝肺经；功效：解郁安神、活血消肿。
external\cls_chinese_medicine/train/hehuanpi/hehuanpi_1269.jpg,合欢皮,性味甘平；归心肝肺经；功效：解郁安神、活血消肿。
external\cls_chinese_medicine/train/hehuanpi/hehuanpi_1610.jpg,合欢皮,性味甘平；归心肝肺经；功效：解郁安神、活血消肿。
external\cls_chinese_medicine/train/hehuanpi/hehuanpi_1281.jpg,合欢皮,性味甘平；归心肝肺经；功效：解郁安神、活血消肿。
external\cls_chinese_medicine/train/hehuanpi/hehuanpi_0383.jpg,合欢皮,性味甘平；归心肝肺经；功效：解郁安神、活血消肿。
external\cls_chinese_medicine/train/hehuanpi/hehuanpi_1127.jpg,合欢皮,性味甘平；归心肝肺经；功效：解郁安神、活血消肿。
external\cls_chinese_medicine/train/hehuanpi/hehuanpi_0228.jpg,合欢皮,性味甘平；归心肝肺经；功效：解郁安神、活血消肿。
external\cls_chinese_medicine/train/hehuanpi/hehuanpi_1511.jpg,合欢皮,性味甘平；归心肝肺经；功效：解郁安神、活血消肿。
external\cls_chinese_medicine/train/hehuanpi/hehuanpi_1466.jpg,合欢皮,性味甘平；归心肝肺经；功效：解郁安神、活血消肿。
external\cls_chinese_medicine/train/hehuanpi/hehuanpi_0880.jpg,合欢皮,性味甘平；归心肝肺经；功效：解郁安神、活血消肿。
external\cls_chinese_medicine/train/hehuanpi/hehuanpi_0999.jpg,合欢皮,性味甘平；归心肝肺经；功效：解郁安神、活血消肿。
external\cls_chinese_medicine/train/hehuanpi/hehuanpi_1090.jpg,合欢皮,性味甘平；归心肝肺经；功效：解郁安神、活血消肿。
external\cls_chinese_medicine/train/hehuanpi/hehuanpi_1338.jpg,合欢皮,性味甘平；归心肝肺经；功效：解郁安神、活血消肿。
external\cls_chinese_medicine/train/hehuanpi/hehuanpi_1531.jpg,合欢皮,性味甘平；归心肝肺经；功效：解郁安神、活血消肿。
external\cls_chinese_medicine/train/hehuanpi/hehuanpi_0685.jpg,合欢皮,性味甘平；归心肝肺经；功效：解郁安神、活血消肿。
external\cls_chinese_medicine/train/hehuanpi/hehuanpi_0695.jpg,合欢皮,性味甘平；归心肝肺经；功效：解郁安神、活血消肿。
external\cls_chinese_medicine/train/hehuanpi/hehuanpi_1166.jpg,合欢皮,性味甘平；归心肝肺经；功效：解郁安神、活血消肿。
external\cls_chinese_medicine/train/hehuanpi/hehuanpi_1131.jpg,合欢皮,性味甘平；归心肝肺经；功效：解郁安神、活血消肿。
external\cls_chinese_medicine/train/hehuanpi/hehuanpi_0360.jpg,合欢皮,性味甘平；归心肝肺经；功效：解郁安神、活血消肿。
external\cls_chinese_medicine/train/hehuanpi/hehuanpi_1256.jpg,合欢皮,性味甘平；归心肝肺经；功效：解郁安神、活血消肿。
external\cls_chinese_medicine/train/hehuanpi/hehuanpi_1560.jpg,合欢皮,性味甘平；归心肝肺经；功效：解郁安神、活血消肿。
external\cls_chinese_medicine/train/hehuanpi/hehuanpi_0730.jpg,合欢皮,性味甘平；归心肝肺经；功效：解郁安神、活血消肿。
external\cls_chinese_medicine/train/hehuanpi/hehuanpi_1157.jpg,合欢皮,性味甘平；归心肝肺经；功效：解郁安神、活血消肿。
external\cls_chinese_medicine/train/hehuanpi/hehuanpi_1144.jpg,合欢皮,性味甘平；归心肝肺经；功效：解郁安神、活血消肿。
external\cls_chinese_medicine/train/hehuanpi/hehuanpi_1265.jpg,合欢皮,性味甘平；归心肝肺经；功效：解郁安神、活血消肿。
external\cls_chinese_medicine/train/hehuanpi/hehuanpi_0443.jpg,合欢皮,性味甘平；归心肝肺经；功效：解郁安神、活血消肿。
external\cls_chinese_medicine/train/hehuanpi/hehuanpi_1506.jpg,合欢皮,性味甘平；归心肝肺经；功效：解郁安神、活血消肿。
external\cls_chinese_medicine/train/hehuanpi/hehuanpi_1073.jpg,合欢皮,性味甘平；归心肝肺经；功效：解郁安神、活血消肿。
external\cls_chinese_medicine/train/hehuanpi/hehuanpi_0288.jpg,合欢皮,性味甘平；归心肝肺经；功效：解郁安神、活血消肿。
external\cls_chinese_medicine/train/hehuanpi/hehuanpi_1261.jpg,合欢皮,性味甘平；归心肝肺经；功效：解郁安神、活血消肿。
external\cls_chinese_medicine/train/digupi/digupi_0546.jpg,地骨皮,性味甘寒；归肺肝肾经；功效：凉血除蒸、清肺降火。
external\cls_chinese_medicine/train/digupi/digupi_0280.jpg,地骨皮,性味甘寒；归肺肝肾经；功效：凉血除蒸、清肺降火。
external\cls_chinese_medicine/train/digupi/digupi_1454.jpg,地骨皮,性味甘寒；归肺肝肾经；功效：凉血除蒸、清肺降火。
external\cls_chinese_medicine/train/digupi/digupi_1249.jpg,地骨皮,性味甘寒；归肺肝肾经；功效：凉血除蒸、清肺降火。
external\cls_chinese_medicine/train/digupi/digupi_0063.jpg,地骨皮,性味甘寒；归肺肝肾经；功效：凉血除蒸、清肺降火。
external\cls_chinese_medicine/train/digupi/digupi_1568.jpg,地骨皮,性味甘寒；归肺肝肾经；功效：凉血除蒸、清肺降火。
external\cls_chinese_medicine/train/digupi/digupi_0454.jpg,地骨皮,性味甘寒；归肺肝肾经；功效：凉血除蒸、清肺降火。
external\cls_chinese_medicine/train/digupi/digupi_0344.jpg,地骨皮,性味甘寒；归肺肝肾经；功效：凉血除蒸、清肺降火。
external\cls_chinese_medicine/train/digupi/digupi_1125.jpg,地骨皮,性味甘寒；归肺肝肾经；功效：凉血除蒸、清肺降火。
external\cls_chinese_medicine/train/digupi/digupi_0707.jpg,地骨皮,性味甘寒；归肺肝肾经；功效：凉血除蒸、清肺降火。
external\cls_chinese_medicine/train/digupi/digupi_0382.jpg,地骨皮,性味甘寒；归肺肝肾经；功效：凉血除蒸、清肺降火。
external\cls_chinese_medicine/train/digupi/digupi_0893.jpg,地骨皮,性味甘寒；归肺肝肾经；功效：凉血除蒸、清肺降火。
external\cls_chinese_medicine/train/digupi/digupi_0674.jpg,地骨皮,性味甘寒；归肺肝肾经；功效：凉血除蒸、清肺降火。
external\cls_chinese_medicine/train/digupi/digupi_0789.jpg,地骨皮,性味甘寒；归肺肝肾经；功效：凉血除蒸、清肺降火。
external\cls_chinese_medicine/train/digupi/digupi_0268.jpg,地骨皮,性味甘寒；归肺肝肾经；功效：凉血除蒸、清肺降火。
external\cls_chinese_medicine/train/digupi/digupi_0895.jpg,地骨皮,性味甘寒；归肺肝肾经；功效：凉血除蒸、清肺降火。
external\cls_chinese_medicine/train/digupi/digupi_0032.jpg,地骨皮,性味甘寒；归肺肝肾经；功效：凉血除蒸、清肺降火。
external\cls_chinese_medicine/train/digupi/digupi_0679.jpg,地骨皮,性味甘寒；归肺肝肾经；功效：凉血除蒸、清肺降火。
external\cls_chinese_medicine/train/digupi/digupi_0518.jpg,地骨皮,性味甘寒；归肺肝肾经；功效：凉血除蒸、清肺降火。
external\cls_chinese_medicine/train/digupi/digupi_1589.jpg,地骨皮,性味甘寒；归肺肝肾经；功效：凉血除蒸、清肺降火。
external\cls_chinese_medicine/train/digupi/digupi_0947.jpg,地骨皮,性味甘寒；归肺肝肾经；功效：凉血除蒸、清肺降火。
external\cls_chinese_medicine/train/digupi/digupi_0957.jpg,地骨皮,性味甘寒；归肺肝肾经；功效：凉血除蒸、清肺降火。
external\cls_chinese_medicine/train/digupi/digupi_0205.jpg,地骨皮,性味甘寒；归肺肝肾经；功效：凉血除蒸、清肺降火。
external\cls_chinese_medicine/train/digupi/digupi_0545.jpg,地骨皮,性味甘寒；归肺肝肾经；功效：凉血除蒸、清肺降火。
external\cls_chinese_medicine/train/digupi/digupi_0069.jpg,地骨皮,性味甘寒；归肺肝肾经；功效：凉血除蒸、清肺降火。
external\cls_chinese_medicine/train/digupi/digupi_1216.jpg,地骨皮,性味甘寒；归肺肝肾经；功效：凉血除蒸、清肺降火。
external\cls_chinese_medicine/train/digupi/digupi_0554.jpg,地骨皮,性味甘寒；归肺肝肾经；功效：凉血除蒸、清肺降火。
external\cls_chinese_medicine/train/digupi/digupi_0309.jpg,地骨皮,性味甘寒；归肺肝肾经；功效：凉血除蒸、清肺降火。
external\cls_chinese_medicine/train/digupi/digupi_0562.jpg,地骨皮,性味甘寒；归肺肝肾经；功效：凉血除蒸、清肺降火。
external\cls_chinese_medicine/train/digupi/digupi_1104.jpg,地骨皮,性味甘寒；归肺肝肾经；功效：凉血除蒸、清肺降火。
external\cls_chinese_medicine/train/digupi/digupi_0356.jpg,地骨皮,性味甘寒；归肺肝肾经；功效：凉血除蒸、清肺降火。
external\cls_chinese_medicine/train/digupi/digupi_1033.jpg,地骨皮,性味甘寒；归肺肝肾经；功效：凉血除蒸、清肺降火。
external\cls_chinese_medicine/train/digupi/digupi_1020.jpg,地骨皮,性味甘寒；归肺肝肾经；功效：凉血除蒸、清肺降火。
external\cls_chinese_medicine/train/digupi/digupi_0730.jpg,地骨皮,性味甘寒；归肺肝肾经；功效：凉血除蒸、清肺降火。
external\cls_chinese_medicine/train/digupi/digupi_0496.jpg,地骨皮,性味甘寒；归肺肝肾经；功效：凉血除蒸、清肺降火。
external\cls_chinese_medicine/train/digupi/digupi_1118.jpg,地骨皮,性味甘寒；归肺肝肾经；功效：凉血除蒸、清肺降火。
external\cls_chinese_medicine/train/digupi/digupi_0369.jpg,地骨皮,性味甘寒；归肺肝肾经；功效：凉血除蒸、清肺降火。
external\cls_chinese_medicine/train/digupi/digupi_0104.jpg,地骨皮,性味甘寒；归肺肝肾经；功效：凉血除蒸、清肺降火。
external\cls_chinese_medicine/train/digupi/digupi_0318.jpg,地骨皮,性味甘寒；归肺肝肾经；功效：凉血除蒸、清肺降火。
external\cls_chinese_medicine/train/digupi/digupi_0130.jpg,地骨皮,性味甘寒；归肺肝肾经；功效：凉血除蒸、清肺降火。
external\cls_chinese_medicine/train/digupi/digupi_0896.jpg,地骨皮,性味甘寒；归肺肝肾经；功效：凉血除蒸、清肺降火。
external\cls_chinese_medicine/train/digupi/digupi_0396.jpg,地骨皮,性味甘寒；归肺肝肾经；功效：凉血除蒸、清肺降火。
external\cls_chinese_medicine/train/digupi/digupi_0998.jpg,地骨皮,性味甘寒；归肺肝肾经；功效：凉血除蒸、清肺降火。
external\cls_chinese_medicine/train/digupi/digupi_0814.jpg,地骨皮,性味甘寒；归肺肝肾经；功效：凉血除蒸、清肺降火。
external\cls_chinese_medicine/train/digupi/digupi_1446.jpg,地骨皮,性味甘寒；归肺肝肾经；功效：凉血除蒸、清肺降火。
external\cls_chinese_medicine/train/digupi/digupi_0141.jpg,地骨皮,性味甘寒；归肺肝肾经；功效：凉血除蒸、清肺降火。
external\cls_chinese_medicine/train/digupi/digupi_0717.jpg,地骨皮,性味甘寒；归肺肝肾经；功效：凉血除蒸、清肺降火。
external\cls_chinese_medicine/train/digupi/digupi_0448.jpg,地骨皮,性味甘寒；归肺肝肾经；功效：凉血除蒸、清肺降火。
external\cls_chinese_medicine/train/digupi/digupi_0745.jpg,地骨皮,性味甘寒；归肺肝肾经；功效：凉血除蒸、清肺降火。
external\cls_chinese_medicine/train/digupi/digupi_1308.jpg,地骨皮,性味甘寒；归肺肝肾经；功效：凉血除蒸、清肺降火。
external\cls_chinese_medicine/train/digupi/digupi_1470.jpg,地骨皮,性味甘寒；归肺肝肾经；功效：凉血除蒸、清肺降火。
external\cls_chinese_medicine/train/digupi/digupi_0640.jpg,地骨皮,性味甘寒；归肺肝肾经；功效：凉血除蒸、清肺降火。
external\cls_chinese_medicine/train/digupi/digupi_0129.jpg,地骨皮,性味甘寒；归肺肝肾经；功效：凉血除蒸、清肺降火。
external\cls_chinese_medicine/train/digupi/digupi_0386.jpg,地骨皮,性味甘寒；归肺肝肾经；功效：凉血除蒸、清肺降火。
external\cls_chinese_medicine/train/digupi/digupi_0844.jpg,地骨皮,性味甘寒；归肺肝肾经；功效：凉血除蒸、清肺降火。
external\cls_chinese_medicine/train/digupi/digupi_1027.jpg,地骨皮,性味甘寒；归肺肝肾经；功效：凉血除蒸、清肺降火。
external\cls_chinese_medicine/train/digupi/digupi_0586.jpg,地骨皮,性味甘寒；归肺肝肾经；功效：凉血除蒸、清肺降火。
external\cls_chinese_medicine/train/digupi/digupi_1277.jpg,地骨皮,性味甘寒；归肺肝肾经；功效：凉血除蒸、清肺降火。
external\cls_chinese_medicine/train/digupi/digupi_0252.jpg,地骨皮,性味甘寒；归肺肝肾经；功效：凉血除蒸、清肺降火。
external\cls_chinese_medicine/train/digupi/digupi_1574.jpg,地骨皮,性味甘寒；归肺肝肾经；功效：凉血除蒸、清肺降火。
external\cls_chinese_medicine/train/digupi/digupi_0581.jpg,地骨皮,性味甘寒；归肺肝肾经；功效：凉血除蒸、清肺降火。
external\cls_chinese_medicine/train/digupi/digupi_1265.jpg,地骨皮,性味甘寒；归肺肝肾经；功效：凉血除蒸、清肺降火。
external\cls_chinese_medicine/train/digupi/digupi_0365.jpg,地骨皮,性味甘寒；归肺肝肾经；功效：凉血除蒸、清肺降火。
external\cls_chinese_medicine/train/digupi/digupi_0024.jpg,地骨皮,性味甘寒；归肺肝肾经；功效：凉血除蒸、清肺降火。
external\cls_chinese_medicine/train/digupi/digupi_0941.jpg,地骨皮,性味甘寒；归肺肝肾经；功效：凉血除蒸、清肺降火。
external\cls_chinese_medicine/train/digupi/digupi_1160.jpg,地骨皮,性味甘寒；归肺肝肾经；功效：凉血除蒸、清肺降火。
external\cls_chinese_medicine/train/digupi/digupi_0053.jpg,地骨皮,性味甘寒；归肺肝肾经；功效：凉血除蒸、清肺降火。
external\cls_chinese_medicine/train/digupi/digupi_1023.jpg,地骨皮,性味甘寒；归肺肝肾经；功效：凉血除蒸、清肺降火。
external\cls_chinese_medicine/train/digupi/digupi_0587.jpg,地骨皮,性味甘寒；归肺肝肾经；功效：凉血除蒸、清肺降火。
external\cls_chinese_medicine/train/digupi/digupi_0718.jpg,地骨皮,性味甘寒；归肺肝肾经；功效：凉血除蒸、清肺降火。
external\cls_chinese_medicine/train/digupi/digupi_1248.jpg,地骨皮,性味甘寒；归肺肝肾经；功效：凉血除蒸、清肺降火。
external\cls_chinese_medicine/train/digupi/digupi_1336.jpg,地骨皮,性味甘寒；归肺肝肾经；功效：凉血除蒸、清肺降火。
external\cls_chinese_medicine/train/digupi/digupi_0191.jpg,地骨皮,性味甘寒；归肺肝肾经；功效：凉血除蒸、清肺降火。
external\cls_chinese_medicine/train/digupi/digupi_0284.jpg,地骨皮,性味甘寒；归肺肝肾经；功效：凉血除蒸、清肺降火。
external\cls_chinese_medicine/train/digupi/digupi_1154.jpg,地骨皮,性味甘寒；归肺肝肾经；功效：凉血除蒸、清肺降火。
external\cls_chinese_medicine/train/digupi/digupi_0598.jpg,地骨皮,性味甘寒；归肺肝肾经；功效：凉血除蒸、清肺降火。
external\cls_chinese_medicine/train/digupi/digupi_1528.jpg,地骨皮,性味甘寒；归肺肝肾经；功效：凉血除蒸、清肺降火。
external\cls_chinese_medicine/train/digupi/digupi_1012.jpg,地骨皮,性味甘寒；归肺肝肾经；功效：凉血除蒸、清肺降火。
external\cls_chinese_medicine/train/digupi/digupi_0511.jpg,地骨皮,性味甘寒；归肺肝肾经；功效：凉血除蒸、清肺降火。
external\cls_chinese_medicine/train/digupi/digupi_0210.jpg,地骨皮,性味甘寒；归肺肝肾经；功效：凉血除蒸、清肺降火。
external\cls_chinese_medicine/train/digupi/digupi_1128.jpg,地骨皮,性味甘寒；归肺肝肾经；功效：凉血除蒸、清肺降火。
external\cls_chinese_medicine/train/digupi/digupi_1567.jpg,地骨皮,性味甘寒；归肺肝肾经；功效：凉血除蒸、清肺降火。
external\cls_chinese_medicine/train/digupi/digupi_0638.jpg,地骨皮,性味甘寒；归肺肝肾经；功效：凉血除蒸、清肺降火。
external\cls_chinese_medicine/train/digupi/digupi_0336.jpg,地骨皮,性味甘寒；归肺肝肾经；功效：凉血除蒸、清肺降火。
external\cls_chinese_medicine/train/digupi/digupi_1480.jpg,地骨皮,性味甘寒；归肺肝肾经；功效：凉血除蒸、清肺降火。
external\cls_chinese_medicine/train/digupi/digupi_0321.jpg,地骨皮,性味甘寒；归肺肝肾经；功效：凉血除蒸、清肺降火。
external\cls_chinese_medicine/train/digupi/digupi_0449.jpg,地骨皮,性味甘寒；归肺肝肾经；功效：凉血除蒸、清肺降火。
external\cls_chinese_medicine/train/digupi/digupi_0055.jpg,地骨皮,性味甘寒；归肺肝肾经；功效：凉血除蒸、清肺降火。
external\cls_chinese_medicine/train/digupi/digupi_0074.jpg,地骨皮,性味甘寒；归肺肝肾经；功效：凉血除蒸、清肺降火。
external\cls_chinese_medicine/train/digupi/digupi_1034.jpg,地骨皮,性味甘寒；归肺肝肾经；功效：凉血除蒸、清肺降火。
external\cls_chinese_medicine/train/digupi/digupi_0080.jpg,地骨皮,性味甘寒；归肺肝肾经；功效：凉血除蒸、清肺降火。
external\cls_chinese_medicine/train/digupi/digupi_0702.jpg,地骨皮,性味甘寒；归肺肝肾经；功效：凉血除蒸、清肺降火。
external\cls_chinese_medicine/train/digupi/digupi_0270.jpg,地骨皮,性味甘寒；归肺肝肾经；功效：凉血除蒸、清肺降火。
external\cls_chinese_medicine/train/digupi/digupi_1457.jpg,地骨皮,性味甘寒；归肺肝肾经；功效：凉血除蒸、清肺降火。
external\cls_chinese_medicine/train/digupi/digupi_0921.jpg,地骨皮,性味甘寒；归肺肝肾经；功效：凉血除蒸、清肺降火。
external\cls_chinese_medicine/train/digupi/digupi_0973.jpg,地骨皮,性味甘寒；归肺肝肾经；功效：凉血除蒸、清肺降火。
external\cls_chinese_medicine/train/digupi/digupi_0256.jpg,地骨皮,性味甘寒；归肺肝肾经；功效：凉血除蒸、清肺降火。
external\cls_chinese_medicine/train/digupi/digupi_0811.jpg,地骨皮,性味甘寒；归肺肝肾经；功效：凉血除蒸、清肺降火。
external\cls_chinese_medicine/train/digupi/digupi_1043.jpg,地骨皮,性味甘寒；归肺肝肾经；功效：凉血除蒸、清肺降火。
external\cls_chinese_medicine/train/digupi/digupi_0797.jpg,地骨皮,性味甘寒；归肺肝肾经；功效：凉血除蒸、清肺降火。
external\cls_chinese_medicine/train/digupi/digupi_1448.jpg,地骨皮,性味甘寒；归肺肝肾经；功效：凉血除蒸、清肺降火。
external\cls_chinese_medicine/train/digupi/digupi_0958.jpg,地骨皮,性味甘寒；归肺肝肾经；功效：凉血除蒸、清肺降火。
external\cls_chinese_medicine/train/digupi/digupi_0179.jpg,地骨皮,性味甘寒；归肺肝肾经；功效：凉血除蒸、清肺降火。
external\cls_chinese_medicine/train/digupi/digupi_0174.jpg,地骨皮,性味甘寒；归肺肝肾经；功效：凉血除蒸、清肺降火。
external\cls_chinese_medicine/train/digupi/digupi_1007.jpg,地骨皮,性味甘寒；归肺肝肾经；功效：凉血除蒸、清肺降火。
external\cls_chinese_medicine/train/digupi/digupi_0632.jpg,地骨皮,性味甘寒；归肺肝肾经；功效：凉血除蒸、清肺降火。
external\cls_chinese_medicine/train/digupi/digupi_0366.jpg,地骨皮,性味甘寒；归肺肝肾经；功效：凉血除蒸、清肺降火。
external\cls_chinese_medicine/train/digupi/digupi_1147.jpg,地骨皮,性味甘寒；归肺肝肾经；功效：凉血除蒸、清肺降火。
external\cls_chinese_medicine/train/digupi/digupi_1428.jpg,地骨皮,性味甘寒；归肺肝肾经；功效：凉血除蒸、清肺降火。
external\cls_chinese_medicine/train/digupi/digupi_1148.jpg,地骨皮,性味甘寒；归肺肝肾经；功效：凉血除蒸、清肺降火。
external\cls_chinese_medicine/train/digupi/digupi_0649.jpg,地骨皮,性味甘寒；归肺肝肾经；功效：凉血除蒸、清肺降火。
external\cls_chinese_medicine/train/digupi/digupi_1203.jpg,地骨皮,性味甘寒；归肺肝肾经；功效：凉血除蒸、清肺降火。
external\cls_chinese_medicine/train/digupi/digupi_0573.jpg,地骨皮,性味甘寒；归肺肝肾经；功效：凉血除蒸、清肺降火。
external\cls_chinese_medicine/train/digupi/digupi_1271.jpg,地骨皮,性味甘寒；归肺肝肾经；功效：凉血除蒸、清肺降火。
external\cls_chinese_medicine/train/digupi/digupi_0752.jpg,地骨皮,性味甘寒；归肺肝肾经；功效：凉血除蒸、清肺降火。
external\cls_chinese_medicine/train/digupi/digupi_0420.jpg,地骨皮,性味甘寒；归肺肝肾经；功效：凉血除蒸、清肺降火。
external\cls_chinese_medicine/train/digupi/digupi_1018.jpg,地骨皮,性味甘寒；归肺肝肾经；功效：凉血除蒸、清肺降火。
external\cls_chinese_medicine/train/digupi/digupi_0618.jpg,地骨皮,性味甘寒；归肺肝肾经；功效：凉血除蒸、清肺降火。
external\cls_chinese_medicine/train/digupi/digupi_0147.jpg,地骨皮,性味甘寒；归肺肝肾经；功效：凉血除蒸、清肺降火。
external\cls_chinese_medicine/train/digupi/digupi_0071.jpg,地骨皮,性味甘寒；归肺肝肾经；功效：凉血除蒸、清肺降火。
external\cls_chinese_medicine/train/digupi/digupi_0846.jpg,地骨皮,性味甘寒；归肺肝肾经；功效：凉血除蒸、清肺降火。
external\cls_chinese_medicine/train/digupi/digupi_0030.jpg,地骨皮,性味甘寒；归肺肝肾经；功效：凉血除蒸、清肺降火。
external\cls_chinese_medicine/train/digupi/digupi_1162.jpg,地骨皮,性味甘寒；归肺肝肾经；功效：凉血除蒸、清肺降火。
external\cls_chinese_medicine/train/digupi/digupi_0168.jpg,地骨皮,性味甘寒；归肺肝肾经；功效：凉血除蒸、清肺降火。
external\cls_chinese_medicine/train/digupi/digupi_0982.jpg,地骨皮,性味甘寒；归肺肝肾经；功效：凉血除蒸、清肺降火。
external\cls_chinese_medicine/train/digupi/digupi_1538.jpg,地骨皮,性味甘寒；归肺肝肾经；功效：凉血除蒸、清肺降火。
external\cls_chinese_medicine/train/digupi/digupi_1353.jpg,地骨皮,性味甘寒；归肺肝肾经；功效：凉血除蒸、清肺降火。
external\cls_chinese_medicine/train/digupi/digupi_1171.jpg,地骨皮,性味甘寒；归肺肝肾经；功效：凉血除蒸、清肺降火。
external\cls_chinese_medicine/train/digupi/digupi_0913.jpg,地骨皮,性味甘寒；归肺肝肾经；功效：凉血除蒸、清肺降火。
external\cls_chinese_medicine/train/digupi/digupi_0436.jpg,地骨皮,性味甘寒；归肺肝肾经；功效：凉血除蒸、清肺降火。
external\cls_chinese_medicine/train/digupi/digupi_1310.jpg,地骨皮,性味甘寒；归肺肝肾经；功效：凉血除蒸、清肺降火。
external\cls_chinese_medicine/train/digupi/digupi_0792.jpg,地骨皮,性味甘寒；归肺肝肾经；功效：凉血除蒸、清肺降火。
external\cls_chinese_medicine/train/digupi/digupi_0845.jpg,地骨皮,性味甘寒；归肺肝肾经；功效：凉血除蒸、清肺降火。
external\cls_chinese_medicine/train/digupi/digupi_1168.jpg,地骨皮,性味甘寒；归肺肝肾经；功效：凉血除蒸、清肺降火。
external\cls_chinese_medicine/train/digupi/digupi_0206.jpg,地骨皮,性味甘寒；归肺肝肾经；功效：凉血除蒸、清肺降火。
external\cls_chinese_medicine/train/digupi/digupi_1437.jpg,地骨皮,性味甘寒；归肺肝肾经；功效：凉血除蒸、清肺降火。
external\cls_chinese_medicine/train/digupi/digupi_1209.jpg,地骨皮,性味甘寒；归肺肝肾经；功效：凉血除蒸、清肺降火。
external\cls_chinese_medicine/train/digupi/digupi_1556.jpg,地骨皮,性味甘寒；归肺肝肾经；功效：凉血除蒸、清肺降火。
external\cls_chinese_medicine/train/digupi/digupi_1402.jpg,地骨皮,性味甘寒；归肺肝肾经；功效：凉血除蒸、清肺降火。
external\cls_chinese_medicine/train/digupi/digupi_0368.jpg,地骨皮,性味甘寒；归肺肝肾经；功效：凉血除蒸、清肺降火。
external\cls_chinese_medicine/train/digupi/digupi_0676.jpg,地骨皮,性味甘寒；归肺肝肾经；功效：凉血除蒸、清肺降火。
external\cls_chinese_medicine/train/digupi/digupi_1150.jpg,地骨皮,性味甘寒；归肺肝肾经；功效：凉血除蒸、清肺降火。
external\cls_chinese_medicine/train/digupi/digupi_0779.jpg,地骨皮,性味甘寒；归肺肝肾经；功效：凉血除蒸、清肺降火。
external\cls_chinese_medicine/train/digupi/digupi_1611.jpg,地骨皮,性味甘寒；归肺肝肾经；功效：凉血除蒸、清肺降火。
external\cls_chinese_medicine/train/digupi/digupi_1070.jpg,地骨皮,性味甘寒；归肺肝肾经；功效：凉血除蒸、清肺降火。
external\cls_chinese_medicine/train/digupi/digupi_1577.jpg,地骨皮,性味甘寒；归肺肝肾经；功效：凉血除蒸、清肺降火。
external\cls_chinese_medicine/train/digupi/digupi_1267.jpg,地骨皮,性味甘寒；归肺肝肾经；功效：凉血除蒸、清肺降火。
external\cls_chinese_medicine/train/digupi/digupi_1618.jpg,地骨皮,性味甘寒；归肺肝肾经；功效：凉血除蒸、清肺降火。
external\cls_chinese_medicine/train/digupi/digupi_0959.jpg,地骨皮,性味甘寒；归肺肝肾经；功效：凉血除蒸、清肺降火。
external\cls_chinese_medicine/train/digupi/digupi_0782.jpg,地骨皮,性味甘寒；归肺肝肾经；功效：凉血除蒸、清肺降火。
external\cls_chinese_medicine/train/digupi/digupi_0504.jpg,地骨皮,性味甘寒；归肺肝肾经；功效：凉血除蒸、清肺降火。
external\cls_chinese_medicine/train/digupi/digupi_1233.jpg,地骨皮,性味甘寒；归肺肝肾经；功效：凉血除蒸、清肺降火。
external\cls_chinese_medicine/train/digupi/digupi_0553.jpg,地骨皮,性味甘寒；归肺肝肾经；功效：凉血除蒸、清肺降火。
external\cls_chinese_medicine/train/digupi/digupi_0227.jpg,地骨皮,性味甘寒；归肺肝肾经；功效：凉血除蒸、清肺降火。
external\cls_chinese_medicine/train/digupi/digupi_1145.jpg,地骨皮,性味甘寒；归肺肝肾经；功效：凉血除蒸、清肺降火。
external\cls_chinese_medicine/train/digupi/digupi_1139.jpg,地骨皮,性味甘寒；归肺肝肾经；功效：凉血除蒸、清肺降火。
external\cls_chinese_medicine/train/digupi/digupi_1001.jpg,地骨皮,性味甘寒；归肺肝肾经；功效：凉血除蒸、清肺降火。
external\cls_chinese_medicine/train/digupi/digupi_0503.jpg,地骨皮,性味甘寒；归肺肝肾经；功效：凉血除蒸、清肺降火。
external\cls_chinese_medicine/train/digupi/digupi_0047.jpg,地骨皮,性味甘寒；归肺肝肾经；功效：凉血除蒸、清肺降火。
external\cls_chinese_medicine/train/digupi/digupi_0532.jpg,地骨皮,性味甘寒；归肺肝肾经；功效：凉血除蒸、清肺降火。
external\cls_chinese_medicine/train/digupi/digupi_1042.jpg,地骨皮,性味甘寒；归肺肝肾经；功效：凉血除蒸、清肺降火。
external\cls_chinese_medicine/train/digupi/digupi_1259.jpg,地骨皮,性味甘寒；归肺肝肾经；功效：凉血除蒸、清肺降火。
external\cls_chinese_medicine/train/digupi/digupi_0181.jpg,地骨皮,性味甘寒；归肺肝肾经；功效：凉血除蒸、清肺降火。
external\cls_chinese_medicine/train/digupi/digupi_1546.jpg,地骨皮,性味甘寒；归肺肝肾经；功效：凉血除蒸、清肺降火。
external\cls_chinese_medicine/train/digupi/digupi_0834.jpg,地骨皮,性味甘寒；归肺肝肾经；功效：凉血除蒸、清肺降火。
external\cls_chinese_medicine/train/digupi/digupi_0300.jpg,地骨皮,性味甘寒；归肺肝肾经；功效：凉血除蒸、清肺降火。
external\cls_chinese_medicine/train/digupi/digupi_0121.jpg,地骨皮,性味甘寒；归肺肝肾经；功效：凉血除蒸、清肺降火。
external\cls_chinese_medicine/train/digupi/digupi_0345.jpg,地骨皮,性味甘寒；归肺肝肾经；功效：凉血除蒸、清肺降火。
external\cls_chinese_medicine/train/digupi/digupi_0839.jpg,地骨皮,性味甘寒；归肺肝肾经；功效：凉血除蒸、清肺降火。
external\cls_chinese_medicine/train/digupi/digupi_1573.jpg,地骨皮,性味甘寒；归肺肝肾经；功效：凉血除蒸、清肺降火。
external\cls_chinese_medicine/train/digupi/digupi_0823.jpg,地骨皮,性味甘寒；归肺肝肾经；功效：凉血除蒸、清肺降火。
external\cls_chinese_medicine/train/digupi/digupi_1379.jpg,地骨皮,性味甘寒；归肺肝肾经；功效：凉血除蒸、清肺降火。
external\cls_chinese_medicine/train/digupi/digupi_1163.jpg,地骨皮,性味甘寒；归肺肝肾经；功效：凉血除蒸、清肺降火。
external\cls_chinese_medicine/train/digupi/digupi_1351.jpg,地骨皮,性味甘寒；归肺肝肾经；功效：凉血除蒸、清肺降火。
external\cls_chinese_medicine/train/digupi/digupi_0082.jpg,地骨皮,性味甘寒；归肺肝肾经；功效：凉血除蒸、清肺降火。
external\cls_chinese_medicine/train/digupi/digupi_0829.jpg,地骨皮,性味甘寒；归肺肝肾经；功效：凉血除蒸、清肺降火。
external\cls_chinese_medicine/train/digupi/digupi_1495.jpg,地骨皮,性味甘寒；归肺肝肾经；功效：凉血除蒸、清肺降火。
external\cls_chinese_medicine/train/digupi/digupi_1068.jpg,地骨皮,性味甘寒；归肺肝肾经；功效：凉血除蒸、清肺降火。
external\cls_chinese_medicine/train/digupi/digupi_0192.jpg,地骨皮,性味甘寒；归肺肝肾经；功效：凉血除蒸、清肺降火。
external\cls_chinese_medicine/train/digupi/digupi_0353.jpg,地骨皮,性味甘寒；归肺肝肾经；功效：凉血除蒸、清肺降火。
external\cls_chinese_medicine/train/digupi/digupi_1553.jpg,地骨皮,性味甘寒；归肺肝肾经；功效：凉血除蒸、清肺降火。
external\cls_chinese_medicine/train/digupi/digupi_0016.jpg,地骨皮,性味甘寒；归肺肝肾经；功效：凉血除蒸、清肺降火。
external\cls_chinese_medicine/train/digupi/digupi_1392.jpg,地骨皮,性味甘寒；归肺肝肾经；功效：凉血除蒸、清肺降火。
external\cls_chinese_medicine/train/digupi/digupi_0777.jpg,地骨皮,性味甘寒；归肺肝肾经；功效：凉血除蒸、清肺降火。
external\cls_chinese_medicine/train/digupi/digupi_1283.jpg,地骨皮,性味甘寒；归肺肝肾经；功效：凉血除蒸、清肺降火。
external\cls_chinese_medicine/train/digupi/digupi_1565.jpg,地骨皮,性味甘寒；归肺肝肾经；功效：凉血除蒸、清肺降火。
external\cls_chinese_medicine/train/digupi/digupi_0245.jpg,地骨皮,性味甘寒；归肺肝肾经；功效：凉血除蒸、清肺降火。
external\cls_chinese_medicine/train/digupi/digupi_1031.jpg,地骨皮,性味甘寒；归肺肝肾经；功效：凉血除蒸、清肺降火。
external\cls_chinese_medicine/train/digupi/digupi_0693.jpg,地骨皮,性味甘寒；归肺肝肾经；功效：凉血除蒸、清肺降火。
external\cls_chinese_medicine/train/digupi/digupi_1227.jpg,地骨皮,性味甘寒；归肺肝肾经；功效：凉血除蒸、清肺降火。
external\cls_chinese_medicine/train/digupi/digupi_0619.jpg,地骨皮,性味甘寒；归肺肝肾经；功效：凉血除蒸、清肺降火。
external\cls_chinese_medicine/train/digupi/digupi_0604.jpg,地骨皮,性味甘寒；归肺肝肾经；功效：凉血除蒸、清肺降火。
external\cls_chinese_medicine/train/digupi/digupi_1022.jpg,地骨皮,性味甘寒；归肺肝肾经；功效：凉血除蒸、清肺降火。
external\cls_chinese_medicine/train/digupi/digupi_0432.jpg,地骨皮,性味甘寒；归肺肝肾经；功效：凉血除蒸、清肺降火。
external\cls_chinese_medicine/train/digupi/digupi_0247.jpg,地骨皮,性味甘寒；归肺肝肾经；功效：凉血除蒸、清肺降火。
external\cls_chinese_medicine/train/digupi/digupi_0431.jpg,地骨皮,性味甘寒；归肺肝肾经；功效：凉血除蒸、清肺降火。
external\cls_chinese_medicine/train/digupi/digupi_1008.jpg,地骨皮,性味甘寒；归肺肝肾经；功效：凉血除蒸、清肺降火。
external\cls_chinese_medicine/train/digupi/digupi_1130.jpg,地骨皮,性味甘寒；归肺肝肾经；功效：凉血除蒸、清肺降火。
external\cls_chinese_medicine/train/digupi/digupi_1558.jpg,地骨皮,性味甘寒；归肺肝肾经；功效：凉血除蒸、清肺降火。
external\cls_chinese_medicine/train/digupi/digupi_1100.jpg,地骨皮,性味甘寒；归肺肝肾经；功效：凉血除蒸、清肺降火。
external\cls_chinese_medicine/train/digupi/digupi_1321.jpg,地骨皮,性味甘寒；归肺肝肾经；功效：凉血除蒸、清肺降火。
external\cls_chinese_medicine/train/digupi/digupi_1178.jpg,地骨皮,性味甘寒；归肺肝肾经；功效：凉血除蒸、清肺降火。
external\cls_chinese_medicine/train/digupi/digupi_1458.jpg,地骨皮,性味甘寒；归肺肝肾经；功效：凉血除蒸、清肺降火。
external\cls_chinese_medicine/train/digupi/digupi_0060.jpg,地骨皮,性味甘寒；归肺肝肾经；功效：凉血除蒸、清肺降火。
external\cls_chinese_medicine/train/digupi/digupi_0077.jpg,地骨皮,性味甘寒；归肺肝肾经；功效：凉血除蒸、清肺降火。
external\cls_chinese_medicine/train/digupi/digupi_1295.jpg,地骨皮,性味甘寒；归肺肝肾经；功效：凉血除蒸、清肺降火。
external\cls_chinese_medicine/train/digupi/digupi_0429.jpg,地骨皮,性味甘寒；归肺肝肾经；功效：凉血除蒸、清肺降火。
external\cls_chinese_medicine/train/digupi/digupi_0427.jpg,地骨皮,性味甘寒；归肺肝肾经；功效：凉血除蒸、清肺降火。
external\cls_chinese_medicine/train/digupi/digupi_1102.jpg,地骨皮,性味甘寒；归肺肝肾经；功效：凉血除蒸、清肺降火。
external\cls_chinese_medicine/train/digupi/digupi_0046.jpg,地骨皮,性味甘寒；归肺肝肾经；功效：凉血除蒸、清肺降火。
external\cls_chinese_medicine/train/digupi/digupi_0631.jpg,地骨皮,性味甘寒；归肺肝肾经；功效：凉血除蒸、清肺降火。
external\cls_chinese_medicine/train/digupi/digupi_1097.jpg,地骨皮,性味甘寒；归肺肝肾经；功效：凉血除蒸、清肺降火。
external\cls_chinese_medicine/train/digupi/digupi_0965.jpg,地骨皮,性味甘寒；归肺肝肾经；功效：凉血除蒸、清肺降火。
external\cls_chinese_medicine/train/digupi/digupi_1516.jpg,地骨皮,性味甘寒；归肺肝肾经；功效：凉血除蒸、清肺降火。
external\cls_chinese_medicine/train/digupi/digupi_0107.jpg,地骨皮,性味甘寒；归肺肝肾经；功效：凉血除蒸、清肺降火。
external\cls_chinese_medicine/train/digupi/digupi_1585.jpg,地骨皮,性味甘寒；归肺肝肾经；功效：凉血除蒸、清肺降火。
external\cls_chinese_medicine/train/digupi/digupi_0951.jpg,地骨皮,性味甘寒；归肺肝肾经；功效：凉血除蒸、清肺降火。
external\cls_chinese_medicine/train/digupi/digupi_0113.jpg,地骨皮,性味甘寒；归肺肝肾经；功效：凉血除蒸、清肺降火。
external\cls_chinese_medicine/train/digupi/digupi_0395.jpg,地骨皮,性味甘寒；归肺肝肾经；功效：凉血除蒸、清肺降火。
external\cls_chinese_medicine/train/digupi/digupi_1132.jpg,地骨皮,性味甘寒；归肺肝肾经；功效：凉血除蒸、清肺降火。
external\cls_chinese_medicine/train/digupi/digupi_1189.jpg,地骨皮,性味甘寒；归肺肝肾经；功效：凉血除蒸、清肺降火。
external\cls_chinese_medicine/train/digupi/digupi_0647.jpg,地骨皮,性味甘寒；归肺肝肾经；功效：凉血除蒸、清肺降火。
external\cls_chinese_medicine/train/digupi/digupi_0364.jpg,地骨皮,性味甘寒；归肺肝肾经；功效：凉血除蒸、清肺降火。
external\cls_chinese_medicine/train/digupi/digupi_1549.jpg,地骨皮,性味甘寒；归肺肝肾经；功效：凉血除蒸、清肺降火。
external\cls_chinese_medicine/train/digupi/digupi_0524.jpg,地骨皮,性味甘寒；归肺肝肾经；功效：凉血除蒸、清肺降火。
external\cls_chinese_medicine/train/digupi/digupi_0780.jpg,地骨皮,性味甘寒；归肺肝肾经；功效：凉血除蒸、清肺降火。
external\cls_chinese_medicine/train/digupi/digupi_1261.jpg,地骨皮,性味甘寒；归肺肝肾经；功效：凉血除蒸、清肺降火。
external\cls_chinese_medicine/train/digupi/digupi_0134.jpg,地骨皮,性味甘寒；归肺肝肾经；功效：凉血除蒸、清肺降火。
external\cls_chinese_medicine/train/digupi/digupi_0819.jpg,地骨皮,性味甘寒；归肺肝肾经；功效：凉血除蒸、清肺降火。
external\cls_chinese_medicine/train/digupi/digupi_0314.jpg,地骨皮,性味甘寒；归肺肝肾经；功效：凉血除蒸、清肺降火。
external\cls_chinese_medicine/train/digupi/digupi_1140.jpg,地骨皮,性味甘寒；归肺肝肾经；功效：凉血除蒸、清肺降火。
external\cls_chinese_medicine/train/digupi/digupi_0761.jpg,地骨皮,性味甘寒；归肺肝肾经；功效：凉血除蒸、清肺降火。
external\cls_chinese_medicine/train/digupi/digupi_1215.jpg,地骨皮,性味甘寒；归肺肝肾经；功效：凉血除蒸、清肺降火。
external\cls_chinese_medicine/train/digupi/digupi_0865.jpg,地骨皮,性味甘寒；归肺肝肾经；功效：凉血除蒸、清肺降火。
external\cls_chinese_medicine/train/digupi/digupi_1047.jpg,地骨皮,性味甘寒；归肺肝肾经；功效：凉血除蒸、清肺降火。
external\cls_chinese_medicine/train/digupi/digupi_0605.jpg,地骨皮,性味甘寒；归肺肝肾经；功效：凉血除蒸、清肺降火。
external\cls_chinese_medicine/train/digupi/digupi_0248.jpg,地骨皮,性味甘寒；归肺肝肾经；功效：凉血除蒸、清肺降火。
external\cls_chinese_medicine/train/digupi/digupi_1359.jpg,地骨皮,性味甘寒；归肺肝肾经；功效：凉血除蒸、清肺降火。
external\cls_chinese_medicine/train/digupi/digupi_0279.jpg,地骨皮,性味甘寒；归肺肝肾经；功效：凉血除蒸、清肺降火。
external\cls_chinese_medicine/train/digupi/digupi_0328.jpg,地骨皮,性味甘寒；归肺肝肾经；功效：凉血除蒸、清肺降火。
external\cls_chinese_medicine/train/digupi/digupi_0308.jpg,地骨皮,性味甘寒；归肺肝肾经；功效：凉血除蒸、清肺降火。
external\cls_chinese_medicine/train/digupi/digupi_0409.jpg,地骨皮,性味甘寒；归肺肝肾经；功效：凉血除蒸、清肺降火。
external\cls_chinese_medicine/train/digupi/digupi_0497.jpg,地骨皮,性味甘寒；归肺肝肾经；功效：凉血除蒸、清肺降火。
external\cls_chinese_medicine/train/digupi/digupi_1221.jpg,地骨皮,性味甘寒；归肺肝肾经；功效：凉血除蒸、清肺降火。
external\cls_chinese_medicine/train/digupi/digupi_0376.jpg,地骨皮,性味甘寒；归肺肝肾经；功效：凉血除蒸、清肺降火。
external\cls_chinese_medicine/train/digupi/digupi_1149.jpg,地骨皮,性味甘寒；归肺肝肾经；功效：凉血除蒸、清肺降火。
external\cls_chinese_medicine/train/digupi/digupi_0034.jpg,地骨皮,性味甘寒；归肺肝肾经；功效：凉血除蒸、清肺降火。
external\cls_chinese_medicine/train/digupi/digupi_0740.jpg,地骨皮,性味甘寒；归肺肝肾经；功效：凉血除蒸、清肺降火。
external\cls_chinese_medicine/train/digupi/digupi_1467.jpg,地骨皮,性味甘寒；归肺肝肾经；功效：凉血除蒸、清肺降火。
external\cls_chinese_medicine/train/digupi/digupi_0608.jpg,地骨皮,性味甘寒；归肺肝肾经；功效：凉血除蒸、清肺降火。
external\cls_chinese_medicine/train/digupi/digupi_0746.jpg,地骨皮,性味甘寒；归肺肝肾经；功效：凉血除蒸、清肺降火。
external\cls_chinese_medicine/train/digupi/digupi_0950.jpg,地骨皮,性味甘寒；归肺肝肾经；功效：凉血除蒸、清肺降火。
external\cls_chinese_medicine/train/digupi/digupi_1421.jpg,地骨皮,性味甘寒；归肺肝肾经；功效：凉血除蒸、清肺降火。
external\cls_chinese_medicine/train/digupi/digupi_0389.jpg,地骨皮,性味甘寒；归肺肝肾经；功效：凉血除蒸、清肺降火。
external\cls_chinese_medicine/train/digupi/digupi_0283.jpg,地骨皮,性味甘寒；归肺肝肾经；功效：凉血除蒸、清肺降火。
external\cls_chinese_medicine/train/digupi/digupi_0455.jpg,地骨皮,性味甘寒；归肺肝肾经；功效：凉血除蒸、清肺降火。
external\cls_chinese_medicine/train/digupi/digupi_0983.jpg,地骨皮,性味甘寒；归肺肝肾经；功效：凉血除蒸、清肺降火。
external\cls_chinese_medicine/train/digupi/digupi_0239.jpg,地骨皮,性味甘寒；归肺肝肾经；功效：凉血除蒸、清肺降火。
external\cls_chinese_medicine/train/digupi/digupi_1389.jpg,地骨皮,性味甘寒；归肺肝肾经；功效：凉血除蒸、清肺降火。
external\cls_chinese_medicine/train/digupi/digupi_0931.jpg,地骨皮,性味甘寒；归肺肝肾经；功效：凉血除蒸、清肺降火。
external\cls_chinese_medicine/train/digupi/digupi_0169.jpg,地骨皮,性味甘寒；归肺肝肾经；功效：凉血除蒸、清肺降火。
external\cls_chinese_medicine/train/digupi/digupi_1599.jpg,地骨皮,性味甘寒；归肺肝肾经；功效：凉血除蒸、清肺降火。
external\cls_chinese_medicine/train/digupi/digupi_1072.jpg,地骨皮,性味甘寒；归肺肝肾经；功效：凉血除蒸、清肺降火。
external\cls_chinese_medicine/train/digupi/digupi_1080.jpg,地骨皮,性味甘寒；归肺肝肾经；功效：凉血除蒸、清肺降火。
external\cls_chinese_medicine/train/digupi/digupi_1610.jpg,地骨皮,性味甘寒；归肺肝肾经；功效：凉血除蒸、清肺降火。
external\cls_chinese_medicine/train/digupi/digupi_0199.jpg,地骨皮,性味甘寒；归肺肝肾经；功效：凉血除蒸、清肺降火。
external\cls_chinese_medicine/train/digupi/digupi_0547.jpg,地骨皮,性味甘寒；归肺肝肾经；功效：凉血除蒸、清肺降火。
external\cls_chinese_medicine/train/digupi/digupi_0067.jpg,地骨皮,性味甘寒；归肺肝肾经；功效：凉血除蒸、清肺降火。
external\cls_chinese_medicine/train/digupi/digupi_1201.jpg,地骨皮,性味甘寒；归肺肝肾经；功效：凉血除蒸、清肺降火。
external\cls_chinese_medicine/train/digupi/digupi_0955.jpg,地骨皮,性味甘寒；归肺肝肾经；功效：凉血除蒸、清肺降火。
external\cls_chinese_medicine/train/digupi/digupi_1580.jpg,地骨皮,性味甘寒；归肺肝肾经；功效：凉血除蒸、清肺降火。
external\cls_chinese_medicine/train/digupi/digupi_1270.jpg,地骨皮,性味甘寒；归肺肝肾经；功效：凉血除蒸、清肺降火。
external\cls_chinese_medicine/train/digupi/digupi_1609.jpg,地骨皮,性味甘寒；归肺肝肾经；功效：凉血除蒸、清肺降火。
external\cls_chinese_medicine/train/digupi/digupi_1182.jpg,地骨皮,性味甘寒；归肺肝肾经；功效：凉血除蒸、清肺降火。
external\cls_chinese_medicine/train/digupi/digupi_0381.jpg,地骨皮,性味甘寒；归肺肝肾经；功效：凉血除蒸、清肺降火。
external\cls_chinese_medicine/train/digupi/digupi_1506.jpg,地骨皮,性味甘寒；归肺肝肾经；功效：凉血除蒸、清肺降火。
external\cls_chinese_medicine/train/digupi/digupi_0225.jpg,地骨皮,性味甘寒；归肺肝肾经；功效：凉血除蒸、清肺降火。
external\cls_chinese_medicine/train/digupi/digupi_1510.jpg,地骨皮,性味甘寒；归肺肝肾经；功效：凉血除蒸、清肺降火。
external\cls_chinese_medicine/train/digupi/digupi_1313.jpg,地骨皮,性味甘寒；归肺肝肾经；功效：凉血除蒸、清肺降火。
external\cls_chinese_medicine/train/digupi/digupi_0878.jpg,地骨皮,性味甘寒；归肺肝肾经；功效：凉血除蒸、清肺降火。
external\cls_chinese_medicine/train/digupi/digupi_0997.jpg,地骨皮,性味甘寒；归肺肝肾经；功效：凉血除蒸、清肺降火。
external\cls_chinese_medicine/train/digupi/digupi_1091.jpg,地骨皮,性味甘寒；归肺肝肾经；功效：凉血除蒸、清肺降火。
external\cls_chinese_medicine/train/digupi/digupi_1339.jpg,地骨皮,性味甘寒；归肺肝肾经；功效：凉血除蒸、清肺降火。
external\cls_chinese_medicine/train/digupi/digupi_1459.jpg,地骨皮,性味甘寒；归肺肝肾经；功效：凉血除蒸、清肺降火。
external\cls_chinese_medicine/train/digupi/digupi_0685.jpg,地骨皮,性味甘寒；归肺肝肾经；功效：凉血除蒸、清肺降火。
external\cls_chinese_medicine/train/digupi/digupi_0695.jpg,地骨皮,性味甘寒；归肺肝肾经；功效：凉血除蒸、清肺降火。
external\cls_chinese_medicine/train/digupi/digupi_1167.jpg,地骨皮,性味甘寒；归肺肝肾经；功效：凉血除蒸、清肺降火。
external\cls_chinese_medicine/train/digupi/digupi_1131.jpg,地骨皮,性味甘寒；归肺肝肾经；功效：凉血除蒸、清肺降火。
external\cls_chinese_medicine/train/digupi/digupi_0358.jpg,地骨皮,性味甘寒；归肺肝肾经；功效：凉血除蒸、清肺降火。
external\cls_chinese_medicine/train/digupi/digupi_1258.jpg,地骨皮,性味甘寒；归肺肝肾经；功效：凉血除蒸、清肺降火。
external\cls_chinese_medicine/train/digupi/digupi_1559.jpg,地骨皮,性味甘寒；归肺肝肾经；功效：凉血除蒸、清肺降火。
external\cls_chinese_medicine/train/digupi/digupi_0729.jpg,地骨皮,性味甘寒；归肺肝肾经；功效：凉血除蒸、清肺降火。
external\cls_chinese_medicine/train/digupi/digupi_1299.jpg,地骨皮,性味甘寒；归肺肝肾经；功效：凉血除蒸、清肺降火。
external\cls_chinese_medicine/train/digupi/digupi_1144.jpg,地骨皮,性味甘寒；归肺肝肾经；功效：凉血除蒸、清肺降火。
external\cls_chinese_medicine/train/digupi/digupi_1327.jpg,地骨皮,性味甘寒；归肺肝肾经；功效：凉血除蒸、清肺降火。
external\cls_chinese_medicine/train/digupi/digupi_0441.jpg,地骨皮,性味甘寒；归肺肝肾经；功效：凉血除蒸、清肺降火。
external\cls_chinese_medicine/train/digupi/digupi_1207.jpg,地骨皮,性味甘寒；归肺肝肾经；功效：凉血除蒸、清肺降火。
external\cls_chinese_medicine/train/digupi/digupi_1074.jpg,地骨皮,性味甘寒；归肺肝肾经；功效：凉血除蒸、清肺降火。
external\cls_chinese_medicine/train/digupi/digupi_0287.jpg,地骨皮,性味甘寒；归肺肝肾经；功效：凉血除蒸、清肺降火。
external\cls_chinese_medicine/train/digupi/digupi_1302.jpg,地骨皮,性味甘寒；归肺肝肾经；功效：凉血除蒸、清肺降火。
external\cls_chinese_medicine/train/mohanlian/mohanliang_1569.jpg,墨旱莲,性味甘酸寒；归肝肾经；功效：滋补肝肾、凉血止血。
external\cls_chinese_medicine/train/mohanlian/mohanliang_0578.jpg,墨旱莲,性味甘酸寒；归肝肾经；功效：滋补肝肾、凉血止血。
external\cls_chinese_medicine/train/mohanlian/mohanliang_1334.jpg,墨旱莲,性味甘酸寒；归肝肾经；功效：滋补肝肾、凉血止血。
external\cls_chinese_medicine/train/mohanlian/mohanliang_0560.jpg,墨旱莲,性味甘酸寒；归肝肾经；功效：滋补肝肾、凉血止血。
external\cls_chinese_medicine/train/mohanlian/mohanliang_1152.jpg,墨旱莲,性味甘酸寒；归肝肾经；功效：滋补肝肾、凉血止血。
external\cls_chinese_medicine/train/mohanlian/mohanliang_0850.jpg,墨旱莲,性味甘酸寒；归肝肾经；功效：滋补肝肾、凉血止血。
external\cls_chinese_medicine/train/mohanlian/mohanliang_1589.jpg,墨旱莲,性味甘酸寒；归肝肾经；功效：滋补肝肾、凉血止血。
external\cls_chinese_medicine/train/mohanlian/mohanliang_1579.jpg,墨旱莲,性味甘酸寒；归肝肾经；功效：滋补肝肾、凉血止血。
external\cls_chinese_medicine/train/mohanlian/mohanliang_1266.jpg,墨旱莲,性味甘酸寒；归肝肾经；功效：滋补肝肾、凉血止血。
external\cls_chinese_medicine/train/mohanlian/mohanliang_1237.jpg,墨旱莲,性味甘酸寒；归肝肾经；功效：滋补肝肾、凉血止血。
external\cls_chinese_medicine/train/mohanlian/mohanliang_0452.jpg,墨旱莲,性味甘酸寒；归肝肾经；功效：滋补肝肾、凉血止血。
external\cls_chinese_medicine/train/mohanlian/mohanliang_1477.jpg,墨旱莲,性味甘酸寒；归肝肾经；功效：滋补肝肾、凉血止血。
external\cls_chinese_medicine/train/mohanlian/mohanliang_1359.jpg,墨旱莲,性味甘酸寒；归肝肾经；功效：滋补肝肾、凉血止血。
external\cls_chinese_medicine/train/mohanlian/mohanliang_0331.jpg,墨旱莲,性味甘酸寒；归肝肾经；功效：滋补肝肾、凉血止血。
external\cls_chinese_medicine/train/mohanlian/mohanliang_0033.jpg,墨旱莲,性味甘酸寒；归肝肾经；功效：滋补肝肾、凉血止血。
external\cls_chinese_medicine/train/mohanlian/mohanliang_1019.jpg,墨旱莲,性味甘酸寒；归肝肾经；功效：滋补肝肾、凉血止血。
external\cls_chinese_medicine/train/mohanlian/mohanliang_0321.jpg,墨旱莲,性味甘酸寒；归肝肾经；功效：滋补肝肾、凉血止血。
external\cls_chinese_medicine/train/mohanlian/mohanliang_0985.jpg,墨旱莲,性味甘酸寒；归肝肾经；功效：滋补肝肾、凉血止血。
external\cls_chinese_medicine/train/mohanlian/mohanliang_0615.jpg,墨旱莲,性味甘酸寒；归肝肾经；功效：滋补肝肾、凉血止血。
external\cls_chinese_medicine/train/mohanlian/mohanliang_0355.jpg,墨旱莲,性味甘酸寒；归肝肾经；功效：滋补肝肾、凉血止血。
external\cls_chinese_medicine/train/mohanlian/mohanliang_0507.jpg,墨旱莲,性味甘酸寒；归肝肾经；功效：滋补肝肾、凉血止血。
external\cls_chinese_medicine/train/mohanlian/mohanliang_0717.jpg,墨旱莲,性味甘酸寒；归肝肾经；功效：滋补肝肾、凉血止血。
external\cls_chinese_medicine/train/mohanlian/mohanliang_0645.jpg,墨旱莲,性味甘酸寒；归肝肾经；功效：滋补肝肾、凉血止血。
external\cls_chinese_medicine/train/mohanlian/mohanliang_0388.jpg,墨旱莲,性味甘酸寒；归肝肾经；功效：滋补肝肾、凉血止血。
external\cls_chinese_medicine/train/mohanlian/mohanliang_0495.jpg,墨旱莲,性味甘酸寒；归肝肾经；功效：滋补肝肾、凉血止血。
external\cls_chinese_medicine/train/mohanlian/mohanliang_0290.jpg,墨旱莲,性味甘酸寒；归肝肾经；功效：滋补肝肾、凉血止血。
external\cls_chinese_medicine/train/mohanlian/mohanliang_1104.jpg,墨旱莲,性味甘酸寒；归肝肾经；功效：滋补肝肾、凉血止血。
external\cls_chinese_medicine/train/mohanlian/mohanliang_0981.jpg,墨旱莲,性味甘酸寒；归肝肾经；功效：滋补肝肾、凉血止血。
external\cls_chinese_medicine/train/mohanlian/mohanliang_0742.jpg,墨旱莲,性味甘酸寒；归肝肾经；功效：滋补肝肾、凉血止血。
external\cls_chinese_medicine/train/mohanlian/mohanliang_0514.jpg,墨旱莲,性味甘酸寒；归肝肾经；功效：滋补肝肾、凉血止血。
external\cls_chinese_medicine/train/mohanlian/mohanliang_1235.jpg,墨旱莲,性味甘酸寒；归肝肾经；功效：滋补肝肾、凉血止血。
external\cls_chinese_medicine/train/mohanlian/mohanliang_1458.jpg,墨旱莲,性味甘酸寒；归肝肾经；功效：滋补肝肾、凉血止血。
external\cls_chinese_medicine/train/mohanlian/mohanliang_0882.jpg,墨旱莲,性味甘酸寒；归肝肾经；功效：滋补肝肾、凉血止血。
external\cls_chinese_medicine/train/mohanlian/mohanliang_1431.jpg,墨旱莲,性味甘酸寒；归肝肾经；功效：滋补肝肾、凉血止血。
external\cls_chinese_medicine/train/mohanlian/mohanliang_0105.jpg,墨旱莲,性味甘酸寒；归肝肾经；功效：滋补肝肾、凉血止血。
external\cls_chinese_medicine/train/mohanlian/mohanliang_0891.jpg,墨旱莲,性味甘酸寒；归肝肾经；功效：滋补肝肾、凉血止血。
external\cls_chinese_medicine/train/mohanlian/mohanliang_1597.jpg,墨旱莲,性味甘酸寒；归肝肾经；功效：滋补肝肾、凉血止血。
external\cls_chinese_medicine/train/mohanlian/mohanliang_0489.jpg,墨旱莲,性味甘酸寒；归肝肾经；功效：滋补肝肾、凉血止血。
external\cls_chinese_medicine/train/mohanlian/mohanliang_0400.jpg,墨旱莲,性味甘酸寒；归肝肾经；功效：滋补肝肾、凉血止血。
external\cls_chinese_medicine/train/mohanlian/mohanliang_0536.jpg,墨旱莲,性味甘酸寒；归肝肾经；功效：滋补肝肾、凉血止血。
external\cls_chinese_medicine/train/mohanlian/mohanliang_0511.jpg,墨旱莲,性味甘酸寒；归肝肾经；功效：滋补肝肾、凉血止血。
external\cls_chinese_medicine/train/mohanlian/mohanliang_0178.jpg,墨旱莲,性味甘酸寒；归肝肾经；功效：滋补肝肾、凉血止血。
external\cls_chinese_medicine/train/mohanlian/mohanliang_0062.jpg,墨旱莲,性味甘酸寒；归肝肾经；功效：滋补肝肾、凉血止血。
external\cls_chinese_medicine/train/mohanlian/mohanliang_0026.jpg,墨旱莲,性味甘酸寒；归肝肾经；功效：滋补肝肾、凉血止血。
external\cls_chinese_medicine/train/mohanlian/mohanliang_1598.jpg,墨旱莲,性味甘酸寒；归肝肾经；功效：滋补肝肾、凉血止血。
external\cls_chinese_medicine/train/mohanlian/mohanliang_0360.jpg,墨旱莲,性味甘酸寒；归肝肾经；功效：滋补肝肾、凉血止血。
external\cls_chinese_medicine/train/mohanlian/mohanliang_0052.jpg,墨旱莲,性味甘酸寒；归肝肾经；功效：滋补肝肾、凉血止血。
external\cls_chinese_medicine/train/mohanlian/mohanliang_1352.jpg,墨旱莲,性味甘酸寒；归肝肾经；功效：滋补肝肾、凉血止血。
external\cls_chinese_medicine/train/mohanlian/mohanliang_1076.jpg,墨旱莲,性味甘酸寒；归肝肾经；功效：滋补肝肾、凉血止血。
external\cls_chinese_medicine/train/mohanlian/mohanliang_0797.jpg,墨旱莲,性味甘酸寒；归肝肾经；功效：滋补肝肾、凉血止血。
external\cls_chinese_medicine/train/mohanlian/mohanliang_0546.jpg,墨旱莲,性味甘酸寒；归肝肾经；功效：滋补肝肾、凉血止血。
external\cls_chinese_medicine/train/mohanlian/mohanliang_0231.jpg,墨旱莲,性味甘酸寒；归肝肾经；功效：滋补肝肾、凉血止血。
external\cls_chinese_medicine/train/mohanlian/mohanliang_1125.jpg,墨旱莲,性味甘酸寒；归肝肾经；功效：滋补肝肾、凉血止血。
external\cls_chinese_medicine/train/mohanlian/mohanliang_1222.jpg,墨旱莲,性味甘酸寒；归肝肾经；功效：滋补肝肾、凉血止血。
external\cls_chinese_medicine/train/mohanlian/mohanliang_0068.jpg,墨旱莲,性味甘酸寒；归肝肾经；功效：滋补肝肾、凉血止血。
external\cls_chinese_medicine/train/mohanlian/mohanliang_0454.jpg,墨旱莲,性味甘酸寒；归肝肾经；功效：滋补肝肾、凉血止血。
external\cls_chinese_medicine/train/mohanlian/mohanliang_0506.jpg,墨旱莲,性味甘酸寒；归肝肾经；功效：滋补肝肾、凉血止血。
external\cls_chinese_medicine/train/mohanlian/mohanliang_0675.jpg,墨旱莲,性味甘酸寒；归肝肾经；功效：滋补肝肾、凉血止血。
external\cls_chinese_medicine/train/mohanlian/mohanliang_1045.jpg,墨旱莲,性味甘酸寒；归肝肾经；功效：滋补肝肾、凉血止血。
external\cls_chinese_medicine/train/mohanlian/mohanliang_1084.jpg,墨旱莲,性味甘酸寒；归肝肾经；功效：滋补肝肾、凉血止血。
external\cls_chinese_medicine/train/mohanlian/mohanliang_0986.jpg,墨旱莲,性味甘酸寒；归肝肾经；功效：滋补肝肾、凉血止血。
external\cls_chinese_medicine/train/mohanlian/mohanliang_0855.jpg,墨旱莲,性味甘酸寒；归肝肾经；功效：滋补肝肾、凉血止血。
external\cls_chinese_medicine/train/mohanlian/mohanliang_0722.jpg,墨旱莲,性味甘酸寒；归肝肾经；功效：滋补肝肾、凉血止血。
external\cls_chinese_medicine/train/mohanlian/mohanliang_0252.jpg,墨旱莲,性味甘酸寒；归肝肾经；功效：滋补肝肾、凉血止血。
external\cls_chinese_medicine/train/mohanlian/mohanliang_0132.jpg,墨旱莲,性味甘酸寒；归肝肾经；功效：滋补肝肾、凉血止血。
external\cls_chinese_medicine/train/mohanlian/mohanliang_0682.jpg,墨旱莲,性味甘酸寒；归肝肾经；功效：滋补肝肾、凉血止血。
external\cls_chinese_medicine/train/mohanlian/mohanliang_0079.jpg,墨旱莲,性味甘酸寒；归肝肾经；功效：滋补肝肾、凉血止血。
external\cls_chinese_medicine/train/mohanlian/mohanliang_0889.jpg,墨旱莲,性味甘酸寒；归肝肾经；功效：滋补肝肾、凉血止血。
external\cls_chinese_medicine/train/mohanlian/mohanliang_1340.jpg,墨旱莲,性味甘酸寒；归肝肾经；功效：滋补肝肾、凉血止血。
external\cls_chinese_medicine/train/mohanlian/mohanliang_0824.jpg,墨旱莲,性味甘酸寒；归肝肾经；功效：滋补肝肾、凉血止血。
external\cls_chinese_medicine/train/mohanlian/mohanliang_0054.jpg,墨旱莲,性味甘酸寒；归肝肾经；功效：滋补肝肾、凉血止血。
external\cls_chinese_medicine/train/mohanlian/mohanliang_0073.jpg,墨旱莲,性味甘酸寒；归肝肾经；功效：滋补肝肾、凉血止血。
external\cls_chinese_medicine/train/mohanlian/mohanliang_0458.jpg,墨旱莲,性味甘酸寒；归肝肾经；功效：滋补肝肾、凉血止血。
external\cls_chinese_medicine/train/mohanlian/mohanliang_1351.jpg,墨旱莲,性味甘酸寒；归肝肾经；功效：滋补肝肾、凉血止血。
external\cls_chinese_medicine/train/mohanlian/mohanliang_0253.jpg,墨旱莲,性味甘酸寒；归肝肾经；功效：滋补肝肾、凉血止血。
external\cls_chinese_medicine/train/mohanlian/mohanliang_0133.jpg,墨旱莲,性味甘酸寒；归肝肾经；功效：滋补肝肾、凉血止血。
external\cls_chinese_medicine/train/mohanlian/mohanliang_1159.jpg,墨旱莲,性味甘酸寒；归肝肾经；功效：滋补肝肾、凉血止血。
external\cls_chinese_medicine/train/mohanlian/mohanliang_0391.jpg,墨旱莲,性味甘酸寒；归肝肾经；功效：滋补肝肾、凉血止血。
external\cls_chinese_medicine/train/mohanlian/mohanliang_1468.jpg,墨旱莲,性味甘酸寒；归肝肾经；功效：滋补肝肾、凉血止血。
external\cls_chinese_medicine/train/mohanlian/mohanliang_1030.jpg,墨旱莲,性味甘酸寒；归肝肾经；功效：滋补肝肾、凉血止血。
external\cls_chinese_medicine/train/mohanlian/mohanliang_1025.jpg,墨旱莲,性味甘酸寒；归肝肾经；功效：滋补肝肾、凉血止血。
external\cls_chinese_medicine/train/mohanlian/mohanliang_0348.jpg,墨旱莲,性味甘酸寒；归肝肾经；功效：滋补肝肾、凉血止血。
external\cls_chinese_medicine/train/mohanlian/mohanliang_1207.jpg,墨旱莲,性味甘酸寒；归肝肾经；功效：滋补肝肾、凉血止血。
external\cls_chinese_medicine/train/mohanlian/mohanliang_0273.jpg,墨旱莲,性味甘酸寒；归肝肾经；功效：滋补肝肾、凉血止血。
external\cls_chinese_medicine/train/mohanlian/mohanliang_0185.jpg,墨旱莲,性味甘酸寒；归肝肾经；功效：滋补肝肾、凉血止血。
external\cls_chinese_medicine/train/mohanlian/mohanliang_1557.jpg,墨旱莲,性味甘酸寒；归肝肾经；功效：滋补肝肾、凉血止血。
external\cls_chinese_medicine/train/mohanlian/mohanliang_0757.jpg,墨旱莲,性味甘酸寒；归肝肾经；功效：滋补肝肾、凉血止血。
external\cls_chinese_medicine/train/mohanlian/mohanliang_0639.jpg,墨旱莲,性味甘酸寒；归肝肾经；功效：滋补肝肾、凉血止血。
external\cls_chinese_medicine/train/mohanlian/mohanliang_0945.jpg,墨旱莲,性味甘酸寒；归肝肾经；功效：滋补肝肾、凉血止血。
external\cls_chinese_medicine/train/mohanlian/mohanliang_1147.jpg,墨旱莲,性味甘酸寒；归肝肾经；功效：滋补肝肾、凉血止血。
external\cls_chinese_medicine/train/mohanlian/mohanliang_1492.jpg,墨旱莲,性味甘酸寒；归肝肾经；功效：滋补肝肾、凉血止血。
external\cls_chinese_medicine/train/mohanlian/mohanliang_1071.jpg,墨旱莲,性味甘酸寒；归肝肾经；功效：滋补肝肾、凉血止血。
external\cls_chinese_medicine/train/mohanlian/mohanliang_1443.jpg,墨旱莲,性味甘酸寒；归肝肾经；功效：滋补肝肾、凉血止血。
external\cls_chinese_medicine/train/mohanlian/mohanliang_1374.jpg,墨旱莲,性味甘酸寒；归肝肾经；功效：滋补肝肾、凉血止血。
external\cls_chinese_medicine/train/mohanlian/mohanliang_1405.jpg,墨旱莲,性味甘酸寒；归肝肾经；功效：滋补肝肾、凉血止血。
external\cls_chinese_medicine/train/mohanlian/mohanliang_0513.jpg,墨旱莲,性味甘酸寒；归肝肾经；功效：滋补肝肾、凉血止血。
external\cls_chinese_medicine/train/mohanlian/mohanliang_0368.jpg,墨旱莲,性味甘酸寒；归肝肾经；功效：滋补肝肾、凉血止血。
external\cls_chinese_medicine/train/mohanlian/mohanliang_0070.jpg,墨旱莲,性味甘酸寒；归肝肾经；功效：滋补肝肾、凉血止血。
external\cls_chinese_medicine/train/mohanlian/mohanliang_0888.jpg,墨旱莲,性味甘酸寒；归肝肾经；功效：滋补肝肾、凉血止血。
external\cls_chinese_medicine/train/mohanlian/mohanliang_0955.jpg,墨旱莲,性味甘酸寒；归肝肾经；功效：滋补肝肾、凉血止血。
external\cls_chinese_medicine/train/mohanlian/mohanliang_0284.jpg,墨旱莲,性味甘酸寒；归肝肾经；功效：滋补肝肾、凉血止血。
external\cls_chinese_medicine/train/mohanlian/mohanliang_1576.jpg,墨旱莲,性味甘酸寒；归肝肾经；功效：滋补肝肾、凉血止血。
external\cls_chinese_medicine/train/mohanlian/mohanliang_0567.jpg,墨旱莲,性味甘酸寒；归肝肾经；功效：滋补肝肾、凉血止血。
external\cls_chinese_medicine/train/mohanlian/mohanliang_1512.jpg,墨旱莲,性味甘酸寒；归肝肾经；功效：滋补肝肾、凉血止血。
external\cls_chinese_medicine/train/mohanlian/mohanliang_1586.jpg,墨旱莲,性味甘酸寒；归肝肾经；功效：滋补肝肾、凉血止血。
external\cls_chinese_medicine/train/mohanlian/mohanliang_0958.jpg,墨旱莲,性味甘酸寒；归肝肾经；功效：滋补肝肾、凉血止血。
external\cls_chinese_medicine/train/mohanlian/mohanliang_1612.jpg,墨旱莲,性味甘酸寒；归肝肾经；功效：滋补肝肾、凉血止血。
external\cls_chinese_medicine/train/mohanlian/mohanliang_0853.jpg,墨旱莲,性味甘酸寒；归肝肾经；功效：滋补肝肾、凉血止血。
external\cls_chinese_medicine/train/mohanlian/mohanliang_1016.jpg,墨旱莲,性味甘酸寒；归肝肾经；功效：滋补肝肾、凉血止血。
external\cls_chinese_medicine/train/mohanlian/mohanliang_0032.jpg,墨旱莲,性味甘酸寒；归肝肾经；功效：滋补肝肾、凉血止血。
external\cls_chinese_medicine/train/mohanlian/mohanliang_0622.jpg,墨旱莲,性味甘酸寒；归肝肾经；功效：滋补肝肾、凉血止血。
external\cls_chinese_medicine/train/mohanlian/mohanliang_0572.jpg,墨旱莲,性味甘酸寒；归肝肾经；功效：滋补肝肾、凉血止血。
external\cls_chinese_medicine/train/mohanlian/mohanliang_1109.jpg,墨旱莲,性味甘酸寒；归肝肾经；功效：滋补肝肾、凉血止血。
external\cls_chinese_medicine/train/mohanlian/mohanliang_1275.jpg,墨旱莲,性味甘酸寒；归肝肾经；功效：滋补肝肾、凉血止血。
external\cls_chinese_medicine/train/mohanlian/mohanliang_0145.jpg,墨旱莲,性味甘酸寒；归肝肾经；功效：滋补肝肾、凉血止血。
external\cls_chinese_medicine/train/mohanlian/mohanliang_0719.jpg,墨旱莲,性味甘酸寒；归肝肾经；功效：滋补肝肾、凉血止血。
external\cls_chinese_medicine/train/mohanlian/mohanliang_0449.jpg,墨旱莲,性味甘酸寒；归肝肾经；功效：滋补肝肾、凉血止血。
external\cls_chinese_medicine/train/mohanlian/mohanliang_0558.jpg,墨旱莲,性味甘酸寒；归肝肾经；功效：滋补肝肾、凉血止血。
external\cls_chinese_medicine/train/mohanlian/mohanliang_1150.jpg,墨旱莲,性味甘酸寒；归肝肾经；功效：滋补肝肾、凉血止血。
external\cls_chinese_medicine/train/mohanlian/mohanliang_1509.jpg,墨旱莲,性味甘酸寒；归肝肾经；功效：滋补肝肾、凉血止血。
external\cls_chinese_medicine/train/mohanlian/mohanliang_0384.jpg,墨旱莲,性味甘酸寒；归肝肾经；功效：滋补肝肾、凉血止血。
external\cls_chinese_medicine/train/mohanlian/mohanliang_0194.jpg,墨旱莲,性味甘酸寒；归肝肾经；功效：滋补肝肾、凉血止血。
external\cls_chinese_medicine/train/mohanlian/mohanliang_0257.jpg,墨旱莲,性味甘酸寒；归肝肾经；功效：滋补肝肾、凉血止血。
external\cls_chinese_medicine/train/mohanlian/mohanliang_1428.jpg,墨旱莲,性味甘酸寒；归肝肾经；功效：滋补肝肾、凉血止血。
external\cls_chinese_medicine/train/mohanlian/mohanliang_0397.jpg,墨旱莲,性味甘酸寒；归肝肾经；功效：滋补肝肾、凉血止血。
external\cls_chinese_medicine/train/mohanlian/mohanliang_1426.jpg,墨旱莲,性味甘酸寒；归肝肾经；功效：滋补肝肾、凉血止血。
external\cls_chinese_medicine/train/mohanlian/mohanliang_1402.jpg,墨旱莲,性味甘酸寒；归肝肾经；功效：滋补肝肾、凉血止血。
external\cls_chinese_medicine/train/mohanlian/mohanliang_0884.jpg,墨旱莲,性味甘酸寒；归肝肾经；功效：滋补肝肾、凉血止血。
external\cls_chinese_medicine/train/mohanlian/mohanliang_1167.jpg,墨旱莲,性味甘酸寒；归肝肾经；功效：滋补肝肾、凉血止血。
external\cls_chinese_medicine/train/mohanlian/mohanliang_0398.jpg,墨旱莲,性味甘酸寒；归肝肾经；功效：滋补肝肾、凉血止血。
external\cls_chinese_medicine/train/mohanlian/mohanliang_0626.jpg,墨旱莲,性味甘酸寒；归肝肾经；功效：滋补肝肾、凉血止血。
external\cls_chinese_medicine/train/mohanlian/mohanliang_0714.jpg,墨旱莲,性味甘酸寒；归肝肾经；功效：滋补肝肾、凉血止血。
external\cls_chinese_medicine/train/mohanlian/mohanliang_1164.jpg,墨旱莲,性味甘酸寒；归肝肾经；功效：滋补肝肾、凉血止血。
external\cls_chinese_medicine/train/mohanlian/mohanliang_0710.jpg,墨旱莲,性味甘酸寒；归肝肾经；功效：滋补肝肾、凉血止血。
external\cls_chinese_medicine/train/mohanlian/mohanliang_0151.jpg,墨旱莲,性味甘酸寒；归肝肾经；功效：滋补肝肾、凉血止血。
external\cls_chinese_medicine/train/mohanlian/mohanliang_1434.jpg,墨旱莲,性味甘酸寒；归肝肾经；功效：滋补肝肾、凉血止血。
external\cls_chinese_medicine/train/mohanlian/mohanliang_1115.jpg,墨旱莲,性味甘酸寒；归肝肾经；功效：滋补肝肾、凉血止血。
external\cls_chinese_medicine/train/mohanlian/mohanliang_1309.jpg,墨旱莲,性味甘酸寒；归肝肾经；功效：滋补肝肾、凉血止血。
external\cls_chinese_medicine/train/mohanlian/mohanliang_1033.jpg,墨旱莲,性味甘酸寒；归肝肾经；功效：滋补肝肾、凉血止血。
external\cls_chinese_medicine/train/mohanlian/mohanliang_1307.jpg,墨旱莲,性味甘酸寒；归肝肾经；功效：滋补肝肾、凉血止血。
external\cls_chinese_medicine/train/mohanlian/mohanliang_1547.jpg,墨旱莲,性味甘酸寒；归肝肾经；功效：滋补肝肾、凉血止血。
external\cls_chinese_medicine/train/mohanlian/mohanliang_0339.jpg,墨旱莲,性味甘酸寒；归肝肾经；功效：滋补肝肾、凉血止血。
external\cls_chinese_medicine/train/mohanlian/mohanliang_1110.jpg,墨旱莲,性味甘酸寒；归肝肾经；功效：滋补肝肾、凉血止血。
external\cls_chinese_medicine/train/mohanlian/mohanliang_0213.jpg,墨旱莲,性味甘酸寒；归肝肾经；功效：滋补肝肾、凉血止血。
external\cls_chinese_medicine/train/mohanlian/mohanliang_0208.jpg,墨旱莲,性味甘酸寒；归肝肾经；功效：滋补肝肾、凉血止血。
external\cls_chinese_medicine/train/mohanlian/mohanliang_0047.jpg,墨旱莲,性味甘酸寒；归肝肾经；功效：滋补肝肾、凉血止血。
external\cls_chinese_medicine/train/mohanlian/mohanliang_0975.jpg,墨旱莲,性味甘酸寒；归肝肾经；功效：滋补肝肾、凉血止血。
external\cls_chinese_medicine/train/mohanlian/mohanliang_0367.jpg,墨旱莲,性味甘酸寒；归肝肾经；功效：滋补肝肾、凉血止血。
external\cls_chinese_medicine/train/mohanlian/mohanliang_0995.jpg,墨旱莲,性味甘酸寒；归肝肾经；功效：滋补肝肾、凉血止血。
external\cls_chinese_medicine/train/mohanlian/mohanliang_1264.jpg,墨旱莲,性味甘酸寒；归肝肾经；功效：滋补肝肾、凉血止血。
external\cls_chinese_medicine/train/mohanlian/mohanliang_1324.jpg,墨旱莲,性味甘酸寒；归肝肾经；功效：滋补肝肾、凉血止血。
external\cls_chinese_medicine/train/mohanlian/mohanliang_0123.jpg,墨旱莲,性味甘酸寒；归肝肾经；功效：滋补肝肾、凉血止血。
external\cls_chinese_medicine/train/mohanlian/mohanliang_0608.jpg,墨旱莲,性味甘酸寒；归肝肾经；功效：滋补肝肾、凉血止血。
external\cls_chinese_medicine/train/mohanlian/mohanliang_1058.jpg,墨旱莲,性味甘酸寒；归肝肾经；功效：滋补肝肾、凉血止血。
external\cls_chinese_medicine/train/mohanlian/mohanliang_0851.jpg,墨旱莲,性味甘酸寒；归肝肾经；功效：滋补肝肾、凉血止血。
external\cls_chinese_medicine/train/mohanlian/mohanliang_0370.jpg,墨旱莲,性味甘酸寒；归肝肾经；功效：滋补肝肾、凉血止血。
external\cls_chinese_medicine/train/mohanlian/mohanliang_1131.jpg,墨旱莲,性味甘酸寒；归肝肾经；功效：滋补肝肾、凉血止血。
external\cls_chinese_medicine/train/mohanlian/mohanliang_1610.jpg,墨旱莲,性味甘酸寒；归肝肾经；功效：滋补肝肾、凉血止血。
external\cls_chinese_medicine/train/mohanlian/mohanliang_0659.jpg,墨旱莲,性味甘酸寒；归肝肾经；功效：滋补肝肾、凉血止血。
external\cls_chinese_medicine/train/mohanlian/mohanliang_0081.jpg,墨旱莲,性味甘酸寒；归肝肾经；功效：滋补肝肾、凉血止血。
external\cls_chinese_medicine/train/mohanlian/mohanliang_0324.jpg,墨旱莲,性味甘酸寒；归肝肾经；功效：滋补肝肾、凉血止血。
external\cls_chinese_medicine/train/mohanlian/mohanliang_1494.jpg,墨旱莲,性味甘酸寒；归肝肾经；功效：滋补肝肾、凉血止血。
external\cls_chinese_medicine/train/mohanlian/mohanliang_0712.jpg,墨旱莲,性味甘酸寒；归肝肾经；功效：滋补肝肾、凉血止血。
external\cls_chinese_medicine/train/mohanlian/mohanliang_0913.jpg,墨旱莲,性味甘酸寒；归肝肾经；功效：滋补肝肾、凉血止血。
external\cls_chinese_medicine/train/mohanlian/mohanliang_1318.jpg,墨旱莲,性味甘酸寒；归肝肾经；功效：滋补肝肾、凉血止血。
external\cls_chinese_medicine/train/mohanlian/mohanliang_0586.jpg,墨旱莲,性味甘酸寒；归肝肾经；功效：滋补肝肾、凉血止血。
external\cls_chinese_medicine/train/mohanlian/mohanliang_0018.jpg,墨旱莲,性味甘酸寒；归肝肾经；功效：滋补肝肾、凉血止血。
external\cls_chinese_medicine/train/mohanlian/mohanliang_1503.jpg,墨旱莲,性味甘酸寒；归肝肾经；功效：滋补肝肾、凉血止血。
external\cls_chinese_medicine/train/mohanlian/mohanliang_0839.jpg,墨旱莲,性味甘酸寒；归肝肾经；功效：滋补肝肾、凉血止血。
external\cls_chinese_medicine/train/mohanlian/mohanliang_1223.jpg,墨旱莲,性味甘酸寒；归肝肾经；功效：滋补肝肾、凉血止血。
external\cls_chinese_medicine/train/mohanlian/mohanliang_1294.jpg,墨旱莲,性味甘酸寒；归肝肾经；功效：滋补肝肾、凉血止血。
external\cls_chinese_medicine/train/mohanlian/mohanliang_1267.jpg,墨旱莲,性味甘酸寒；归肝肾经；功效：滋补肝肾、凉血止血。
external\cls_chinese_medicine/train/mohanlian/mohanliang_0527.jpg,墨旱莲,性味甘酸寒；归肝肾经；功效：滋补肝肾、凉血止血。
external\cls_chinese_medicine/train/mohanlian/mohanliang_1392.jpg,墨旱莲,性味甘酸寒；归肝肾经；功效：滋补肝肾、凉血止血。
external\cls_chinese_medicine/train/mohanlian/mohanliang_0587.jpg,墨旱莲,性味甘酸寒；归肝肾经；功效：滋补肝肾、凉血止血。
external\cls_chinese_medicine/train/mohanlian/mohanliang_0195.jpg,墨旱莲,性味甘酸寒；归肝肾经；功效：滋补肝肾、凉血止血。
external\cls_chinese_medicine/train/mohanlian/mohanliang_1192.jpg,墨旱莲,性味甘酸寒；归肝肾经；功效：滋补肝肾、凉血止血。
external\cls_chinese_medicine/train/mohanlian/mohanliang_1327.jpg,墨旱莲,性味甘酸寒；归肝肾经；功效：滋补肝肾、凉血止血。
external\cls_chinese_medicine/train/mohanlian/mohanliang_1445.jpg,墨旱莲,性味甘酸寒；归肝肾经；功效：滋补肝肾、凉血止血。
external\cls_chinese_medicine/train/mohanlian/mohanliang_0817.jpg,墨旱莲,性味甘酸寒；归肝肾经；功效：滋补肝肾、凉血止血。
external\cls_chinese_medicine/train/mohanlian/mohanliang_1092.jpg,墨旱莲,性味甘酸寒；归肝肾经；功效：滋补肝肾、凉血止血。
external\cls_chinese_medicine/train/mohanlian/mohanliang_0947.jpg,墨旱莲,性味甘酸寒；归肝肾经；功效：滋补肝肾、凉血止血。
external\cls_chinese_medicine/train/mohanlian/mohanliang_1124.jpg,墨旱莲,性味甘酸寒；归肝肾经；功效：滋补肝肾、凉血止血。
external\cls_chinese_medicine/train/mohanlian/mohanliang_1491.jpg,墨旱莲,性味甘酸寒；归肝肾经；功效：滋补肝肾、凉血止血。
external\cls_chinese_medicine/train/mohanlian/mohanliang_1105.jpg,墨旱莲,性味甘酸寒；归肝肾经；功效：滋补肝肾、凉血止血。
external\cls_chinese_medicine/train/mohanlian/mohanliang_0620.jpg,墨旱莲,性味甘酸寒；归肝肾经；功效：滋补肝肾、凉血止血。
external\cls_chinese_medicine/train/mohanlian/mohanliang_0788.jpg,墨旱莲,性味甘酸寒；归肝肾经；功效：滋补肝肾、凉血止血。
external\cls_chinese_medicine/train/mohanlian/mohanliang_0704.jpg,墨旱莲,性味甘酸寒；归肝肾经；功效：滋补肝肾、凉血止血。
external\cls_chinese_medicine/train/mohanlian/mohanliang_0059.jpg,墨旱莲,性味甘酸寒；归肝肾经；功效：滋补肝肾、凉血止血。
external\cls_chinese_medicine/train/mohanlian/mohanliang_1065.jpg,墨旱莲,性味甘酸寒；归肝肾经；功效：滋补肝肾、凉血止血。
external\cls_chinese_medicine/train/mohanlian/mohanliang_1276.jpg,墨旱莲,性味甘酸寒；归肝肾经；功效：滋补肝肾、凉血止血。
external\cls_chinese_medicine/train/mohanlian/mohanliang_1248.jpg,墨旱莲,性味甘酸寒；归肝肾经；功效：滋补肝肾、凉血止血。
external\cls_chinese_medicine/train/mohanlian/mohanliang_1544.jpg,墨旱莲,性味甘酸寒；归肝肾经；功效：滋补肝肾、凉血止血。
external\cls_chinese_medicine/train/mohanlian/mohanliang_0250.jpg,墨旱莲,性味甘酸寒；归肝肾经；功效：滋补肝肾、凉血止血。
external\cls_chinese_medicine/train/mohanlian/mohanliang_0046.jpg,墨旱莲,性味甘酸寒；归肝肾经；功效：滋补肝肾、凉血止血。
external\cls_chinese_medicine/train/mohanlian/mohanliang_1387.jpg,墨旱莲,性味甘酸寒；归肝肾经；功效：滋补肝肾、凉血止血。
external\cls_chinese_medicine/train/mohanlian/mohanliang_0399.jpg,墨旱莲,性味甘酸寒；归肝肾经；功效：滋补肝肾、凉血止血。
external\cls_chinese_medicine/train/mohanlian/mohanliang_0953.jpg,墨旱莲,性味甘酸寒；归肝肾经；功效：滋补肝肾、凉血止血。
external\cls_chinese_medicine/train/mohanlian/mohanliang_0701.jpg,墨旱莲,性味甘酸寒；归肝肾经；功效：滋补肝肾、凉血止血。
external\cls_chinese_medicine/train/mohanlian/mohanliang_0107.jpg,墨旱莲,性味甘酸寒；归肝肾经；功效：滋补肝肾、凉血止血。
external\cls_chinese_medicine/train/mohanlian/mohanliang_0477.jpg,墨旱莲,性味甘酸寒；归肝肾经；功效：滋补肝肾、凉血止血。
external\cls_chinese_medicine/train/mohanlian/mohanliang_0627.jpg,墨旱莲,性味甘酸寒；归肝肾经；功效：滋补肝肾、凉血止血。
external\cls_chinese_medicine/train/mohanlian/mohanliang_0114.jpg,墨旱莲,性味甘酸寒；归肝肾经；功效：滋补肝肾、凉血止血。
external\cls_chinese_medicine/train/mohanlian/mohanliang_0383.jpg,墨旱莲,性味甘酸寒；归肝肾经；功效：滋补肝肾、凉血止血。
external\cls_chinese_medicine/train/mohanlian/mohanliang_1135.jpg,墨旱莲,性味甘酸寒；归肝肾经；功效：滋补肝肾、凉血止血。
external\cls_chinese_medicine/train/mohanlian/mohanliang_0347.jpg,墨旱莲,性味甘酸寒；归肝肾经；功效：滋补肝肾、凉血止血。
external\cls_chinese_medicine/train/mohanlian/mohanliang_0443.jpg,墨旱莲,性味甘酸寒；归肝肾经；功效：滋补肝肾、凉血止血。
external\cls_chinese_medicine/train/mohanlian/mohanliang_0289.jpg,墨旱莲,性味甘酸寒；归肝肾经；功效：滋补肝肾、凉血止血。
external\cls_chinese_medicine/train/mohanlian/mohanliang_1265.jpg,墨旱莲,性味甘酸寒；归肝肾经；功效：滋补肝肾、凉血止血。
external\cls_chinese_medicine/train/mohanlian/mohanliang_0856.jpg,墨旱莲,性味甘酸寒；归肝肾经；功效：滋补肝肾、凉血止血。
external\cls_chinese_medicine/train/mohanlian/mohanliang_0778.jpg,墨旱莲,性味甘酸寒；归肝肾经；功效：滋补肝肾、凉血止血。
external\cls_chinese_medicine/train/mohanlian/mohanliang_0138.jpg,墨旱莲,性味甘酸寒；归肝肾经；功效：滋补肝肾、凉血止血。
external\cls_chinese_medicine/train/mohanlian/mohanliang_0286.jpg,墨旱莲,性味甘酸寒；归肝肾经；功效：滋补肝肾、凉血止血。
external\cls_chinese_medicine/train/mohanlian/mohanliang_0908.jpg,墨旱莲,性味甘酸寒；归肝肾经；功效：滋补肝肾、凉血止血。
external\cls_chinese_medicine/train/mohanlian/mohanliang_0358.jpg,墨旱莲,性味甘酸寒；归肝肾经；功效：滋补肝肾、凉血止血。
external\cls_chinese_medicine/train/mohanlian/mohanliang_0760.jpg,墨旱莲,性味甘酸寒；归肝肾经；功效：滋补肝肾、凉血止血。
external\cls_chinese_medicine/train/mohanlian/mohanliang_1478.jpg,墨旱莲,性味甘酸寒；归肝肾经；功效：滋补肝肾、凉血止血。
external\cls_chinese_medicine/train/mohanlian/mohanliang_0545.jpg,墨旱莲,性味甘酸寒；归肝肾经；功效：滋补肝肾、凉血止血。
external\cls_chinese_medicine/train/mohanlian/mohanliang_1335.jpg,墨旱莲,性味甘酸寒；归肝肾经；功效：滋补肝肾、凉血止血。
external\cls_chinese_medicine/train/mohanlian/mohanliang_0564.jpg,墨旱莲,性味甘酸寒；归肝肾经；功效：滋补肝肾、凉血止血。
external\cls_chinese_medicine/train/mohanlian/mohanliang_1472.jpg,墨旱莲,性味甘酸寒；归肝肾经；功效：滋补肝肾、凉血止血。
external\cls_chinese_medicine/train/mohanlian/mohanliang_0318.jpg,墨旱莲,性味甘酸寒；归肝肾经；功效：滋补肝肾、凉血止血。
external\cls_chinese_medicine/train/mohanlian/mohanliang_1168.jpg,墨旱莲,性味甘酸寒；归肝肾经；功效：滋补肝肾、凉血止血。
external\cls_chinese_medicine/train/mohanlian/mohanliang_1350.jpg,墨旱莲,性味甘酸寒；归肝肾经；功效：滋补肝肾、凉血止血。
external\cls_chinese_medicine/train/mohanlian/mohanliang_0260.jpg,墨旱莲,性味甘酸寒；归肝肾经；功效：滋补肝肾、凉血止血。
external\cls_chinese_medicine/train/mohanlian/mohanliang_0035.jpg,墨旱莲,性味甘酸寒；归肝肾经；功效：滋补肝肾、凉血止血。
external\cls_chinese_medicine/train/mohanlian/mohanliang_1614.jpg,墨旱莲,性味甘酸寒；归肝肾经；功效：滋补肝肾、凉血止血。
external\cls_chinese_medicine/train/mohanlian/mohanliang_0653.jpg,墨旱莲,性味甘酸寒；归肝肾经；功效：滋补肝肾、凉血止血。
external\cls_chinese_medicine/train/mohanlian/mohanliang_1141.jpg,墨旱莲,性味甘酸寒；归肝肾经；功效：滋补肝肾、凉血止血。
external\cls_chinese_medicine/train/mohanlian/mohanliang_0589.jpg,墨旱莲,性味甘酸寒；归肝肾经；功效：滋补肝肾、凉血止血。
external\cls_chinese_medicine/train/mohanlian/mohanliang_0518.jpg,墨旱莲,性味甘酸寒；归肝肾经；功效：滋补肝肾、凉血止血。
external\cls_chinese_medicine/train/mohanlian/mohanliang_0378.jpg,墨旱莲,性味甘酸寒；归肝肾经；功效：滋补肝肾、凉血止血。
external\cls_chinese_medicine/train/mohanlian/mohanliang_0275.jpg,墨旱莲,性味甘酸寒；归肝肾经；功效：滋补肝肾、凉血止血。
external\cls_chinese_medicine/train/mohanlian/mohanliang_1538.jpg,墨旱莲,性味甘酸寒；归肝肾经；功效：滋补肝肾、凉血止血。
external\cls_chinese_medicine/train/mohanlian/mohanliang_0971.jpg,墨旱莲,性味甘酸寒；归肝肾经；功效：滋补肝肾、凉血止血。
external\cls_chinese_medicine/train/mohanlian/mohanliang_0243.jpg,墨旱莲,性味甘酸寒；归肝肾经；功效：滋补肝肾、凉血止血。
external\cls_chinese_medicine/train/mohanlian/mohanliang_1269.jpg,墨旱莲,性味甘酸寒；归肝肾经；功效：滋补肝肾、凉血止血。
external\cls_chinese_medicine/train/mohanlian/mohanliang_1388.jpg,墨旱莲,性味甘酸寒；归肝肾经；功效：滋补肝肾、凉血止血。
external\cls_chinese_medicine/train/mohanlian/mohanliang_0510.jpg,墨旱莲,性味甘酸寒；归肝肾经；功效：滋补肝肾、凉血止血。
external\cls_chinese_medicine/train/mohanlian/mohanliang_0173.jpg,墨旱莲,性味甘酸寒；归肝肾经；功效：滋补肝肾、凉血止血。
external\cls_chinese_medicine/train/mohanlian/mohanliang_0668.jpg,墨旱莲,性味甘酸寒；归肝肾经；功效：滋补肝肾、凉血止血。
external\cls_chinese_medicine/train/mohanlian/mohanliang_1564.jpg,墨旱莲,性味甘酸寒；归肝肾经；功效：滋补肝肾、凉血止血。
external\cls_chinese_medicine/train/mohanlian/mohanliang_1379.jpg,墨旱莲,性味甘酸寒；归肝肾经；功效：滋补肝肾、凉血止血。
external\cls_chinese_medicine/train/mohanlian/mohanliang_0798.jpg,墨旱莲,性味甘酸寒；归肝肾经；功效：滋补肝肾、凉血止血。
external\cls_chinese_medicine/train/mohanlian/mohanliang_1570.jpg,墨旱莲,性味甘酸寒；归肝肾经；功效：滋补肝肾、凉血止血。
external\cls_chinese_medicine/train/mohanlian/mohanliang_0649.jpg,墨旱莲,性味甘酸寒；归肝肾经；功效：滋补肝肾、凉血止血。
external\cls_chinese_medicine/train/mohanlian/mohanliang_1448.jpg,墨旱莲,性味甘酸寒；归肝肾经；功效：滋补肝肾、凉血止血。
external\cls_chinese_medicine/train/mohanlian/mohanliang_0369.jpg,墨旱莲,性味甘酸寒；归肝肾经；功效：滋补肝肾、凉血止血。
external\cls_chinese_medicine/train/mohanlian/mohanliang_1285.jpg,墨旱莲,性味甘酸寒；归肝肾经；功效：滋补肝肾、凉血止血。
external\cls_chinese_medicine/train/mohanlian/mohanliang_0499.jpg,墨旱莲,性味甘酸寒；归肝肾经；功效：滋补肝肾、凉血止血。
external\cls_chinese_medicine/train/mohanlian/mohanliang_0202.jpg,墨旱莲,性味甘酸寒；归肝肾经；功效：滋补肝肾、凉血止血。
external\cls_chinese_medicine/train/mohanlian/mohanliang_0751.jpg,墨旱莲,性味甘酸寒；归肝肾经；功效：滋补肝肾、凉血止血。
external\cls_chinese_medicine/train/mohanlian/mohanliang_0366.jpg,墨旱莲,性味甘酸寒；归肝肾经；功效：滋补肝肾、凉血止血。
external\cls_chinese_medicine/train/mohanlian/mohanliang_1029.jpg,墨旱莲,性味甘酸寒；归肝肾经；功效：滋补肝肾、凉血止血。
external\cls_chinese_medicine/train/mohanlian/mohanliang_1467.jpg,墨旱莲,性味甘酸寒；归肝肾经；功效：滋补肝肾、凉血止血。
external\cls_chinese_medicine/train/mohanlian/mohanliang_0066.jpg,墨旱莲,性味甘酸寒；归肝肾经；功效：滋补肝肾、凉血止血。
external\cls_chinese_medicine/train/mohanlian/mohanliang_0763.jpg,墨旱莲,性味甘酸寒；归肝肾经；功效：滋补肝肾、凉血止血。
external\cls_chinese_medicine/train/mohanlian/mohanliang_1148.jpg,墨旱莲,性味甘酸寒；归肝肾经；功效：滋补肝肾、凉血止血。
external\cls_chinese_medicine/train/mohanlian/mohanliang_0997.jpg,墨旱莲,性味甘酸寒；归肝肾经；功效：滋补肝肾、凉血止血。
external\cls_chinese_medicine/train/mohanlian/mohanliang_0887.jpg,墨旱莲,性味甘酸寒；归肝肾经；功效：滋补肝肾、凉血止血。
external\cls_chinese_medicine/train/mohanlian/mohanliang_0304.jpg,墨旱莲,性味甘酸寒；归肝肾经；功效：滋补肝肾、凉血止血。
external\cls_chinese_medicine/train/mohanlian/mohanliang_0457.jpg,墨旱莲,性味甘酸寒；归肝肾经；功效：滋补肝肾、凉血止血。
external\cls_chinese_medicine/train/mohanlian/mohanliang_0625.jpg,墨旱莲,性味甘酸寒；归肝肾经；功效：滋补肝肾、凉血止血。
external\cls_chinese_medicine/train/mohanlian/mohanliang_0229.jpg,墨旱莲,性味甘酸寒；归肝肾经；功效：滋补肝肾、凉血止血。
external\cls_chinese_medicine/train/mohanlian/mohanliang_1407.jpg,墨旱莲,性味甘酸寒；归肝肾经；功效：滋补肝肾、凉血止血。
external\cls_chinese_medicine/train/mohanlian/mohanliang_1312.jpg,墨旱莲,性味甘酸寒；归肝肾经；功效：滋补肝肾、凉血止血。
external\cls_chinese_medicine/train/mohanlian/mohanliang_1482.jpg,墨旱莲,性味甘酸寒；归肝肾经；功效：滋补肝肾、凉血止血。
external\cls_chinese_medicine/train/mohanlian/mohanliang_0667.jpg,墨旱莲,性味甘酸寒；归肝肾经；功效：滋补肝肾、凉血止血。
external\cls_chinese_medicine/train/mohanlian/mohanliang_1154.jpg,墨旱莲,性味甘酸寒；归肝肾经；功效：滋补肝肾、凉血止血。
external\cls_chinese_medicine/train/mohanlian/mohanliang_1338.jpg,墨旱莲,性味甘酸寒；归肝肾经；功效：滋补肝肾、凉血止血。
external\cls_chinese_medicine/train/mohanlian/mohanliang_1160.jpg,墨旱莲,性味甘酸寒；归肝肾经；功效：滋补肝肾、凉血止血。
external\cls_chinese_medicine/train/mohanlian/mohanliang_0451.jpg,墨旱莲,性味甘酸寒；归肝肾经；功效：滋补肝肾、凉血止血。
external\cls_chinese_medicine/train/mohanlian/mohanliang_0693.jpg,墨旱莲,性味甘酸寒；归肝肾经；功效：滋补肝肾、凉血止血。
external\cls_chinese_medicine/train/mohanlian/mohanliang_1087.jpg,墨旱莲,性味甘酸寒；归肝肾经；功效：滋补肝肾、凉血止血。
external\cls_chinese_medicine/train/mohanlian/mohanliang_0597.jpg,墨旱莲,性味甘酸寒；归肝肾经；功效：滋补肝肾、凉血止血。
external\cls_chinese_medicine/train/mohanlian/mohanliang_0312.jpg,墨旱莲,性味甘酸寒；归肝肾经；功效：滋补肝肾、凉血止血。
external\cls_chinese_medicine/train/mohanlian/mohanliang_1009.jpg,墨旱莲,性味甘酸寒；归肝肾经；功效：滋补肝肾、凉血止血。
external\cls_chinese_medicine/train/mohanlian/mohanliang_0648.jpg,墨旱莲,性味甘酸寒；归肝肾经；功效：滋补肝肾、凉血止血。
external\cls_chinese_medicine/train/mohanlian/mohanliang_0313.jpg,墨旱莲,性味甘酸寒；归肝肾经；功效：滋补肝肾、凉血止血。
external\cls_chinese_medicine/train/mohanlian/mohanliang_1146.jpg,墨旱莲,性味甘酸寒；归肝肾经；功效：滋补肝肾、凉血止血。
external\cls_chinese_medicine/train/mohanlian/mohanliang_0700.jpg,墨旱莲,性味甘酸寒；归肝肾经；功效：滋补肝肾、凉血止血。
external\cls_chinese_medicine/train/mohanlian/mohanliang_1514.jpg,墨旱莲,性味甘酸寒；归肝肾经；功效：滋补肝肾、凉血止血。
external\cls_chinese_medicine/train/mohanlian/mohanliang_0430.jpg,墨旱莲,性味甘酸寒；归肝肾经；功效：滋补肝肾、凉血止血。
external\cls_chinese_medicine/train/mohanlian/mohanliang_0657.jpg,墨旱莲,性味甘酸寒；归肝肾经；功效：滋补肝肾、凉血止血。
external\cls_chinese_medicine/train/mohanlian/mohanliang_1304.jpg,墨旱莲,性味甘酸寒；归肝肾经；功效：滋补肝肾、凉血止血。
external\cls_chinese_medicine/train/mohanlian/mohanliang_0292.jpg,墨旱莲,性味甘酸寒；归肝肾经；功效：滋补肝肾、凉血止血。
external\cls_chinese_medicine/train/mohanlian/mohanliang_1262.jpg,墨旱莲,性味甘酸寒；归肝肾经；功效：滋补肝肾、凉血止血。
external\cls_chinese_medicine/train/mohanlian/mohanliang_0925.jpg,墨旱莲,性味甘酸寒；归肝肾经；功效：滋补肝肾、凉血止血。
external\cls_chinese_medicine/train/mohanlian/mohanliang_1607.jpg,墨旱莲,性味甘酸寒；归肝肾经；功效：滋补肝肾、凉血止血。
external\cls_chinese_medicine/train/mohanlian/mohanliang_0249.jpg,墨旱莲,性味甘酸寒；归肝肾经；功效：滋补肝肾、凉血止血。
external\cls_chinese_medicine/train/mohanlian/mohanliang_1346.jpg,墨旱莲,性味甘酸寒；归肝肾经；功效：滋补肝肾、凉血止血。
external\cls_chinese_medicine/train/mohanlian/mohanliang_1421.jpg,墨旱莲,性味甘酸寒；归肝肾经；功效：滋补肝肾、凉血止血。
external\cls_chinese_medicine/train/mohanlian/mohanliang_1562.jpg,墨旱莲,性味甘酸寒；归肝肾经；功效：滋补肝肾、凉血止血。
external\cls_chinese_medicine/train/mohanlian/mohanliang_0954.jpg,墨旱莲,性味甘酸寒；归肝肾经；功效：滋补肝肾、凉血止血。
external\cls_chinese_medicine/train/mohanlian/mohanliang_1293.jpg,墨旱莲,性味甘酸寒；归肝肾经；功效：滋补肝肾、凉血止血。
external\cls_chinese_medicine/train/mohanlian/mohanliang_0218.jpg,墨旱莲,性味甘酸寒；归肝肾经；功效：滋补肝肾、凉血止血。
external\cls_chinese_medicine/train/mohanlian/mohanliang_0412.jpg,墨旱莲,性味甘酸寒；归肝肾经；功效：滋补肝肾、凉血止血。
external\cls_chinese_medicine/train/mohanlian/mohanliang_0450.jpg,墨旱莲,性味甘酸寒；归肝肾经；功效：滋补肝肾、凉血止血。
external\cls_chinese_medicine/train/mohanlian/mohanliang_1585.jpg,墨旱莲,性味甘酸寒；归肝肾经；功效：滋补肝肾、凉血止血。
external\cls_chinese_medicine/train/mohanlian/mohanliang_0061.jpg,墨旱莲,性味甘酸寒；归肝肾经；功效：滋补肝肾、凉血止血。
external\cls_chinese_medicine/train/tiankuizi/yitiankuizi_1459.jpg,天葵子,性味甘苦寒；归肝胃经；功效：清热解毒、消肿散结。
external\cls_chinese_medicine/train/tiankuizi/yitiankuizi_1022.jpg,天葵子,性味甘苦寒；归肝胃经；功效：清热解毒、消肿散结。
external\cls_chinese_medicine/train/tiankuizi/yitiankuizi_0451.jpg,天葵子,性味甘苦寒；归肝胃经；功效：清热解毒、消肿散结。
external\cls_chinese_medicine/train/tiankuizi/yitiankuizi_0999.jpg,天葵子,性味甘苦寒；归肝胃经；功效：清热解毒、消肿散结。
external\cls_chinese_medicine/train/tiankuizi/yitiankuizi_1212.jpg,天葵子,性味甘苦寒；归肝胃经；功效：清热解毒、消肿散结。
external\cls_chinese_medicine/train/tiankuizi/yitiankuizi_1064.jpg,天葵子,性味甘苦寒；归肝胃经；功效：清热解毒、消肿散结。
external\cls_chinese_medicine/train/tiankuizi/yitiankuizi_1136.jpg,天葵子,性味甘苦寒；归肝胃经；功效：清热解毒、消肿散结。
external\cls_chinese_medicine/train/tiankuizi/yitiankuizi_0971.jpg,天葵子,性味甘苦寒；归肝胃经；功效：清热解毒、消肿散结。
external\cls_chinese_medicine/train/tiankuizi/yitiankuizi_1588.jpg,天葵子,性味甘苦寒；归肝胃经；功效：清热解毒、消肿散结。
external\cls_chinese_medicine/train/tiankuizi/yitiankuizi_0588.jpg,天葵子,性味甘苦寒；归肝胃经；功效：清热解毒、消肿散结。
external\cls_chinese_medicine/train/tiankuizi/yitiankuizi_0072.jpg,天葵子,性味甘苦寒；归肝胃经；功效：清热解毒、消肿散结。
external\cls_chinese_medicine/train/tiankuizi/yitiankuizi_0446.jpg,天葵子,性味甘苦寒；归肝胃经；功效：清热解毒、消肿散结。
external\cls_chinese_medicine/train/tiankuizi/yitiankuizi_0065.jpg,天葵子,性味甘苦寒；归肝胃经；功效：清热解毒、消肿散结。
external\cls_chinese_medicine/train/tiankuizi/yitiankuizi_1236.jpg,天葵子,性味甘苦寒；归肝胃经；功效：清热解毒、消肿散结。
external\cls_chinese_medicine/train/tiankuizi/yitiankuizi_1074.jpg,天葵子,性味甘苦寒；归肝胃经；功效：清热解毒、消肿散结。
external\cls_chinese_medicine/train/tiankuizi/yitiankuizi_0526.jpg,天葵子,性味甘苦寒；归肝胃经；功效：清热解毒、消肿散结。
external\cls_chinese_medicine/train/tiankuizi/yitiankuizi_1044.jpg,天葵子,性味甘苦寒；归肝胃经；功效：清热解毒、消肿散结。
external\cls_chinese_medicine/train/tiankuizi/yitiankuizi_0284.jpg,天葵子,性味甘苦寒；归肝胃经；功效：清热解毒、消肿散结。
external\cls_chinese_medicine/train/tiankuizi/yitiankuizi_1568.jpg,天葵子,性味甘苦寒；归肝胃经；功效：清热解毒、消肿散结。
external\cls_chinese_medicine/train/tiankuizi/yitiankuizi_0289.jpg,天葵子,性味甘苦寒；归肝胃经；功效：清热解毒、消肿散结。
external\cls_chinese_medicine/train/tiankuizi/yitiankuizi_0034.jpg,天葵子,性味甘苦寒；归肝胃经；功效：清热解毒、消肿散结。
external\cls_chinese_medicine/train/tiankuizi/yitiankuizi_1579.jpg,天葵子,性味甘苦寒；归肝胃经；功效：清热解毒、消肿散结。
external\cls_chinese_medicine/train/tiankuizi/yitiankuizi_1457.jpg,天葵子,性味甘苦寒；归肝胃经；功效：清热解毒、消肿散结。
external\cls_chinese_medicine/train/tiankuizi/yitiankuizi_0033.jpg,天葵子,性味甘苦寒；归肝胃经；功效：清热解毒、消肿散结。
external\cls_chinese_medicine/train/tiankuizi/yitiankuizi_0132.jpg,天葵子,性味甘苦寒；归肝胃经；功效：清热解毒、消肿散结。
external\cls_chinese_medicine/train/tiankuizi/yitiankuizi_0185.jpg,天葵子,性味甘苦寒；归肝胃经；功效：清热解毒、消肿散结。
external\cls_chinese_medicine/train/tiankuizi/yitiankuizi_0956.jpg,天葵子,性味甘苦寒；归肝胃经；功效：清热解毒、消肿散结。
external\cls_chinese_medicine/train/tiankuizi/yitiankuizi_0885.jpg,天葵子,性味甘苦寒；归肝胃经；功效：清热解毒、消肿散结。
external\cls_chinese_medicine/train/tiankuizi/yitiankuizi_0515.jpg,天葵子,性味甘苦寒；归肝胃经；功效：清热解毒、消肿散结。
external\cls_chinese_medicine/train/tiankuizi/yitiankuizi_0502.jpg,天葵子,性味甘苦寒；归肝胃经；功效：清热解毒、消肿散结。
external\cls_chinese_medicine/train/tiankuizi/yitiankuizi_1021.jpg,天葵子,性味甘苦寒；归肝胃经；功效：清热解毒、消肿散结。
external\cls_chinese_medicine/train/tiankuizi/yitiankuizi_1093.jpg,天葵子,性味甘苦寒；归肝胃经；功效：清热解毒、消肿散结。
external\cls_chinese_medicine/train/tiankuizi/yitiankuizi_0782.jpg,天葵子,性味甘苦寒；归肝胃经；功效：清热解毒、消肿散结。
external\cls_chinese_medicine/train/tiankuizi/yitiankuizi_1292.jpg,天葵子,性味甘苦寒；归肝胃经；功效：清热解毒、消肿散结。
external\cls_chinese_medicine/train/tiankuizi/yitiankuizi_1047.jpg,天葵子,性味甘苦寒；归肝胃经；功效：清热解毒、消肿散结。
external\cls_chinese_medicine/train/tiankuizi/yitiankuizi_0151.jpg,天葵子,性味甘苦寒；归肝胃经；功效：清热解毒、消肿散结。
external\cls_chinese_medicine/train/tiankuizi/yitiankuizi_0739.jpg,天葵子,性味甘苦寒；归肝胃经；功效：清热解毒、消肿散结。
external\cls_chinese_medicine/train/tiankuizi/yitiankuizi_0346.jpg,天葵子,性味甘苦寒；归肝胃经；功效：清热解毒、消肿散结。
external\cls_chinese_medicine/train/tiankuizi/yitiankuizi_1175.jpg,天葵子,性味甘苦寒；归肝胃经；功效：清热解毒、消肿散结。
external\cls_chinese_medicine/train/tiankuizi/yitiankuizi_0210.jpg,天葵子,性味甘苦寒；归肝胃经；功效：清热解毒、消肿散结。
external\cls_chinese_medicine/train/tiankuizi/yitiankuizi_0736.jpg,天葵子,性味甘苦寒；归肝胃经；功效：清热解毒、消肿散结。
external\cls_chinese_medicine/train/tiankuizi/yitiankuizi_0747.jpg,天葵子,性味甘苦寒；归肝胃经；功效：清热解毒、消肿散结。
external\cls_chinese_medicine/train/tiankuizi/yitiankuizi_0866.jpg,天葵子,性味甘苦寒；归肝胃经；功效：清热解毒、消肿散结。
external\cls_chinese_medicine/train/tiankuizi/yitiankuizi_1379.jpg,天葵子,性味甘苦寒；归肝胃经；功效：清热解毒、消肿散结。
external\cls_chinese_medicine/train/tiankuizi/yitiankuizi_1576.jpg,天葵子,性味甘苦寒；归肝胃经；功效：清热解毒、消肿散结。
external\cls_chinese_medicine/train/tiankuizi/yitiankuizi_0815.jpg,天葵子,性味甘苦寒；归肝胃经；功效：清热解毒、消肿散结。
external\cls_chinese_medicine/train/tiankuizi/yitiankuizi_0233.jpg,天葵子,性味甘苦寒；归肝胃经；功效：清热解毒、消肿散结。
external\cls_chinese_medicine/train/tiankuizi/yitiankuizi_0253.jpg,天葵子,性味甘苦寒；归肝胃经；功效：清热解毒、消肿散结。
external\cls_chinese_medicine/train/tiankuizi/yitiankuizi_1315.jpg,天葵子,性味甘苦寒；归肝胃经；功效：清热解毒、消肿散结。
external\cls_chinese_medicine/train/tiankuizi/yitiankuizi_1465.jpg,天葵子,性味甘苦寒；归肝胃经；功效：清热解毒、消肿散结。
external\cls_chinese_medicine/train/tiankuizi/yitiankuizi_0026.jpg,天葵子,性味甘苦寒；归肝胃经；功效：清热解毒、消肿散结。
external\cls_chinese_medicine/train/tiankuizi/yitiankuizi_0108.jpg,天葵子,性味甘苦寒；归肝胃经；功效：清热解毒、消肿散结。
external\cls_chinese_medicine/train/tiankuizi/yitiankuizi_0384.jpg,天葵子,性味甘苦寒；归肝胃经；功效：清热解毒、消肿散结。
external\cls_chinese_medicine/train/tiankuizi/yitiankuizi_1135.jpg,天葵子,性味甘苦寒；归肝胃经；功效：清热解毒、消肿散结。
external\cls_chinese_medicine/train/tiankuizi/yitiankuizi_0770.jpg,天葵子,性味甘苦寒；归肝胃经；功效：清热解毒、消肿散结。
external\cls_chinese_medicine/train/tiankuizi/yitiankuizi_0871.jpg,天葵子,性味甘苦寒；归肝胃经；功效：清热解毒、消肿散结。
external\cls_chinese_medicine/train/tiankuizi/yitiankuizi_1160.jpg,天葵子,性味甘苦寒；归肝胃经；功效：清热解毒、消肿散结。
external\cls_chinese_medicine/train/tiankuizi/yitiankuizi_0729.jpg,天葵子,性味甘苦寒；归肝胃经；功效：清热解毒、消肿散结。
external\cls_chinese_medicine/train/tiankuizi/yitiankuizi_0392.jpg,天葵子,性味甘苦寒；归肝胃经；功效：清热解毒、消肿散结。
external\cls_chinese_medicine/train/tiankuizi/yitiankuizi_1289.jpg,天葵子,性味甘苦寒；归肝胃经；功效：清热解毒、消肿散结。
external\cls_chinese_medicine/train/tiankuizi/yitiankuizi_0358.jpg,天葵子,性味甘苦寒；归肝胃经；功效：清热解毒、消肿散结。
external\cls_chinese_medicine/train/tiankuizi/yitiankuizi_0902.jpg,天葵子,性味甘苦寒；归肝胃经；功效：清热解毒、消肿散结。
external\cls_chinese_medicine/train/tiankuizi/yitiankuizi_1569.jpg,天葵子,性味甘苦寒；归肝胃经；功效：清热解毒、消肿散结。
external\cls_chinese_medicine/train/tiankuizi/yitiankuizi_1420.jpg,天葵子,性味甘苦寒；归肝胃经；功效：清热解毒、消肿散结。
external\cls_chinese_medicine/train/tiankuizi/yitiankuizi_1127.jpg,天葵子,性味甘苦寒；归肝胃经；功效：清热解毒、消肿散结。
external\cls_chinese_medicine/train/tiankuizi/yitiankuizi_0730.jpg,天葵子,性味甘苦寒；归肝胃经；功效：清热解毒、消肿散结。
external\cls_chinese_medicine/train/tiankuizi/yitiankuizi_0549.jpg,天葵子,性味甘苦寒；归肝胃经；功效：清热解毒、消肿散结。
external\cls_chinese_medicine/train/tiankuizi/yitiankuizi_1241.jpg,天葵子,性味甘苦寒；归肝胃经；功效：清热解毒、消肿散结。
external\cls_chinese_medicine/train/tiankuizi/yitiankuizi_1200.jpg,天葵子,性味甘苦寒；归肝胃经；功效：清热解毒、消肿散结。
external\cls_chinese_medicine/train/tiankuizi/yitiankuizi_0178.jpg,天葵子,性味甘苦寒；归肝胃经；功效：清热解毒、消肿散结。
external\cls_chinese_medicine/train/tiankuizi/yitiankuizi_1167.jpg,天葵子,性味甘苦寒；归肝胃经；功效：清热解毒、消肿散结。
external\cls_chinese_medicine/train/tiankuizi/yitiankuizi_0370.jpg,天葵子,性味甘苦寒；归肝胃经；功效：清热解毒、消肿散结。
external\cls_chinese_medicine/train/tiankuizi/yitiankuizi_1069.jpg,天葵子,性味甘苦寒；归肝胃经；功效：清热解毒、消肿散结。
external\cls_chinese_medicine/train/tiankuizi/yitiankuizi_0145.jpg,天葵子,性味甘苦寒；归肝胃经；功效：清热解毒、消肿散结。
external\cls_chinese_medicine/train/tiankuizi/yitiankuizi_0055.jpg,天葵子,性味甘苦寒；归肝胃经；功效：清热解毒、消肿散结。
external\cls_chinese_medicine/train/tiankuizi/yitiankuizi_0330.jpg,天葵子,性味甘苦寒；归肝胃经；功效：清热解毒、消肿散结。
external\cls_chinese_medicine/train/tiankuizi/yitiankuizi_0637.jpg,天葵子,性味甘苦寒；归肝胃经；功效：清热解毒、消肿散结。
external\cls_chinese_medicine/train/tiankuizi/yitiankuizi_0873.jpg,天葵子,性味甘苦寒；归肝胃经；功效：清热解毒、消肿散结。
external\cls_chinese_medicine/train/tiankuizi/yitiankuizi_0735.jpg,天葵子,性味甘苦寒；归肝胃经；功效：清热解毒、消肿散结。
external\cls_chinese_medicine/train/tiankuizi/yitiankuizi_0401.jpg,天葵子,性味甘苦寒；归肝胃经；功效：清热解毒、消肿散结。
external\cls_chinese_medicine/train/tiankuizi/yitiankuizi_0260.jpg,天葵子,性味甘苦寒；归肝胃经；功效：清热解毒、消肿散结。
external\cls_chinese_medicine/train/tiankuizi/yitiankuizi_1421.jpg,天葵子,性味甘苦寒；归肝胃经；功效：清热解毒、消肿散结。
external\cls_chinese_medicine/train/tiankuizi/yitiankuizi_1503.jpg,天葵子,性味甘苦寒；归肝胃经；功效：清热解毒、消肿散结。
external\cls_chinese_medicine/train/tiankuizi/yitiankuizi_0605.jpg,天葵子,性味甘苦寒；归肝胃经；功效：清热解毒、消肿散结。
external\cls_chinese_medicine/train/tiankuizi/yitiankuizi_1077.jpg,天葵子,性味甘苦寒；归肝胃经；功效：清热解毒、消肿散结。
external\cls_chinese_medicine/train/tiankuizi/yitiankuizi_1150.jpg,天葵子,性味甘苦寒；归肝胃经；功效：清热解毒、消肿散结。
external\cls_chinese_medicine/train/tiankuizi/yitiankuizi_0311.jpg,天葵子,性味甘苦寒；归肝胃经；功效：清热解毒、消肿散结。
external\cls_chinese_medicine/train/tiankuizi/yitiankuizi_1353.jpg,天葵子,性味甘苦寒；归肝胃经；功效：清热解毒、消肿散结。
external\cls_chinese_medicine/train/tiankuizi/yitiankuizi_1234.jpg,天葵子,性味甘苦寒；归肝胃经；功效：清热解毒、消肿散结。
external\cls_chinese_medicine/train/tiankuizi/yitiankuizi_0597.jpg,天葵子,性味甘苦寒；归肝胃经；功效：清热解毒、消肿散结。
external\cls_chinese_medicine/train/tiankuizi/yitiankuizi_1050.jpg,天葵子,性味甘苦寒；归肝胃经；功效：清热解毒、消肿散结。
external\cls_chinese_medicine/train/tiankuizi/yitiankuizi_0345.jpg,天葵子,性味甘苦寒；归肝胃经；功效：清热解毒、消肿散结。
external\cls_chinese_medicine/train/tiankuizi/yitiankuizi_0183.jpg,天葵子,性味甘苦寒；归肝胃经；功效：清热解毒、消肿散结。
external\cls_chinese_medicine/train/tiankuizi/yitiankuizi_1096.jpg,天葵子,性味甘苦寒；归肝胃经；功效：清热解毒、消肿散结。
external\cls_chinese_medicine/train/tiankuizi/yitiankuizi_0726.jpg,天葵子,性味甘苦寒；归肝胃经；功效：清热解毒、消肿散结。
external\cls_chinese_medicine/train/tiankuizi/yitiankuizi_0057.jpg,天葵子,性味甘苦寒；归肝胃经；功效：清热解毒、消肿散结。
external\cls_chinese_medicine/train/tiankuizi/yitiankuizi_0077.jpg,天葵子,性味甘苦寒；归肝胃经；功效：清热解毒、消肿散结。
external\cls_chinese_medicine/train/tiankuizi/yitiankuizi_0133.jpg,天葵子,性味甘苦寒；归肝胃经；功效：清热解毒、消肿散结。
external\cls_chinese_medicine/train/tiankuizi/yitiankuizi_0869.jpg,天葵子,性味甘苦寒；归肝胃经；功效：清热解毒、消肿散结。
external\cls_chinese_medicine/train/tiankuizi/yitiankuizi_0083.jpg,天葵子,性味甘苦寒；归肝胃经；功效：清热解毒、消肿散结。
external\cls_chinese_medicine/train/tiankuizi/yitiankuizi_1581.jpg,天葵子,性味甘苦寒；归肝胃经；功效：清热解毒、消肿散结。
external\cls_chinese_medicine/train/tiankuizi/yitiankuizi_0338.jpg,天葵子,性味甘苦寒；归肝胃经；功效：清热解毒、消肿散结。
external\cls_chinese_medicine/train/tiankuizi/yitiankuizi_0385.jpg,天葵子,性味甘苦寒；归肝胃经；功效：清热解毒、消肿散结。
external\cls_chinese_medicine/train/tiankuizi/yitiankuizi_0962.jpg,天葵子,性味甘苦寒；归肝胃经；功效：清热解毒、消肿散结。
external\cls_chinese_medicine/train/tiankuizi/yitiankuizi_1011.jpg,天葵子,性味甘苦寒；归肝胃经；功效：清热解毒、消肿散结。
external\cls_chinese_medicine/train/tiankuizi/yitiankuizi_1081.jpg,天葵子,性味甘苦寒；归肝胃经；功效：清热解毒、消肿散结。
external\cls_chinese_medicine/train/tiankuizi/yitiankuizi_0195.jpg,天葵子,性味甘苦寒；归肝胃经；功效：清热解毒、消肿散结。
external\cls_chinese_medicine/train/tiankuizi/yitiankuizi_1056.jpg,天葵子,性味甘苦寒；归肝胃经；功效：清热解毒、消肿散结。
external\cls_chinese_medicine/train/tiankuizi/yitiankuizi_0915.jpg,天葵子,性味甘苦寒；归肝胃经；功效：清热解毒、消肿散结。
external\cls_chinese_medicine/train/tiankuizi/yitiankuizi_0312.jpg,天葵子,性味甘苦寒；归肝胃经；功效：清热解毒、消肿散结。
external\cls_chinese_medicine/train/tiankuizi/yitiankuizi_1314.jpg,天葵子,性味甘苦寒；归肝胃经；功效：清热解毒、消肿散结。
external\cls_chinese_medicine/train/tiankuizi/yitiankuizi_0211.jpg,天葵子,性味甘苦寒；归肝胃经；功效：清热解毒、消肿散结。
external\cls_chinese_medicine/train/tiankuizi/yitiankuizi_0836.jpg,天葵子,性味甘苦寒；归肝胃经；功效：清热解毒、消肿散结。
external\cls_chinese_medicine/train/tiankuizi/yitiankuizi_0620.jpg,天葵子,性味甘苦寒；归肝胃经；功效：清热解毒、消肿散结。
external\cls_chinese_medicine/train/tiankuizi/yitiankuizi_0985.jpg,天葵子,性味甘苦寒；归肝胃经；功效：清热解毒、消肿散结。
external\cls_chinese_medicine/train/tiankuizi/yitiankuizi_0611.jpg,天葵子,性味甘苦寒；归肝胃经；功效：清热解毒、消肿散结。
external\cls_chinese_medicine/train/tiankuizi/yitiankuizi_1307.jpg,天葵子,性味甘苦寒；归肝胃经；功效：清热解毒、消肿散结。
external\cls_chinese_medicine/train/tiankuizi/yitiankuizi_0452.jpg,天葵子,性味甘苦寒；归肝胃经；功效：清热解毒、消肿散结。
external\cls_chinese_medicine/train/tiankuizi/yitiankuizi_0621.jpg,天葵子,性味甘苦寒；归肝胃经；功效：清热解毒、消肿散结。
external\cls_chinese_medicine/train/tiankuizi/yitiankuizi_1037.jpg,天葵子,性味甘苦寒；归肝胃经；功效：清热解毒、消肿散结。
external\cls_chinese_medicine/train/tiankuizi/yitiankuizi_0872.jpg,天葵子,性味甘苦寒；归肝胃经；功效：清热解毒、消肿散结。
external\cls_chinese_medicine/train/tiankuizi/yitiankuizi_0651.jpg,天葵子,性味甘苦寒；归肝胃经；功效：清热解毒、消肿散结。
external\cls_chinese_medicine/train/tiankuizi/yitiankuizi_1270.jpg,天葵子,性味甘苦寒；归肝胃经；功效：清热解毒、消肿散结。
external\cls_chinese_medicine/train/tiankuizi/yitiankuizi_1254.jpg,天葵子,性味甘苦寒；归肝胃经；功效：清热解毒、消肿散结。
external\cls_chinese_medicine/train/tiankuizi/yitiankuizi_1584.jpg,天葵子,性味甘苦寒；归肝胃经；功效：清热解毒、消肿散结。
external\cls_chinese_medicine/train/tiankuizi/yitiankuizi_0303.jpg,天葵子,性味甘苦寒；归肝胃经；功效：清热解毒、消肿散结。
external\cls_chinese_medicine/train/tiankuizi/yitiankuizi_0819.jpg,天葵子,性味甘苦寒；归肝胃经；功效：清热解毒、消肿散结。
external\cls_chinese_medicine/train/tiankuizi/yitiankuizi_0513.jpg,天葵子,性味甘苦寒；归肝胃经；功效：清热解毒、消肿散结。
external\cls_chinese_medicine/train/tiankuizi/yitiankuizi_0074.jpg,天葵子,性味甘苦寒；归肝胃经；功效：清热解毒、消肿散结。
external\cls_chinese_medicine/train/tiankuizi/yitiankuizi_1266.jpg,天葵子,性味甘苦寒；归肝胃经；功效：清热解毒、消肿散结。
external\cls_chinese_medicine/train/tiankuizi/yitiankuizi_0895.jpg,天葵子,性味甘苦寒；归肝胃经；功效：清热解毒、消肿散结。
external\cls_chinese_medicine/train/tiankuizi/yitiankuizi_1468.jpg,天葵子,性味甘苦寒；归肝胃经；功效：清热解毒、消肿散结。
external\cls_chinese_medicine/train/tiankuizi/yitiankuizi_0448.jpg,天葵子,性味甘苦寒；归肝胃经；功效：清热解毒、消肿散结。
external\cls_chinese_medicine/train/tiankuizi/yitiankuizi_0692.jpg,天葵子,性味甘苦寒；归肝胃经；功效：清热解毒、消肿散结。
external\cls_chinese_medicine/train/tiankuizi/yitiankuizi_1001.jpg,天葵子,性味甘苦寒；归肝胃经；功效：清热解毒、消肿散结。
external\cls_chinese_medicine/train/tiankuizi/yitiankuizi_0952.jpg,天葵子,性味甘苦寒；归肝胃经；功效：清热解毒、消肿散结。
external\cls_chinese_medicine/train/tiankuizi/yitiankuizi_1155.jpg,天葵子,性味甘苦寒；归肝胃经；功效：清热解毒、消肿散结。
external\cls_chinese_medicine/train/tiankuizi/yitiankuizi_0215.jpg,天葵子,性味甘苦寒；归肝胃经；功效：清热解毒、消肿散结。
external\cls_chinese_medicine/train/tiankuizi/yitiankuizi_1346.jpg,天葵子,性味甘苦寒；归肝胃经；功效：清热解毒、消肿散结。
external\cls_chinese_medicine/train/tiankuizi/yitiankuizi_0288.jpg,天葵子,性味甘苦寒；归肝胃经；功效：清热解毒、消肿散结。
external\cls_chinese_medicine/train/tiankuizi/yitiankuizi_0556.jpg,天葵子,性味甘苦寒；归肝胃经；功效：清热解毒、消肿散结。
external\cls_chinese_medicine/train/tiankuizi/yitiankuizi_1402.jpg,天葵子,性味甘苦寒；归肝胃经；功效：清热解毒、消肿散结。
external\cls_chinese_medicine/train/tiankuizi/yitiankuizi_0447.jpg,天葵子,性味甘苦寒；归肝胃经；功效：清热解毒、消肿散结。
external\cls_chinese_medicine/train/tiankuizi/yitiankuizi_1265.jpg,天葵子,性味甘苦寒；归肝胃经；功效：清热解毒、消肿散结。
external\cls_chinese_medicine/train/tiankuizi/yitiankuizi_1026.jpg,天葵子,性味甘苦寒；归肝胃经；功效：清热解毒、消肿散结。
external\cls_chinese_medicine/train/tiankuizi/yitiankuizi_0633.jpg,天葵子,性味甘苦寒；归肝胃经；功效：清热解毒、消肿散结。
external\cls_chinese_medicine/train/tiankuizi/yitiankuizi_0550.jpg,天葵子,性味甘苦寒；归肝胃经；功效：清热解毒、消肿散结。
external\cls_chinese_medicine/train/tiankuizi/yitiankuizi_0847.jpg,天葵子,性味甘苦寒；归肝胃经；功效：清热解毒、消肿散结。
external\cls_chinese_medicine/train/tiankuizi/yitiankuizi_0717.jpg,天葵子,性味甘苦寒；归肝胃经；功效：清热解毒、消肿散结。
external\cls_chinese_medicine/train/tiankuizi/yitiankuizi_0667.jpg,天葵子,性味甘苦寒；归肝胃经；功效：清热解毒、消肿散结。
external\cls_chinese_medicine/train/tiankuizi/yitiankuizi_0196.jpg,天葵子,性味甘苦寒；归肝胃经；功效：清热解毒、消肿散结。
external\cls_chinese_medicine/train/tiankuizi/yitiankuizi_0435.jpg,天葵子,性味甘苦寒；归肝胃经；功效：清热解毒、消肿散结。
external\cls_chinese_medicine/train/tiankuizi/yitiankuizi_0839.jpg,天葵子,性味甘苦寒；归肝胃经；功效：清热解毒、消肿散结。
external\cls_chinese_medicine/train/tiankuizi/yitiankuizi_0317.jpg,天葵子,性味甘苦寒；归肝胃经；功效：清热解毒、消肿散结。
external\cls_chinese_medicine/train/tiankuizi/yitiankuizi_0688.jpg,天葵子,性味甘苦寒；归肝胃经；功效：清热解毒、消肿散结。
external\cls_chinese_medicine/train/tiankuizi/yitiankuizi_0559.jpg,天葵子,性味甘苦寒；归肝胃经；功效：清热解毒、消肿散结。
external\cls_chinese_medicine/train/tiankuizi/yitiankuizi_0589.jpg,天葵子,性味甘苦寒；归肝胃经；功效：清热解毒、消肿散结。
external\cls_chinese_medicine/train/tiankuizi/yitiankuizi_0172.jpg,天葵子,性味甘苦寒；归肝胃经；功效：清热解毒、消肿散结。
external\cls_chinese_medicine/train/tiankuizi/yitiankuizi_1177.jpg,天葵子,性味甘苦寒；归肝胃经；功效：清热解毒、消肿散结。
external\cls_chinese_medicine/train/tiankuizi/yitiankuizi_0369.jpg,天葵子,性味甘苦寒；归肝胃经；功效：清热解毒、消肿散结。
external\cls_chinese_medicine/train/tiankuizi/yitiankuizi_0539.jpg,天葵子,性味甘苦寒；归肝胃经；功效：清热解毒、消肿散结。
external\cls_chinese_medicine/train/tiankuizi/yitiankuizi_0050.jpg,天葵子,性味甘苦寒；归肝胃经；功效：清热解毒、消肿散结。
external\cls_chinese_medicine/train/tiankuizi/yitiankuizi_0389.jpg,天葵子,性味甘苦寒；归肝胃经；功效：清热解毒、消肿散结。
external\cls_chinese_medicine/train/tiankuizi/yitiankuizi_1153.jpg,天葵子,性味甘苦寒；归肝胃经；功效：清热解毒、消肿散结。
external\cls_chinese_medicine/train/tiankuizi/yitiankuizi_0825.jpg,天葵子,性味甘苦寒；归肝胃经；功效：清热解毒、消肿散结。
external\cls_chinese_medicine/train/tiankuizi/yitiankuizi_0809.jpg,天葵子,性味甘苦寒；归肝胃经；功效：清热解毒、消肿散结。
external\cls_chinese_medicine/train/tiankuizi/yitiankuizi_1531.jpg,天葵子,性味甘苦寒；归肝胃经；功效：清热解毒、消肿散结。
external\cls_chinese_medicine/train/tiankuizi/yitiankuizi_1303.jpg,天葵子,性味甘苦寒；归肝胃经；功效：清热解毒、消肿散结。
external\cls_chinese_medicine/train/tiankuizi/yitiankuizi_0517.jpg,天葵子,性味甘苦寒；归肝胃经；功效：清热解毒、消肿散结。
external\cls_chinese_medicine/train/tiankuizi/yitiankuizi_1615.jpg,天葵子,性味甘苦寒；归肝胃经；功效：清热解毒、消肿散结。
external\cls_chinese_medicine/train/tiankuizi/yitiankuizi_0124.jpg,天葵子,性味甘苦寒；归肝胃经；功效：清热解毒、消肿散结。
external\cls_chinese_medicine/train/tiankuizi/yitiankuizi_0353.jpg,天葵子,性味甘苦寒；归肝胃经；功效：清热解毒、消肿散结。
external\cls_chinese_medicine/train/tiankuizi/yitiankuizi_0285.jpg,天葵子,性味甘苦寒；归肝胃经；功效：清热解毒、消肿散结。
external\cls_chinese_medicine/train/tiankuizi/yitiankuizi_1567.jpg,天葵子,性味甘苦寒；归肝胃经；功效：清热解毒、消肿散结。
external\cls_chinese_medicine/train/tiankuizi/yitiankuizi_0886.jpg,天葵子,性味甘苦寒；归肝胃经；功效：清热解毒、消肿散结。
external\cls_chinese_medicine/train/tiankuizi/yitiankuizi_0491.jpg,天葵子,性味甘苦寒；归肝胃经；功效：清热解毒、消肿散结。
external\cls_chinese_medicine/train/tiankuizi/yitiankuizi_0366.jpg,天葵子,性味甘苦寒；归肝胃经；功效：清热解毒、消肿散结。
external\cls_chinese_medicine/train/tiankuizi/yitiankuizi_0969.jpg,天葵子,性味甘苦寒；归肝胃经；功效：清热解毒、消肿散结。
external\cls_chinese_medicine/train/tiankuizi/yitiankuizi_0085.jpg,天葵子,性味甘苦寒；归肝胃经；功效：清热解毒、消肿散结。
external\cls_chinese_medicine/train/tiankuizi/yitiankuizi_1248.jpg,天葵子,性味甘苦寒；归肝胃经；功效：清热解毒、消肿散结。
external\cls_chinese_medicine/train/tiankuizi/yitiankuizi_1494.jpg,天葵子,性味甘苦寒；归肝胃经；功效：清热解毒、消肿散结。
external\cls_chinese_medicine/train/tiankuizi/yitiankuizi_0719.jpg,天葵子,性味甘苦寒；归肝胃经；功效：清热解毒、消肿散结。
external\cls_chinese_medicine/train/tiankuizi/yitiankuizi_0674.jpg,天葵子,性味甘苦寒；归肝胃经；功效：清热解毒、消肿散结。
external\cls_chinese_medicine/train/tiankuizi/yitiankuizi_0472.jpg,天葵子,性味甘苦寒；归肝胃经；功效：清热解毒、消肿散结。
external\cls_chinese_medicine/train/tiankuizi/yitiankuizi_1317.jpg,天葵子,性味甘苦寒；归肝胃经；功效：清热解毒、消肿散结。
external\cls_chinese_medicine/train/tiankuizi/yitiankuizi_0017.jpg,天葵子,性味甘苦寒；归肝胃经；功效：清热解毒、消肿散结。
external\cls_chinese_medicine/train/tiankuizi/yitiankuizi_0636.jpg,天葵子,性味甘苦寒；归肝胃经；功效：清热解毒、消肿散结。
external\cls_chinese_medicine/train/tiankuizi/yitiankuizi_0430.jpg,天葵子,性味甘苦寒；归肝胃经；功效：清热解毒、消肿散结。
external\cls_chinese_medicine/train/tiankuizi/yitiankuizi_1544.jpg,天葵子,性味甘苦寒；归肝胃经；功效：清热解毒、消肿散结。
external\cls_chinese_medicine/train/tiankuizi/yitiankuizi_1551.jpg,天葵子,性味甘苦寒；归肝胃经；功效：清热解毒、消肿散结。
external\cls_chinese_medicine/train/tiankuizi/yitiankuizi_0928.jpg,天葵子,性味甘苦寒；归肝胃经；功效：清热解毒、消肿散结。
external\cls_chinese_medicine/train/tiankuizi/yitiankuizi_0250.jpg,天葵子,性味甘苦寒；归肝胃经；功效：清热解毒、消肿散结。
external\cls_chinese_medicine/train/tiankuizi/yitiankuizi_0612.jpg,天葵子,性味甘苦寒；归肝胃经；功效：清热解毒、消肿散结。
external\cls_chinese_medicine/train/tiankuizi/yitiankuizi_1233.jpg,天葵子,性味甘苦寒；归肝胃经；功效：清热解毒、消肿散结。
external\cls_chinese_medicine/train/tiankuizi/yitiankuizi_0808.jpg,天葵子,性味甘苦寒；归肝胃经；功效：清热解毒、消肿散结。
external\cls_chinese_medicine/train/tiankuizi/yitiankuizi_0598.jpg,天葵子,性味甘苦寒；归肝胃经；功效：清热解毒、消肿散结。
external\cls_chinese_medicine/train/tiankuizi/yitiankuizi_0252.jpg,天葵子,性味甘苦寒；归肝胃经；功效：清热解毒、消肿散结。
external\cls_chinese_medicine/train/tiankuizi/yitiankuizi_0444.jpg,天葵子,性味甘苦寒；归肝胃经；功效：清热解毒、消肿散结。
external\cls_chinese_medicine/train/tiankuizi/yitiankuizi_1351.jpg,天葵子,性味甘苦寒；归肝胃经；功效：清热解毒、消肿散结。
external\cls_chinese_medicine/train/tiankuizi/yitiankuizi_1210.jpg,天葵子,性味甘苦寒；归肝胃经；功效：清热解毒、消肿散结。
external\cls_chinese_medicine/train/tiankuizi/yitiankuizi_1036.jpg,天葵子,性味甘苦寒；归肝胃经；功效：清热解毒、消肿散结。
external\cls_chinese_medicine/train/tiankuizi/yitiankuizi_1114.jpg,天葵子,性味甘苦寒；归肝胃经；功效：清热解毒、消肿散结。
external\cls_chinese_medicine/train/tiankuizi/yitiankuizi_1003.jpg,天葵子,性味甘苦寒；归肝胃经；功效：清热解毒、消肿散结。
external\cls_chinese_medicine/train/tiankuizi/yitiankuizi_1106.jpg,天葵子,性味甘苦寒；归肝胃经；功效：清热解毒、消肿散结。
external\cls_chinese_medicine/train/tiankuizi/yitiankuizi_0576.jpg,天葵子,性味甘苦寒；归肝胃经；功效：清热解毒、消肿散结。
external\cls_chinese_medicine/train/tiankuizi/yitiankuizi_0555.jpg,天葵子,性味甘苦寒；归肝胃经；功效：清热解毒、消肿散结。
external\cls_chinese_medicine/train/tiankuizi/yitiankuizi_0272.jpg,天葵子,性味甘苦寒；归肝胃经；功效：清热解毒、消肿散结。
external\cls_chinese_medicine/train/tiankuizi/yitiankuizi_0062.jpg,天葵子,性味甘苦寒；归肝胃经；功效：清热解毒、消肿散结。
external\cls_chinese_medicine/train/tiankuizi/yitiankuizi_0080.jpg,天葵子,性味甘苦寒；归肝胃经；功效：清热解毒、消肿散结。
external\cls_chinese_medicine/train/tiankuizi/yitiankuizi_1427.jpg,天葵子,性味甘苦寒；归肝胃经；功效：清热解毒、消肿散结。
external\cls_chinese_medicine/train/tiankuizi/yitiankuizi_0441.jpg,天葵子,性味甘苦寒；归肝胃经；功效：清热解毒、消肿散结。
external\cls_chinese_medicine/train/tiankuizi/yitiankuizi_0439.jpg,天葵子,性味甘苦寒；归肝胃经；功效：清热解毒、消肿散结。
external\cls_chinese_medicine/train/tiankuizi/yitiankuizi_1509.jpg,天葵子,性味甘苦寒；归肝胃经；功效：清热解毒、消肿散结。
external\cls_chinese_medicine/train/tiankuizi/yitiankuizi_0049.jpg,天葵子,性味甘苦寒；归肝胃经；功效：清热解毒、消肿散结。
external\cls_chinese_medicine/train/tiankuizi/yitiankuizi_0510.jpg,天葵子,性味甘苦寒；归肝胃经；功效：清热解毒、消肿散结。
external\cls_chinese_medicine/train/tiankuizi/yitiankuizi_0424.jpg,天葵子,性味甘苦寒；归肝胃经；功效：清热解毒、消肿散结。
external\cls_chinese_medicine/train/tiankuizi/yitiankuizi_0976.jpg,天葵子,性味甘苦寒；归肝胃经；功效：清热解毒、消肿散结。
external\cls_chinese_medicine/train/tiankuizi/yitiankuizi_1609.jpg,天葵子,性味甘苦寒；归肝胃经；功效：清热解毒、消肿散结。
external\cls_chinese_medicine/train/tiankuizi/yitiankuizi_0110.jpg,天葵子,性味甘苦寒；归肝胃经；功效：清热解毒、消肿散结。
external\cls_chinese_medicine/train/tiankuizi/yitiankuizi_1486.jpg,天葵子,性味甘苦寒；归肝胃经；功效：清热解毒、消肿散结。
external\cls_chinese_medicine/train/tiankuizi/yitiankuizi_0634.jpg,天葵子,性味甘苦寒；归肝胃经；功效：清热解毒、消肿散结。
external\cls_chinese_medicine/train/tiankuizi/yitiankuizi_0116.jpg,天葵子,性味甘苦寒；归肝胃经；功效：清热解毒、消肿散结。
external\cls_chinese_medicine/train/tiankuizi/yitiankuizi_1007.jpg,天葵子,性味甘苦寒；归肝胃经；功效：清热解毒、消肿散结。
external\cls_chinese_medicine/train/tiankuizi/yitiankuizi_1614.jpg,天葵子,性味甘苦寒；归肝胃经；功效：清热解毒、消肿散结。
external\cls_chinese_medicine/train/tiankuizi/yitiankuizi_0889.jpg,天葵子,性味甘苦寒；归肝胃经；功效：清热解毒、消肿散结。
external\cls_chinese_medicine/train/tiankuizi/yitiankuizi_1275.jpg,天葵子,性味甘苦寒；归肝胃经；功效：清热解毒、消肿散结。
external\cls_chinese_medicine/train/tiankuizi/yitiankuizi_0618.jpg,天葵子,性味甘苦寒；归肝胃经；功效：清热解毒、消肿散结。
external\cls_chinese_medicine/train/tiankuizi/yitiankuizi_1088.jpg,天葵子,性味甘苦寒；归肝胃经；功效：清热解毒、消肿散结。
external\cls_chinese_medicine/train/tiankuizi/yitiankuizi_0180.jpg,天葵子,性味甘苦寒；归肝胃经；功效：清热解毒、消肿散结。
external\cls_chinese_medicine/train/tiankuizi/yitiankuizi_1161.jpg,天葵子,性味甘苦寒；归肝胃经；功效：清热解毒、消肿散结。
external\cls_chinese_medicine/train/tiankuizi/yitiankuizi_0936.jpg,天葵子,性味甘苦寒；归肝胃经；功效：清热解毒、消肿散结。
external\cls_chinese_medicine/train/tiankuizi/yitiankuizi_0137.jpg,天葵子,性味甘苦寒；归肝胃经；功效：清热解毒、消肿散结。
external\cls_chinese_medicine/train/tiankuizi/yitiankuizi_0379.jpg,天葵子,性味甘苦寒；归肝胃经；功效：清热解毒、消肿散结。
external\cls_chinese_medicine/train/tiankuizi/yitiankuizi_0368.jpg,天葵子,性味甘苦寒；归肝胃经；功效：清热解毒、消肿散结。
external\cls_chinese_medicine/train/tiankuizi/yitiankuizi_1497.jpg,天葵子,性味甘苦寒；归肝胃经；功效：清热解毒、消肿散结。
external\cls_chinese_medicine/train/tiankuizi/yitiankuizi_1466.jpg,天葵子,性味甘苦寒；归肝胃经；功效：清热解毒、消肿散结。
external\cls_chinese_medicine/train/tiankuizi/yitiankuizi_1247.jpg,天葵子,性味甘苦寒；归肝胃经；功效：清热解毒、消肿散结。
external\cls_chinese_medicine/train/tiankuizi/yitiankuizi_1335.jpg,天葵子,性味甘苦寒；归肝胃经；功效：清热解毒、消肿散结。
external\cls_chinese_medicine/train/tiankuizi/yitiankuizi_1304.jpg,天葵子,性味甘苦寒；归肝胃经；功效：清热解毒、消肿散结。
external\cls_chinese_medicine/train/tiankuizi/yitiankuizi_0506.jpg,天葵子,性味甘苦寒；归肝胃经；功效：清热解毒、消肿散结。
external\cls_chinese_medicine/train/tiankuizi/yitiankuizi_0257.jpg,天葵子,性味甘苦寒；归肝胃经；功效：清热解毒、消肿散结。
external\cls_chinese_medicine/train/tiankuizi/yitiankuizi_1130.jpg,天葵子,性味甘苦寒；归肝胃经；功效：清热解毒、消肿散结。
external\cls_chinese_medicine/train/tiankuizi/yitiankuizi_0684.jpg,天葵子,性味甘苦寒；归肝胃经；功效：清热解毒、消肿散结。
external\cls_chinese_medicine/train/tiankuizi/yitiankuizi_0533.jpg,天葵子,性味甘苦寒；归肝胃经；功效：清热解毒、消肿散结。
external\cls_chinese_medicine/train/tiankuizi/yitiankuizi_1395.jpg,天葵子,性味甘苦寒；归肝胃经；功效：清热解毒、消肿散结。
external\cls_chinese_medicine/train/tiankuizi/yitiankuizi_0482.jpg,天葵子,性味甘苦寒；归肝胃经；功效：清热解毒、消肿散结。
external\cls_chinese_medicine/train/tiankuizi/yitiankuizi_0274.jpg,天葵子,性味甘苦寒；归肝胃经；功效：清热解毒、消肿散结。
external\cls_chinese_medicine/train/tiankuizi/yitiankuizi_0432.jpg,天葵子,性味甘苦寒；归肝胃经；功效：清热解毒、消肿散结。
external\cls_chinese_medicine/train/tiankuizi/yitiankuizi_1041.jpg,天葵子,性味甘苦寒；归肝胃经；功效：清热解毒、消肿散结。
external\cls_chinese_medicine/train/tiankuizi/yitiankuizi_0699.jpg,天葵子,性味甘苦寒；归肝胃经；功效：清热解毒、消肿散结。
external\cls_chinese_medicine/train/tiankuizi/yitiankuizi_0356.jpg,天葵子,性味甘苦寒；归肝胃经；功效：清热解毒、消肿散结。
external\cls_chinese_medicine/train/tiankuizi/yitiankuizi_1230.jpg,天葵子,性味甘苦寒；归肝胃经；功效：清热解毒、消肿散结。
external\cls_chinese_medicine/train/tiankuizi/yitiankuizi_0036.jpg,天葵子,性味甘苦寒；归肝胃经；功效：清热解毒、消肿散结。
external\cls_chinese_medicine/train/tiankuizi/yitiankuizi_0746.jpg,天葵子,性味甘苦寒；归肝胃经；功效：清热解毒、消肿散结。
external\cls_chinese_medicine/train/tiankuizi/yitiankuizi_0548.jpg,天葵子,性味甘苦寒；归肝胃经；功效：清热解毒、消肿散结。
external\cls_chinese_medicine/train/tiankuizi/yitiankuizi_0702.jpg,天葵子,性味甘苦寒；归肝胃经；功效：清热解毒、消肿散结。
external\cls_chinese_medicine/train/tiankuizi/yitiankuizi_0320.jpg,天葵子,性味甘苦寒；归肝胃经；功效：清热解毒、消肿散结。
external\cls_chinese_medicine/train/tiankuizi/yitiankuizi_1358.jpg,天葵子,性味甘苦寒；归肝胃经；功效：清热解毒、消肿散结。
external\cls_chinese_medicine/train/tiankuizi/yitiankuizi_0703.jpg,天葵子,性味甘苦寒；归肝胃经；功效：清热解毒、消肿散结。
external\cls_chinese_medicine/train/tiankuizi/yitiankuizi_0399.jpg,天葵子,性味甘苦寒；归肝胃经；功效：清热解毒、消肿散结。
external\cls_chinese_medicine/train/tiankuizi/yitiankuizi_1373.jpg,天葵子,性味甘苦寒；归肝胃经；功效：清热解毒、消肿散结。
external\cls_chinese_medicine/train/tiankuizi/yitiankuizi_1482.jpg,天葵子,性味甘苦寒；归肝胃经；功效：清热解毒、消肿散结。
external\cls_chinese_medicine/train/tiankuizi/yitiankuizi_0244.jpg,天葵子,性味甘苦寒；归肝胃经；功效：清热解毒、消肿散结。
external\cls_chinese_medicine/train/tiankuizi/yitiankuizi_1389.jpg,天葵子,性味甘苦寒；归肝胃经；功效：清热解毒、消肿散结。
external\cls_chinese_medicine/train/tiankuizi/yitiankuizi_1599.jpg,天葵子,性味甘苦寒；归肝胃经；功效：清热解毒、消肿散结。
external\cls_chinese_medicine/train/tiankuizi/yitiankuizi_0173.jpg,天葵子,性味甘苦寒；归肝胃经；功效：清热解毒、消肿散结。
external\cls_chinese_medicine/train/tiankuizi/yitiankuizi_1154.jpg,天葵子,性味甘苦寒；归肝胃经；功效：清热解毒、消肿散结。
external\cls_chinese_medicine/train/tiankuizi/yitiankuizi_0514.jpg,天葵子,性味甘苦寒；归肝胃经；功效：清热解毒、消肿散结。
external\cls_chinese_medicine/train/tiankuizi/yitiankuizi_0954.jpg,天葵子,性味甘苦寒；归肝胃经；功效：清热解毒、消肿散结。
external\cls_chinese_medicine/train/tiankuizi/yitiankuizi_0535.jpg,天葵子,性味甘苦寒；归肝胃经；功效：清热解毒、消肿散结。
external\cls_chinese_medicine/train/tiankuizi/yitiankuizi_1285.jpg,天葵子,性味甘苦寒；归肝胃经；功效：清热解毒、消肿散结。
external\cls_chinese_medicine/train/tiankuizi/yitiankuizi_0203.jpg,天葵子,性味甘苦寒；归肝胃经；功效：清热解毒、消肿散结。
external\cls_chinese_medicine/train/tiankuizi/yitiankuizi_0553.jpg,天葵子,性味甘苦寒；归肝胃经；功效：清热解毒、消肿散结。
external\cls_chinese_medicine/train/tiankuizi/yitiankuizi_0069.jpg,天葵子,性味甘苦寒；归肝胃经；功效：清热解毒、消肿散结。
external\cls_chinese_medicine/train/tiankuizi/yitiankuizi_1492.jpg,天葵子,性味甘苦寒；归肝胃经；功效：清热解毒、消肿散结。
external\cls_chinese_medicine/train/tiankuizi/yitiankuizi_1015.jpg,天葵子,性味甘苦寒；归肝胃经；功效：清热解毒、消肿散结。
external\cls_chinese_medicine/train/tiankuizi/yitiankuizi_1023.jpg,天葵子,性味甘苦寒；归肝胃经；功效：清热解毒、消肿散结。
external\cls_chinese_medicine/train/tiankuizi/yitiankuizi_0725.jpg,天葵子,性味甘苦寒；归肝胃经；功效：清热解毒、消肿散结。
external\cls_chinese_medicine/train/tiankuizi/yitiankuizi_0323.jpg,天葵子,性味甘苦寒；归肝胃经；功效：清热解毒、消肿散结。
external\cls_chinese_medicine/train/tiankuizi/yitiankuizi_1572.jpg,天葵子,性味甘苦寒；归肝胃经；功效：清热解毒、消肿散结。
external\cls_chinese_medicine/train/tiankuizi/yitiankuizi_0652.jpg,天葵子,性味甘苦寒；归肝胃经；功效：清热解毒、消肿散结。
external\cls_chinese_medicine/train/tiankuizi/yitiankuizi_1189.jpg,天葵子,性味甘苦寒；归肝胃经；功效：清热解毒、消肿散结。
external\cls_chinese_medicine/train/tiankuizi/yitiankuizi_0231.jpg,天葵子,性味甘苦寒；归肝胃经；功效：清热解毒、消肿散结。
external\cls_chinese_medicine/train/tiankuizi/yitiankuizi_1148.jpg,天葵子,性味甘苦寒；归肝胃经；功效：清热解毒、消肿散结。
external\cls_chinese_medicine/train/tiankuizi/yitiankuizi_1573.jpg,天葵子,性味甘苦寒；归肝胃经；功效：清热解毒、消肿散结。
external\cls_chinese_medicine/train/tiankuizi/yitiankuizi_1479.jpg,天葵子,性味甘苦寒；归肝胃经；功效：清热解毒、消肿散结。
external\cls_chinese_medicine/train/tiankuizi/yitiankuizi_0400.jpg,天葵子,性味甘苦寒；归肝胃经；功效：清热解毒、消肿散结。
external\cls_chinese_medicine/train/tiankuizi/yitiankuizi_1322.jpg,天葵子,性味甘苦寒；归肝胃经；功效：清热解毒、消肿散结。
external\cls_chinese_medicine/train/tiankuizi/yitiankuizi_1338.jpg,天葵子,性味甘苦寒；归肝胃经；功效：清热解毒、消肿散结。
external\cls_chinese_medicine/train/tiankuizi/yitiankuizi_0371.jpg,天葵子,性味甘苦寒；归肝胃经；功效：清热解毒、消肿散结。
external\cls_chinese_medicine/train/tiankuizi/yitiankuizi_1207.jpg,天葵子,性味甘苦寒；归肝胃经；功效：清热解毒、消肿散结。
external\cls_chinese_medicine/train/tiankuizi/yitiankuizi_1185.jpg,天葵子,性味甘苦寒；归肝胃经；功效：清热解毒、消肿散结。
external\cls_chinese_medicine/train/tiankuizi/yitiankuizi_0953.jpg,天葵子,性味甘苦寒；归肝胃经；功效：清热解毒、消肿散结。
external\cls_chinese_medicine/train/tiankuizi/yitiankuizi_0845.jpg,天葵子,性味甘苦寒；归肝胃经；功效：清热解毒、消肿散结。
external\cls_chinese_medicine/train/tiankuizi/yitiankuizi_1125.jpg,天葵子,性味甘苦寒；归肝胃经；功效：清热解毒、消肿散结。
external\cls_chinese_medicine/train/tiankuizi/yitiankuizi_0779.jpg,天葵子,性味甘苦寒；归肝胃经；功效：清热解毒、消肿散结。
external\cls_chinese_medicine/train/tiankuizi/yitiankuizi_1206.jpg,天葵子,性味甘苦寒；归肝胃经；功效：清热解毒、消肿散结。
external\cls_chinese_medicine/train/tiankuizi/yitiankuizi_1246.jpg,天葵子,性味甘苦寒；归肝胃经；功效：清热解毒、消肿散结。
external\cls_chinese_medicine/train/tiankuizi/yitiankuizi_0413.jpg,天葵子,性味甘苦寒；归肝胃经；功效：清热解毒、消肿散结。
external\cls_chinese_medicine/train/tiankuizi/yitiankuizi_0835.jpg,天葵子,性味甘苦寒；归肝胃经；功效：清热解毒、消肿散结。
external\cls_chinese_medicine/train/chaihu/chaihu_1583.jpg,柴胡,性味苦辛微寒；归肝经；功效：疏散退热、疏肝解郁、升举阳气。
external\cls_chinese_medicine/train/chaihu/chaihu_1074.jpg,柴胡,性味苦辛微寒；归肝经；功效：疏散退热、疏肝解郁、升举阳气。
external\cls_chinese_medicine/train/chaihu/chaihu_0367.jpg,柴胡,性味苦辛微寒；归肝经；功效：疏散退热、疏肝解郁、升举阳气。
external\cls_chinese_medicine/train/chaihu/chaihu_0700.jpg,柴胡,性味苦辛微寒；归肝经；功效：疏散退热、疏肝解郁、升举阳气。
external\cls_chinese_medicine/train/chaihu/chaihu_0673.jpg,柴胡,性味苦辛微寒；归肝经；功效：疏散退热、疏肝解郁、升举阳气。
external\cls_chinese_medicine/train/chaihu/chaihu_0250.jpg,柴胡,性味苦辛微寒；归肝经；功效：疏散退热、疏肝解郁、升举阳气。
external\cls_chinese_medicine/train/chaihu/chaihu_0060.jpg,柴胡,性味苦辛微寒；归肝经；功效：疏散退热、疏肝解郁、升举阳气。
external\cls_chinese_medicine/train/chaihu/chaihu_0628.jpg,柴胡,性味苦辛微寒；归肝经；功效：疏散退热、疏肝解郁、升举阳气。
external\cls_chinese_medicine/train/chaihu/chaihu_0242.jpg,柴胡,性味苦辛微寒；归肝经；功效：疏散退热、疏肝解郁、升举阳气。
external\cls_chinese_medicine/train/chaihu/chaihu_0524.jpg,柴胡,性味苦辛微寒；归肝经；功效：疏散退热、疏肝解郁、升举阳气。
external\cls_chinese_medicine/train/chaihu/chaihu_0031.jpg,柴胡,性味苦辛微寒；归肝经；功效：疏散退热、疏肝解郁、升举阳气。
external\cls_chinese_medicine/train/chaihu/chaihu_0365.jpg,柴胡,性味苦辛微寒；归肝经；功效：疏散退热、疏肝解郁、升举阳气。
external\cls_chinese_medicine/train/chaihu/chaihu_1420.jpg,柴胡,性味苦辛微寒；归肝经；功效：疏散退热、疏肝解郁、升举阳气。
external\cls_chinese_medicine/train/chaihu/chaihu_1587.jpg,柴胡,性味苦辛微寒；归肝经；功效：疏散退热、疏肝解郁、升举阳气。
external\cls_chinese_medicine/train/chaihu/chaihu_0876.jpg,柴胡,性味苦辛微寒；归肝经；功效：疏散退热、疏肝解郁、升举阳气。
external\cls_chinese_medicine/train/chaihu/chaihu_0314.jpg,柴胡,性味苦辛微寒；归肝经；功效：疏散退热、疏肝解郁、升举阳气。
external\cls_chinese_medicine/train/chaihu/chaihu_0505.jpg,柴胡,性味苦辛微寒；归肝经；功效：疏散退热、疏肝解郁、升举阳气。
external\cls_chinese_medicine/train/chaihu/chaihu_1097.jpg,柴胡,性味苦辛微寒；归肝经；功效：疏散退热、疏肝解郁、升举阳气。
external\cls_chinese_medicine/train/chaihu/chaihu_1567.jpg,柴胡,性味苦辛微寒；归肝经；功效：疏散退热、疏肝解郁、升举阳气。
external\cls_chinese_medicine/train/chaihu/chaihu_0543.jpg,柴胡,性味苦辛微寒；归肝经；功效：疏散退热、疏肝解郁、升举阳气。
external\cls_chinese_medicine/train/chaihu/chaihu_1481.jpg,柴胡,性味苦辛微寒；归肝经；功效：疏散退热、疏肝解郁、升举阳气。
external\cls_chinese_medicine/train/chaihu/chaihu_0179.jpg,柴胡,性味苦辛微寒；归肝经；功效：疏散退热、疏肝解郁、升举阳气。
external\cls_chinese_medicine/train/chaihu/chaihu_0225.jpg,柴胡,性味苦辛微寒；归肝经；功效：疏散退热、疏肝解郁、升举阳气。
external\cls_chinese_medicine/train/chaihu/chaihu_0684.jpg,柴胡,性味苦辛微寒；归肝经；功效：疏散退热、疏肝解郁、升举阳气。
external\cls_chinese_medicine/train/chaihu/chaihu_1444.jpg,柴胡,性味苦辛微寒；归肝经；功效：疏散退热、疏肝解郁、升举阳气。
external\cls_chinese_medicine/train/chaihu/chaihu_0395.jpg,柴胡,性味苦辛微寒；归肝经；功效：疏散退热、疏肝解郁、升举阳气。
external\cls_chinese_medicine/train/chaihu/chaihu_1091.jpg,柴胡,性味苦辛微寒；归肝经；功效：疏散退热、疏肝解郁、升举阳气。
external\cls_chinese_medicine/train/chaihu/chaihu_0286.jpg,柴胡,性味苦辛微寒；归肝经；功效：疏散退热、疏肝解郁、升举阳气。
external\cls_chinese_medicine/train/chaihu/chaihu_1314.jpg,柴胡,性味苦辛微寒；归肝经；功效：疏散退热、疏肝解郁、升举阳气。
external\cls_chinese_medicine/train/chaihu/chaihu_1112.jpg,柴胡,性味苦辛微寒；归肝经；功效：疏散退热、疏肝解郁、升举阳气。
external\cls_chinese_medicine/train/chaihu/chaihu_1155.jpg,柴胡,性味苦辛微寒；归肝经；功效：疏散退热、疏肝解郁、升举阳气。
external\cls_chinese_medicine/train/chaihu/chaihu_0127.jpg,柴胡,性味苦辛微寒；归肝经；功效：疏散退热、疏肝解郁、升举阳气。
external\cls_chinese_medicine/train/chaihu/chaihu_0309.jpg,柴胡,性味苦辛微寒；归肝经；功效：疏散退热、疏肝解郁、升举阳气。
external\cls_chinese_medicine/train/chaihu/chaihu_0620.jpg,柴胡,性味苦辛微寒；归肝经；功效：疏散退热、疏肝解郁、升举阳气。
external\cls_chinese_medicine/train/chaihu/chaihu_1187.jpg,柴胡,性味苦辛微寒；归肝经；功效：疏散退热、疏肝解郁、升举阳气。
external\cls_chinese_medicine/train/chaihu/chaihu_1457.jpg,柴胡,性味苦辛微寒；归肝经；功效：疏散退热、疏肝解郁、升举阳气。
external\cls_chinese_medicine/train/chaihu/chaihu_1032.jpg,柴胡,性味苦辛微寒；归肝经；功效：疏散退热、疏肝解郁、升举阳气。
external\cls_chinese_medicine/train/chaihu/chaihu_1482.jpg,柴胡,性味苦辛微寒；归肝经；功效：疏散退热、疏肝解郁、升举阳气。
external\cls_chinese_medicine/train/chaihu/chaihu_0846.jpg,柴胡,性味苦辛微寒；归肝经；功效：疏散退热、疏肝解郁、升举阳气。
external\cls_chinese_medicine/train/chaihu/chaihu_0589.jpg,柴胡,性味苦辛微寒；归肝经；功效：疏散退热、疏肝解郁、升举阳气。
external\cls_chinese_medicine/train/chaihu/chaihu_0066.jpg,柴胡,性味苦辛微寒；归肝经；功效：疏散退热、疏肝解郁、升举阳气。
external\cls_chinese_medicine/train/chaihu/chaihu_0145.jpg,柴胡,性味苦辛微寒；归肝经；功效：疏散退热、疏肝解郁、升举阳气。
external\cls_chinese_medicine/train/chaihu/chaihu_0816.jpg,柴胡,性味苦辛微寒；归肝经；功效：疏散退热、疏肝解郁、升举阳气。
external\cls_chinese_medicine/train/chaihu/chaihu_0408.jpg,柴胡,性味苦辛微寒；归肝经；功效：疏散退热、疏肝解郁、升举阳气。
external\cls_chinese_medicine/train/chaihu/chaihu_0285.jpg,柴胡,性味苦辛微寒；归肝经；功效：疏散退热、疏肝解郁、升举阳气。
external\cls_chinese_medicine/train/chaihu/chaihu_1146.jpg,柴胡,性味苦辛微寒；归肝经；功效：疏散退热、疏肝解郁、升举阳气。
external\cls_chinese_medicine/train/chaihu/chaihu_0659.jpg,柴胡,性味苦辛微寒；归肝经；功效：疏散退热、疏肝解郁、升举阳气。
external\cls_chinese_medicine/train/chaihu/chaihu_0789.jpg,柴胡,性味苦辛微寒；归肝经；功效：疏散退热、疏肝解郁、升举阳气。
external\cls_chinese_medicine/train/chaihu/chaihu_0366.jpg,柴胡,性味苦辛微寒；归肝经；功效：疏散退热、疏肝解郁、升举阳气。
external\cls_chinese_medicine/train/chaihu/chaihu_0166.jpg,柴胡,性味苦辛微寒；归肝经；功效：疏散退热、疏肝解郁、升举阳气。
external\cls_chinese_medicine/train/chaihu/chaihu_1352.jpg,柴胡,性味苦辛微寒；归肝经；功效：疏散退热、疏肝解郁、升举阳气。
external\cls_chinese_medicine/train/chaihu/chaihu_0188.jpg,柴胡,性味苦辛微寒；归肝经；功效：疏散退热、疏肝解郁、升举阳气。
external\cls_chinese_medicine/train/chaihu/chaihu_1303.jpg,柴胡,性味苦辛微寒；归肝经；功效：疏散退热、疏肝解郁、升举阳气。
external\cls_chinese_medicine/train/chaihu/chaihu_1267.jpg,柴胡,性味苦辛微寒；归肝经；功效：疏散退热、疏肝解郁、升举阳气。
external\cls_chinese_medicine/train/chaihu/chaihu_0208.jpg,柴胡,性味苦辛微寒；归肝经；功效：疏散退热、疏肝解郁、升举阳气。
external\cls_chinese_medicine/train/chaihu/chaihu_0539.jpg,柴胡,性味苦辛微寒；归肝经；功效：疏散退热、疏肝解郁、升举阳气。
external\cls_chinese_medicine/train/chaihu/chaihu_0817.jpg,柴胡,性味苦辛微寒；归肝经；功效：疏散退热、疏肝解郁、升举阳气。
external\cls_chinese_medicine/train/chaihu/chaihu_0645.jpg,柴胡,性味苦辛微寒；归肝经；功效：疏散退热、疏肝解郁、升举阳气。
external\cls_chinese_medicine/train/chaihu/chaihu_1465.jpg,柴胡,性味苦辛微寒；归肝经；功效：疏散退热、疏肝解郁、升举阳气。
external\cls_chinese_medicine/train/chaihu/chaihu_1166.jpg,柴胡,性味苦辛微寒；归肝经；功效：疏散退热、疏肝解郁、升举阳气。
external\cls_chinese_medicine/train/chaihu/chaihu_0271.jpg,柴胡,性味苦辛微寒；归肝经；功效：疏散退热、疏肝解郁、升举阳气。
external\cls_chinese_medicine/train/chaihu/chaihu_0582.jpg,柴胡,性味苦辛微寒；归肝经；功效：疏散退热、疏肝解郁、升举阳气。
external\cls_chinese_medicine/train/chaihu/chaihu_0024.jpg,柴胡,性味苦辛微寒；归肝经；功效：疏散退热、疏肝解郁、升举阳气。
external\cls_chinese_medicine/train/chaihu/chaihu_1334.jpg,柴胡,性味苦辛微寒；归肝经；功效：疏散退热、疏肝解郁、升举阳气。
external\cls_chinese_medicine/train/chaihu/chaihu_1530.jpg,柴胡,性味苦辛微寒；归肝经；功效：疏散退热、疏肝解郁、升举阳气。
external\cls_chinese_medicine/train/chaihu/chaihu_0050.jpg,柴胡,性味苦辛微寒；归肝经；功效：疏散退热、疏肝解郁、升举阳气。
external\cls_chinese_medicine/train/chaihu/chaihu_0317.jpg,柴胡,性味苦辛微寒；归肝经；功效：疏散退热、疏肝解郁、升举阳气。
external\cls_chinese_medicine/train/chaihu/chaihu_0101.jpg,柴胡,性味苦辛微寒；归肝经；功效：疏散退热、疏肝解郁、升举阳气。
external\cls_chinese_medicine/train/chaihu/chaihu_1141.jpg,柴胡,性味苦辛微寒；归肝经；功效：疏散退热、疏肝解郁、升举阳气。
external\cls_chinese_medicine/train/chaihu/chaihu_1412.jpg,柴胡,性味苦辛微寒；归肝经；功效：疏散退热、疏肝解郁、升举阳气。
external\cls_chinese_medicine/train/chaihu/chaihu_1513.jpg,柴胡,性味苦辛微寒；归肝经；功效：疏散退热、疏肝解郁、升举阳气。
external\cls_chinese_medicine/train/chaihu/chaihu_0448.jpg,柴胡,性味苦辛微寒；归肝经；功效：疏散退热、疏肝解郁、升举阳气。
external\cls_chinese_medicine/train/chaihu/chaihu_0725.jpg,柴胡,性味苦辛微寒；归肝经；功效：疏散退热、疏肝解郁、升举阳气。
external\cls_chinese_medicine/train/chaihu/chaihu_0869.jpg,柴胡,性味苦辛微寒；归肝经；功效：疏散退热、疏肝解郁、升举阳气。
external\cls_chinese_medicine/train/chaihu/chaihu_0517.jpg,柴胡,性味苦辛微寒；归肝经；功效：疏散退热、疏肝解郁、升举阳气。
external\cls_chinese_medicine/train/chaihu/chaihu_1031.jpg,柴胡,性味苦辛微寒；归肝经；功效：疏散退热、疏肝解郁、升举阳气。
external\cls_chinese_medicine/train/chaihu/chaihu_0172.jpg,柴胡,性味苦辛微寒；归肝经；功效：疏散退热、疏肝解郁、升举阳气。
external\cls_chinese_medicine/train/chaihu/chaihu_1429.jpg,柴胡,性味苦辛微寒；归肝经；功效：疏散退热、疏肝解郁、升举阳气。
external\cls_chinese_medicine/train/chaihu/chaihu_0561.jpg,柴胡,性味苦辛微寒；归肝经；功效：疏散退热、疏肝解郁、升举阳气。
external\cls_chinese_medicine/train/chaihu/chaihu_0388.jpg,柴胡,性味苦辛微寒；归肝经；功效：疏散退热、疏肝解郁、升举阳气。
external\cls_chinese_medicine/train/chaihu/chaihu_1229.jpg,柴胡,性味苦辛微寒；归肝经；功效：疏散退热、疏肝解郁、升举阳气。
external\cls_chinese_medicine/train/chaihu/chaihu_0594.jpg,柴胡,性味苦辛微寒；归肝经；功效：疏散退热、疏肝解郁、升举阳气。
external\cls_chinese_medicine/train/chaihu/chaihu_0666.jpg,柴胡,性味苦辛微寒；归肝经；功效：疏散退热、疏肝解郁、升举阳气。
external\cls_chinese_medicine/train/chaihu/chaihu_1182.jpg,柴胡,性味苦辛微寒；归肝经；功效：疏散退热、疏肝解郁、升举阳气。
external\cls_chinese_medicine/train/chaihu/chaihu_0712.jpg,柴胡,性味苦辛微寒；归肝经；功效：疏散退热、疏肝解郁、升举阳气。
external\cls_chinese_medicine/train/chaihu/chaihu_0244.jpg,柴胡,性味苦辛微寒；归肝经；功效：疏散退热、疏肝解郁、升举阳气。
external\cls_chinese_medicine/train/chaihu/chaihu_0052.jpg,柴胡,性味苦辛微寒；归肝经；功效：疏散退热、疏肝解郁、升举阳气。
external\cls_chinese_medicine/train/chaihu/chaihu_0071.jpg,柴胡,性味苦辛微寒；归肝经；功效：疏散退热、疏肝解郁、升举阳气。
external\cls_chinese_medicine/train/chaihu/chaihu_0656.jpg,柴胡,性味苦辛微寒；归肝经；功效：疏散退热、疏肝解郁、升举阳气。
external\cls_chinese_medicine/train/chaihu/chaihu_0078.jpg,柴胡,性味苦辛微寒；归肝经；功效：疏散退热、疏肝解郁、升举阳气。
external\cls_chinese_medicine/train/chaihu/chaihu_0904.jpg,柴胡,性味苦辛微寒；归肝经；功效：疏散退热、疏肝解郁、升举阳气。
external\cls_chinese_medicine/train/chaihu/chaihu_0637.jpg,柴胡,性味苦辛微寒；归肝经；功效：疏散退热、疏肝解郁、升举阳气。
external\cls_chinese_medicine/train/chaihu/chaihu_0901.jpg,柴胡,性味苦辛微寒；归肝经；功效：疏散退热、疏肝解郁、升举阳气。
external\cls_chinese_medicine/train/chaihu/chaihu_0177.jpg,柴胡,性味苦辛微寒；归肝经；功效：疏散退热、疏肝解郁、升举阳气。
external\cls_chinese_medicine/train/chaihu/chaihu_0428.jpg,柴胡,性味苦辛微寒；归肝经；功效：疏散退热、疏肝解郁、升举阳气。
external\cls_chinese_medicine/train/chaihu/chaihu_1135.jpg,柴胡,性味苦辛微寒；归肝经；功效：疏散退热、疏肝解郁、升举阳气。
external\cls_chinese_medicine/train/chaihu/chaihu_0139.jpg,柴胡,性味苦辛微寒；归肝经；功效：疏散退热、疏肝解郁、升举阳气。
external\cls_chinese_medicine/train/chaihu/chaihu_1223.jpg,柴胡,性味苦辛微寒；归肝经；功效：疏散退热、疏肝解郁、升举阳气。
external\cls_chinese_medicine/train/chaihu/chaihu_1599.jpg,柴胡,性味苦辛微寒；归肝经；功效：疏散退热、疏肝解郁、升举阳气。
external\cls_chinese_medicine/train/chaihu/chaihu_0354.jpg,柴胡,性味苦辛微寒；归肝经；功效：疏散退热、疏肝解郁、升举阳气。
external\cls_chinese_medicine/train/chaihu/chaihu_1133.jpg,柴胡,性味苦辛微寒；归肝经；功效：疏散退热、疏肝解郁、升举阳气。
external\cls_chinese_medicine/train/chaihu/chaihu_0397.jpg,柴胡,性味苦辛微寒；归肝经；功效：疏散退热、疏肝解郁、升举阳气。
external\cls_chinese_medicine/train/chaihu/chaihu_1609.jpg,柴胡,性味苦辛微寒；归肝经；功效：疏散退热、疏肝解郁、升举阳气。
external\cls_chinese_medicine/train/chaihu/chaihu_0815.jpg,柴胡,性味苦辛微寒；归肝经；功效：疏散退热、疏肝解郁、升举阳气。
external\cls_chinese_medicine/train/chaihu/chaihu_1568.jpg,柴胡,性味苦辛微寒；归肝经；功效：疏散退热、疏肝解郁、升举阳气。
external\cls_chinese_medicine/train/chaihu/chaihu_0126.jpg,柴胡,性味苦辛微寒；归肝经；功效：疏散退热、疏肝解郁、升举阳气。
external\cls_chinese_medicine/train/chaihu/chaihu_0739.jpg,柴胡,性味苦辛微寒；归肝经；功效：疏散退热、疏肝解郁、升举阳气。
external\cls_chinese_medicine/train/chaihu/chaihu_0969.jpg,柴胡,性味苦辛微寒；归肝经；功效：疏散退热、疏肝解郁、升举阳气。
external\cls_chinese_medicine/train/chaihu/chaihu_0506.jpg,柴胡,性味苦辛微寒；归肝经；功效：疏散退热、疏肝解郁、升举阳气。
external\cls_chinese_medicine/train/chaihu/chaihu_1017.jpg,柴胡,性味苦辛微寒；归肝经；功效：疏散退热、疏肝解郁、升举阳气。
external\cls_chinese_medicine/train/chaihu/chaihu_1544.jpg,柴胡,性味苦辛微寒；归肝经；功效：疏散退热、疏肝解郁、升举阳气。
external\cls_chinese_medicine/train/chaihu/chaihu_0758.jpg,柴胡,性味苦辛微寒；归肝经；功效：疏散退热、疏肝解郁、升举阳气。
external\cls_chinese_medicine/train/chaihu/chaihu_0710.jpg,柴胡,性味苦辛微寒；归肝经；功效：疏散退热、疏肝解郁、升举阳气。
external\cls_chinese_medicine/train/chaihu/chaihu_1080.jpg,柴胡,性味苦辛微寒；归肝经；功效：疏散退热、疏肝解郁、升举阳气。
external\cls_chinese_medicine/train/chaihu/chaihu_0521.jpg,柴胡,性味苦辛微寒；归肝经；功效：疏散退热、疏肝解郁、升举阳气。
external\cls_chinese_medicine/train/chaihu/chaihu_0902.jpg,柴胡,性味苦辛微寒；归肝经；功效：疏散退热、疏肝解郁、升举阳气。
external\cls_chinese_medicine/train/chaihu/chaihu_0068.jpg,柴胡,性味苦辛微寒；归肝经；功效：疏散退热、疏肝解郁、升举阳气。
external\cls_chinese_medicine/train/chaihu/chaihu_1047.jpg,柴胡,性味苦辛微寒；归肝经；功效：疏散退热、疏肝解郁、升举阳气。
external\cls_chinese_medicine/train/chaihu/chaihu_0030.jpg,柴胡,性味苦辛微寒；归肝经；功效：疏散退热、疏肝解郁、升举阳气。
external\cls_chinese_medicine/train/chaihu/chaihu_1496.jpg,柴胡,性味苦辛微寒；归肝经；功效：疏散退热、疏肝解郁、升举阳气。
external\cls_chinese_medicine/train/chaihu/chaihu_1151.jpg,柴胡,性味苦辛微寒；归肝经；功效：疏散退热、疏肝解郁、升举阳气。
external\cls_chinese_medicine/train/chaihu/chaihu_0979.jpg,柴胡,性味苦辛微寒；归肝经；功效：疏散退热、疏肝解郁、升举阳气。
external\cls_chinese_medicine/train/chaihu/chaihu_0732.jpg,柴胡,性味苦辛微寒；归肝经；功效：疏散退热、疏肝解郁、升举阳气。
external\cls_chinese_medicine/train/chaihu/chaihu_0807.jpg,柴胡,性味苦辛微寒；归肝经；功效：疏散退热、疏肝解郁、升举阳气。
external\cls_chinese_medicine/train/chaihu/chaihu_1221.jpg,柴胡,性味苦辛微寒；归肝经；功效：疏散退热、疏肝解郁、升举阳气。
external\cls_chinese_medicine/train/chaihu/chaihu_1336.jpg,柴胡,性味苦辛微寒；归肝经；功效：疏散退热、疏肝解郁、升举阳气。
external\cls_chinese_medicine/train/chaihu/chaihu_0604.jpg,柴胡,性味苦辛微寒；归肝经；功效：疏散退热、疏肝解郁、升举阳气。
external\cls_chinese_medicine/train/chaihu/chaihu_1161.jpg,柴胡,性味苦辛微寒；归肝经；功效：疏散退热、疏肝解郁、升举阳气。
external\cls_chinese_medicine/train/chaihu/chaihu_0852.jpg,柴胡,性味苦辛微寒；归肝经；功效：疏散退热、疏肝解郁、升举阳气。
external\cls_chinese_medicine/train/chaihu/chaihu_0509.jpg,柴胡,性味苦辛微寒；归肝经；功效：疏散退热、疏肝解郁、升举阳气。
external\cls_chinese_medicine/train/chaihu/chaihu_0764.jpg,柴胡,性味苦辛微寒；归肝经；功效：疏散退热、疏肝解郁、升举阳气。
external\cls_chinese_medicine/train/chaihu/chaihu_0439.jpg,柴胡,性味苦辛微寒；归肝经；功效：疏散退热、疏肝解郁、升举阳气。
external\cls_chinese_medicine/train/chaihu/chaihu_0968.jpg,柴胡,性味苦辛微寒；归肝经；功效：疏散退热、疏肝解郁、升举阳气。
external\cls_chinese_medicine/train/chaihu/chaihu_0380.jpg,柴胡,性味苦辛微寒；归肝经；功效：疏散退热、疏肝解郁、升举阳气。
external\cls_chinese_medicine/train/chaihu/chaihu_1153.jpg,柴胡,性味苦辛微寒；归肝经；功效：疏散退热、疏肝解郁、升举阳气。
external\cls_chinese_medicine/train/chaihu/chaihu_0434.jpg,柴胡,性味苦辛微寒；归肝经；功效：疏散退热、疏肝解郁、升举阳气。
external\cls_chinese_medicine/train/chaihu/chaihu_1402.jpg,柴胡,性味苦辛微寒；归肝经；功效：疏散退热、疏肝解郁、升举阳气。
external\cls_chinese_medicine/train/chaihu/chaihu_0363.jpg,柴胡,性味苦辛微寒；归肝经；功效：疏散退热、疏肝解郁、升举阳气。
external\cls_chinese_medicine/train/chaihu/chaihu_1380.jpg,柴胡,性味苦辛微寒；归肝经；功效：疏散退热、疏肝解郁、升举阳气。
external\cls_chinese_medicine/train/chaihu/chaihu_0860.jpg,柴胡,性味苦辛微寒；归肝经；功效：疏散退热、疏肝解郁、升举阳气。
external\cls_chinese_medicine/train/chaihu/chaihu_0952.jpg,柴胡,性味苦辛微寒；归肝经；功效：疏散退热、疏肝解郁、升举阳气。
external\cls_chinese_medicine/train/chaihu/chaihu_0203.jpg,柴胡,性味苦辛微寒；归肝经；功效：疏散退热、疏肝解郁、升举阳气。
external\cls_chinese_medicine/train/chaihu/chaihu_1511.jpg,柴胡,性味苦辛微寒；归肝经；功效：疏散退热、疏肝解郁、升举阳气。
external\cls_chinese_medicine/train/chaihu/chaihu_1535.jpg,柴胡,性味苦辛微寒；归肝经；功效：疏散退热、疏肝解郁、升举阳气。
external\cls_chinese_medicine/train/chaihu/chaihu_0997.jpg,柴胡,性味苦辛微寒；归肝经；功效：疏散退热、疏肝解郁、升举阳气。
external\cls_chinese_medicine/train/chaihu/chaihu_1296.jpg,柴胡,性味苦辛微寒；归肝经；功效：疏散退热、疏肝解郁、升举阳气。
external\cls_chinese_medicine/train/chaihu/chaihu_0788.jpg,柴胡,性味苦辛微寒；归肝经；功效：疏散退热、疏肝解郁、升举阳气。
external\cls_chinese_medicine/train/chaihu/chaihu_1588.jpg,柴胡,性味苦辛微寒；归肝经；功效：疏散退热、疏肝解郁、升举阳气。
external\cls_chinese_medicine/train/chaihu/chaihu_1230.jpg,柴胡,性味苦辛微寒；归肝经；功效：疏散退热、疏肝解郁、升举阳气。
external\cls_chinese_medicine/train/chaihu/chaihu_0778.jpg,柴胡,性味苦辛微寒；归肝经；功效：疏散退热、疏肝解郁、升举阳气。
external\cls_chinese_medicine/train/chaihu/chaihu_0538.jpg,柴胡,性味苦辛微寒；归肝经；功效：疏散退热、疏肝解郁、升举阳气。
external\cls_chinese_medicine/train/chaihu/chaihu_1226.jpg,柴胡,性味苦辛微寒；归肝经；功效：疏散退热、疏肝解郁、升举阳气。
external\cls_chinese_medicine/train/chaihu/chaihu_1512.jpg,柴胡,性味苦辛微寒；归肝经；功效：疏散退热、疏肝解郁、升举阳气。
external\cls_chinese_medicine/train/chaihu/chaihu_0560.jpg,柴胡,性味苦辛微寒；归肝经；功效：疏散退热、疏肝解郁、升举阳气。
external\cls_chinese_medicine/train/chaihu/chaihu_0245.jpg,柴胡,性味苦辛微寒；归肝经；功效：疏散退热、疏肝解郁、升举阳气。
external\cls_chinese_medicine/train/chaihu/chaihu_0045.jpg,柴胡,性味苦辛微寒；归肝经；功效：疏散退热、疏肝解郁、升举阳气。
external\cls_chinese_medicine/train/chaihu/chaihu_1479.jpg,柴胡,性味苦辛微寒；归肝经；功效：疏散退热、疏肝解郁、升举阳气。
external\cls_chinese_medicine/train/chaihu/chaihu_0253.jpg,柴胡,性味苦辛微寒；归肝经；功效：疏散退热、疏肝解郁、升举阳气。
external\cls_chinese_medicine/train/chaihu/chaihu_1428.jpg,柴胡,性味苦辛微寒；归肝经；功效：疏散退热、疏肝解郁、升举阳气。
external\cls_chinese_medicine/train/chaihu/chaihu_1210.jpg,柴胡,性味苦辛微寒；归肝经；功效：疏散退热、疏肝解郁、升举阳气。
external\cls_chinese_medicine/train/chaihu/chaihu_0996.jpg,柴胡,性味苦辛微寒；归肝经；功效：疏散退热、疏肝解郁、升举阳气。
external\cls_chinese_medicine/train/chaihu/chaihu_1052.jpg,柴胡,性味苦辛微寒；归肝经；功效：疏散退热、疏肝解郁、升举阳气。
external\cls_chinese_medicine/train/chaihu/chaihu_0514.jpg,柴胡,性味苦辛微寒；归肝经；功效：疏散退热、疏肝解郁、升举阳气。
external\cls_chinese_medicine/train/chaihu/chaihu_0118.jpg,柴胡,性味苦辛微寒；归肝经；功效：疏散退热、疏肝解郁、升举阳气。
external\cls_chinese_medicine/train/chaihu/chaihu_0351.jpg,柴胡,性味苦辛微寒；归肝经；功效：疏散退热、疏肝解郁、升举阳气。
external\cls_chinese_medicine/train/chaihu/chaihu_0189.jpg,柴胡,性味苦辛微寒；归肝经；功效：疏散退热、疏肝解郁、升举阳气。
external\cls_chinese_medicine/train/chaihu/chaihu_1255.jpg,柴胡,性味苦辛微寒；归肝经；功效：疏散退热、疏肝解郁、升举阳气。
external\cls_chinese_medicine/train/chaihu/chaihu_1322.jpg,柴胡,性味苦辛微寒；归肝经；功效：疏散退热、疏肝解郁、升举阳气。
external\cls_chinese_medicine/train/chaihu/chaihu_0618.jpg,柴胡,性味苦辛微寒；归肝经；功效：疏散退热、疏肝解郁、升举阳气。
external\cls_chinese_medicine/train/chaihu/chaihu_1168.jpg,柴胡,性味苦辛微寒；归肝经；功效：疏散退热、疏肝解郁、升举阳气。
external\cls_chinese_medicine/train/chaihu/chaihu_1247.jpg,柴胡,性味苦辛微寒；归肝经；功效：疏散退热、疏肝解郁、升举阳气。
external\cls_chinese_medicine/train/chaihu/chaihu_0080.jpg,柴胡,性味苦辛微寒；归肝经；功效：疏散退热、疏肝解郁、升举阳气。
external\cls_chinese_medicine/train/chaihu/chaihu_0374.jpg,柴胡,性味苦辛微寒；归肝经；功效：疏散退热、疏肝解郁、升举阳气。
external\cls_chinese_medicine/train/chaihu/chaihu_1596.jpg,柴胡,性味苦辛微寒；归肝经；功效：疏散退热、疏肝解郁、升举阳气。
external\cls_chinese_medicine/train/chaihu/chaihu_1575.jpg,柴胡,性味苦辛微寒；归肝经；功效：疏散退热、疏肝解郁、升举阳气。
external\cls_chinese_medicine/train/chaihu/chaihu_0799.jpg,柴胡,性味苦辛微寒；归肝经；功效：疏散退热、疏肝解郁、升举阳气。
external\cls_chinese_medicine/train/chaihu/chaihu_0626.jpg,柴胡,性味苦辛微寒；归肝经；功效：疏散退热、疏肝解郁、升举阳气。
external\cls_chinese_medicine/train/chaihu/chaihu_0820.jpg,柴胡,性味苦辛微寒；归肝经；功效：疏散退热、疏肝解郁、升举阳气。
external\cls_chinese_medicine/train/chaihu/chaihu_0016.jpg,柴胡,性味苦辛微寒；归肝经；功效：疏散退热、疏肝解郁、升举阳气。
external\cls_chinese_medicine/train/chaihu/chaihu_1447.jpg,柴胡,性味苦辛微寒；归肝经；功效：疏散退热、疏肝解郁、升举阳气。
external\cls_chinese_medicine/train/chaihu/chaihu_1248.jpg,柴胡,性味苦辛微寒；归肝经；功效：疏散退热、疏肝解郁、升举阳气。
external\cls_chinese_medicine/train/chaihu/chaihu_0202.jpg,柴胡,性味苦辛微寒；归肝经；功效：疏散退热、疏肝解郁、升举阳气。
external\cls_chinese_medicine/train/chaihu/chaihu_1270.jpg,柴胡,性味苦辛微寒；归肝经；功效：疏散退热、疏肝解郁、升举阳气。
external\cls_chinese_medicine/train/chaihu/chaihu_0336.jpg,柴胡,性味苦辛微寒；归肝经；功效：疏散退热、疏肝解郁、升举阳气。
external\cls_chinese_medicine/train/chaihu/chaihu_0576.jpg,柴胡,性味苦辛微寒；归肝经；功效：疏散退热、疏肝解郁、升举阳气。
external\cls_chinese_medicine/train/chaihu/chaihu_0320.jpg,柴胡,性味苦辛微寒；归肝经；功效：疏散退热、疏肝解郁、升举阳气。
external\cls_chinese_medicine/train/chaihu/chaihu_1548.jpg,柴胡,性味苦辛微寒；归肝经；功效：疏散退热、疏肝解郁、升举阳气。
external\cls_chinese_medicine/train/chaihu/chaihu_0449.jpg,柴胡,性味苦辛微寒；归肝经；功效：疏散退热、疏肝解郁、升举阳气。
external\cls_chinese_medicine/train/chaihu/chaihu_0598.jpg,柴胡,性味苦辛微寒；归肝经；功效：疏散退热、疏肝解郁、升举阳气。
external\cls_chinese_medicine/train/chaihu/chaihu_1615.jpg,柴胡,性味苦辛微寒；归肝经；功效：疏散退热、疏肝解郁、升举阳气。
external\cls_chinese_medicine/train/chaihu/chaihu_0432.jpg,柴胡,性味苦辛微寒；归肝经；功效：疏散退热、疏肝解郁、升举阳气。
external\cls_chinese_medicine/train/chaihu/chaihu_1502.jpg,柴胡,性味苦辛微寒；归肝经；功效：疏散退热、疏肝解郁、升举阳气。
external\cls_chinese_medicine/train/chaihu/chaihu_0269.jpg,柴胡,性味苦辛微寒；归肝经；功效：疏散退热、疏肝解郁、升举阳气。
external\cls_chinese_medicine/train/chaihu/chaihu_0381.jpg,柴胡,性味苦辛微寒；归肝经；功效：疏散退热、疏肝解郁、升举阳气。
external\cls_chinese_medicine/train/chaihu/chaihu_0884.jpg,柴胡,性味苦辛微寒；归肝经；功效：疏散退热、疏肝解郁、升举阳气。
external\cls_chinese_medicine/train/chaihu/chaihu_0999.jpg,柴胡,性味苦辛微寒；归肝经；功效：疏散退热、疏肝解郁、升举阳气。
external\cls_chinese_medicine/train/chaihu/chaihu_1456.jpg,柴胡,性味苦辛微寒；归肝经；功效：疏散退热、疏肝解郁、升举阳气。
external\cls_chinese_medicine/train/chaihu/chaihu_0991.jpg,柴胡,性味苦辛微寒；归肝经；功效：疏散退热、疏肝解郁、升举阳气。
external\cls_chinese_medicine/train/chaihu/chaihu_0555.jpg,柴胡,性味苦辛微寒；归肝经；功效：疏散退热、疏肝解郁、升举阳气。
external\cls_chinese_medicine/train/chaihu/chaihu_0864.jpg,柴胡,性味苦辛微寒；归肝经；功效：疏散退热、疏肝解郁、升举阳气。
external\cls_chinese_medicine/train/chaihu/chaihu_0057.jpg,柴胡,性味苦辛微寒；归肝经；功效：疏散退热、疏肝解郁、升举阳气。
external\cls_chinese_medicine/train/chaihu/chaihu_0074.jpg,柴胡,性味苦辛微寒；归肝经；功效：疏散退热、疏肝解郁、升举阳气。
external\cls_chinese_medicine/train/chaihu/chaihu_0962.jpg,柴胡,性味苦辛微寒；归肝经；功效：疏散退热、疏肝解郁、升举阳气。
external\cls_chinese_medicine/train/chaihu/chaihu_0552.jpg,柴胡,性味苦辛微寒；归肝经；功效：疏散退热、疏肝解郁、升举阳气。
external\cls_chinese_medicine/train/chaihu/chaihu_1013.jpg,柴胡,性味苦辛微寒；归肝经；功效：疏散退热、疏肝解郁、升举阳气。
external\cls_chinese_medicine/train/chaihu/chaihu_0396.jpg,柴胡,性味苦辛微寒；归肝经；功效：疏散退热、疏肝解郁、升举阳气。
external\cls_chinese_medicine/train/chaihu/chaihu_0044.jpg,柴胡,性味苦辛微寒；归肝经；功效：疏散退热、疏肝解郁、升举阳气。
external\cls_chinese_medicine/train/chaihu/chaihu_0627.jpg,柴胡,性味苦辛微寒；归肝经；功效：疏散退热、疏肝解郁、升举阳气。
external\cls_chinese_medicine/train/chaihu/chaihu_0709.jpg,柴胡,性味苦辛微寒；归肝经；功效：疏散退热、疏肝解郁、升举阳气。
external\cls_chinese_medicine/train/chaihu/chaihu_1277.jpg,柴胡,性味苦辛微寒；归肝经；功效：疏散退热、疏肝解郁、升举阳气。
external\cls_chinese_medicine/train/chaihu/chaihu_1381.jpg,柴胡,性味苦辛微寒；归肝经；功效：疏散退热、疏肝解郁、升举阳气。
external\cls_chinese_medicine/train/chaihu/chaihu_0103.jpg,柴胡,性味苦辛微寒；归肝经；功效：疏散退热、疏肝解郁、升举阳气。
external\cls_chinese_medicine/train/chaihu/chaihu_0752.jpg,柴胡,性味苦辛微寒；归肝经；功效：疏散退热、疏肝解郁、升举阳气。
external\cls_chinese_medicine/train/chaihu/chaihu_1134.jpg,柴胡,性味苦辛微寒；归肝经；功效：疏散退热、疏肝解郁、升举阳气。
external\cls_chinese_medicine/train/chaihu/chaihu_0109.jpg,柴胡,性味苦辛微寒；归肝经；功效：疏散退热、疏肝解郁、升举阳气。
external\cls_chinese_medicine/train/chaihu/chaihu_1300.jpg,柴胡,性味苦辛微寒；归肝经；功效：疏散退热、疏肝解郁、升举阳气。
external\cls_chinese_medicine/train/chaihu/chaihu_1139.jpg,柴胡,性味苦辛微寒；归肝经；功效：疏散退热、疏肝解郁、升举阳气。
external\cls_chinese_medicine/train/chaihu/chaihu_0679.jpg,柴胡,性味苦辛微寒；归肝经；功效：疏散退热、疏肝解郁、升举阳气。
external\cls_chinese_medicine/train/chaihu/chaihu_1194.jpg,柴胡,性味苦辛微寒；归肝经；功效：疏散退热、疏肝解郁、升举阳气。
external\cls_chinese_medicine/train/chaihu/chaihu_0343.jpg,柴胡,性味苦辛微寒；归肝经；功效：疏散退热、疏肝解郁、升举阳气。
external\cls_chinese_medicine/train/chaihu/chaihu_0794.jpg,柴胡,性味苦辛微寒；归肝经；功效：疏散退热、疏肝解郁、升举阳气。
external\cls_chinese_medicine/train/chaihu/chaihu_0724.jpg,柴胡,性味苦辛微寒；归肝经；功效：疏散退热、疏肝解郁、升举阳气。
external\cls_chinese_medicine/train/chaihu/chaihu_0786.jpg,柴胡,性味苦辛微寒；归肝经；功效：疏散退热、疏肝解郁、升举阳气。
external\cls_chinese_medicine/train/chaihu/chaihu_0954.jpg,柴胡,性味苦辛微寒；归肝经；功效：疏散退热、疏肝解郁、升举阳气。
external\cls_chinese_medicine/train/chaihu/chaihu_0131.jpg,柴胡,性味苦辛微寒；归肝经；功效：疏散退热、疏肝解郁、升举阳气。
external\cls_chinese_medicine/train/chaihu/chaihu_0690.jpg,柴胡,性味苦辛微寒；归肝经；功效：疏散退热、疏肝解郁、升举阳气。
external\cls_chinese_medicine/train/chaihu/chaihu_1054.jpg,柴胡,性味苦辛微寒；归肝经；功效：疏散退热、疏肝解郁、升举阳气。
external\cls_chinese_medicine/train/chaihu/chaihu_1508.jpg,柴胡,性味苦辛微寒；归肝经；功效：疏散退热、疏肝解郁、升举阳气。
external\cls_chinese_medicine/train/chaihu/chaihu_0933.jpg,柴胡,性味苦辛微寒；归肝经；功效：疏散退热、疏肝解郁、升举阳气。
external\cls_chinese_medicine/train/chaihu/chaihu_1562.jpg,柴胡,性味苦辛微寒；归肝经；功效：疏散退热、疏肝解郁、升举阳气。
external\cls_chinese_medicine/train/chaihu/chaihu_0611.jpg,柴胡,性味苦辛微寒；归肝经；功效：疏散退热、疏肝解郁、升举阳气。
external\cls_chinese_medicine/train/chaihu/chaihu_0308.jpg,柴胡,性味苦辛微寒；归肝经；功效：疏散退热、疏肝解郁、升举阳气。
external\cls_chinese_medicine/train/chaihu/chaihu_0327.jpg,柴胡,性味苦辛微寒；归肝经；功效：疏散退热、疏肝解郁、升举阳气。
external\cls_chinese_medicine/train/chaihu/chaihu_0364.jpg,柴胡,性味苦辛微寒；归肝经；功效：疏散退热、疏肝解郁、升举阳气。
external\cls_chinese_medicine/train/chaihu/chaihu_0280.jpg,柴胡,性味苦辛微寒；归肝经；功效：疏散退热、疏肝解郁、升举阳气。
external\cls_chinese_medicine/train/chaihu/chaihu_1276.jpg,柴胡,性味苦辛微寒；归肝经；功效：疏散退热、疏肝解郁、升举阳气。
external\cls_chinese_medicine/train/chaihu/chaihu_0595.jpg,柴胡,性味苦辛微寒；归肝经；功效：疏散退热、疏肝解郁、升举阳气。
external\cls_chinese_medicine/train/chaihu/chaihu_1095.jpg,柴胡,性味苦辛微寒；归肝经；功效：疏散退热、疏肝解郁、升举阳气。
external\cls_chinese_medicine/train/chaihu/chaihu_1438.jpg,柴胡,性味苦辛微寒；归肝经；功效：疏散退热、疏肝解郁、升举阳气。
external\cls_chinese_medicine/train/chaihu/chaihu_1503.jpg,柴胡,性味苦辛微寒；归肝经；功效：疏散退热、疏肝解郁、升举阳气。
external\cls_chinese_medicine/train/chaihu/chaihu_1316.jpg,柴胡,性味苦辛微寒；归肝经；功效：疏散退热、疏肝解郁、升举阳气。
external\cls_chinese_medicine/train/chaihu/chaihu_0344.jpg,柴胡,性味苦辛微寒；归肝经；功效：疏散退热、疏肝解郁、升举阳气。
external\cls_chinese_medicine/train/chaihu/chaihu_0033.jpg,柴胡,性味苦辛微寒；归肝经；功效：疏散退热、疏肝解郁、升举阳气。
external\cls_chinese_medicine/train/chaihu/chaihu_0886.jpg,柴胡,性味苦辛微寒；归肝经；功效：疏散退热、疏肝解郁、升举阳气。
external\cls_chinese_medicine/train/chaihu/chaihu_0548.jpg,柴胡,性味苦辛微寒；归肝经；功效：疏散退热、疏肝解郁、升举阳气。
external\cls_chinese_medicine/train/chaihu/chaihu_0486.jpg,柴胡,性味苦辛微寒；归肝经；功效：疏散退热、疏肝解郁、升举阳气。
external\cls_chinese_medicine/train/chaihu/chaihu_0507.jpg,柴胡,性味苦辛微寒；归肝经；功效：疏散退热、疏肝解郁、升举阳气。
external\cls_chinese_medicine/train/chaihu/chaihu_0452.jpg,柴胡,性味苦辛微寒；归肝经；功效：疏散退热、疏肝解郁、升举阳气。
external\cls_chinese_medicine/train/chaihu/chaihu_0531.jpg,柴胡,性味苦辛微寒；归肝经；功效：疏散退热、疏肝解郁、升举阳气。
external\cls_chinese_medicine/train/chaihu/chaihu_0385.jpg,柴胡,性味苦辛微寒；归肝经；功效：疏散退热、疏肝解郁、升举阳气。
external\cls_chinese_medicine/train/chaihu/chaihu_0282.jpg,柴胡,性味苦辛微寒；归肝经；功效：疏散退热、疏肝解郁、升举阳气。
external\cls_chinese_medicine/train/chaihu/chaihu_0435.jpg,柴胡,性味苦辛微寒；归肝经；功效：疏散退热、疏肝解郁、升举阳气。
external\cls_chinese_medicine/train/chaihu/chaihu_1541.jpg,柴胡,性味苦辛微寒；归肝经；功效：疏散退热、疏肝解郁、升举阳气。
external\cls_chinese_medicine/train/chaihu/chaihu_0236.jpg,柴胡,性味苦辛微寒；归肝经；功效：疏散退热、疏肝解郁、升举阳气。
external\cls_chinese_medicine/train/chaihu/chaihu_0644.jpg,柴胡,性味苦辛微寒；归肝经；功效：疏散退热、疏肝解郁、升举阳气。
external\cls_chinese_medicine/train/chaihu/chaihu_1389.jpg,柴胡,性味苦辛微寒；归肝经；功效：疏散退热、疏肝解郁、升举阳气。
external\cls_chinese_medicine/train/chaihu/chaihu_1021.jpg,柴胡,性味苦辛微寒；归肝经；功效：疏散退热、疏肝解郁、升举阳气。
external\cls_chinese_medicine/train/chaihu/chaihu_0167.jpg,柴胡,性味苦辛微寒；归肝经；功效：疏散退热、疏肝解郁、升举阳气。
external\cls_chinese_medicine/train/chaihu/chaihu_0651.jpg,柴胡,性味苦辛微寒；归肝经；功效：疏散退热、疏肝解郁、升举阳气。
external\cls_chinese_medicine/train/chaihu/chaihu_0484.jpg,柴胡,性味苦辛微寒；归肝经；功效：疏散退热、疏肝解郁、升举阳气。
external\cls_chinese_medicine/train/chaihu/chaihu_0779.jpg,柴胡,性味苦辛微寒；归肝经；功效：疏散退热、疏肝解郁、升举阳气。
external\cls_chinese_medicine/train/chaihu/chaihu_1286.jpg,柴胡,性味苦辛微寒；归肝经；功效：疏散退热、疏肝解郁、升举阳气。
external\cls_chinese_medicine/train/chaihu/chaihu_0196.jpg,柴胡,性味苦辛微寒；归肝经；功效：疏散退热、疏肝解郁、升举阳气。
external\cls_chinese_medicine/train/chaihu/chaihu_0553.jpg,柴胡,性味苦辛微寒；归肝经；功效：疏散退热、疏肝解郁、升举阳气。
external\cls_chinese_medicine/train/chaihu/chaihu_0064.jpg,柴胡,性味苦辛微寒；归肝经；功效：疏散退热、疏肝解郁、升举阳气。
external\cls_chinese_medicine/train/chaihu/chaihu_1571.jpg,柴胡,性味苦辛微寒；归肝经；功效：疏散退热、疏肝解郁、升举阳气。
external\cls_chinese_medicine/train/chaihu/chaihu_0964.jpg,柴胡,性味苦辛微寒；归肝经；功效：疏散退热、疏肝解郁、升举阳气。
external\cls_chinese_medicine/train/chaihu/chaihu_1297.jpg,柴胡,性味苦辛微寒；归肝经；功效：疏散退热、疏肝解郁、升举阳气。
external\cls_chinese_medicine/train/chaihu/chaihu_0680.jpg,柴胡,性味苦辛微寒；归肝经；功效：疏散退热、疏肝解郁、升举阳气。
external\cls_chinese_medicine/train/chaihu/chaihu_0967.jpg,柴胡,性味苦辛微寒；归肝经；功效：疏散退热、疏肝解郁、升举阳气。
external\cls_chinese_medicine/train/chaihu/chaihu_0858.jpg,柴胡,性味苦辛微寒；归肝经；功效：疏散退热、疏肝解郁、升举阳气。
external\cls_chinese_medicine/train/chaihu/chaihu_0300.jpg,柴胡,性味苦辛微寒；归肝经；功效：疏散退热、疏肝解郁、升举阳气。
external\cls_chinese_medicine/train/chaihu/chaihu_0632.jpg,柴胡,性味苦辛微寒；归肝经；功效：疏散退热、疏肝解郁、升举阳气。
external\cls_chinese_medicine/train/chaihu/chaihu_0223.jpg,柴胡,性味苦辛微寒；归肝经；功效：疏散退热、疏肝解郁、升举阳气。
external\cls_chinese_medicine/train/chaihu/chaihu_1162.jpg,柴胡,性味苦辛微寒；归肝经；功效：疏散退热、疏肝解郁、升举阳气。
external\cls_chinese_medicine/train/chaihu/chaihu_1311.jpg,柴胡,性味苦辛微寒；归肝经；功效：疏散退热、疏肝解郁、升举阳气。
external\cls_chinese_medicine/train/chaihu/chaihu_1096.jpg,柴胡,性味苦辛微寒；归肝经；功效：疏散退热、疏肝解郁、升举阳气。
external\cls_chinese_medicine/train/chaihu/chaihu_1403.jpg,柴胡,性味苦辛微寒；归肝经；功效：疏散退热、疏肝解郁、升举阳气。
external\cls_chinese_medicine/train/chaihu/chaihu_1098.jpg,柴胡,性味苦辛微寒；归肝经；功效：疏散退热、疏肝解郁、升举阳气。
external\cls_chinese_medicine/train/chaihu/chaihu_1338.jpg,柴胡,性味苦辛微寒；归肝经；功效：疏散退热、疏肝解郁、升举阳气。
external\cls_chinese_medicine/train/chaihu/chaihu_0356.jpg,柴胡,性味苦辛微寒；归肝经；功效：疏散退热、疏肝解郁、升举阳气。
external\cls_chinese_medicine/train/chaihu/chaihu_0460.jpg,柴胡,性味苦辛微寒；归肝经；功效：疏散退热、疏肝解郁、升举阳气。
external\cls_chinese_medicine/train/chaihu/chaihu_0699.jpg,柴胡,性味苦辛微寒；归肝经；功效：疏散退热、疏肝解郁、升举阳气。
external\cls_chinese_medicine/train/chaihu/chaihu_0953.jpg,柴胡,性味苦辛微寒；归肝经；功效：疏散退热、疏肝解郁、升举阳气。
external\cls_chinese_medicine/train/chaihu/chaihu_0610.jpg,柴胡,性味苦辛微寒；归肝经；功效：疏散退热、疏肝解郁、升举阳气。
external\cls_chinese_medicine/train/chaihu/chaihu_0828.jpg,柴胡,性味苦辛微寒；归肝经；功效：疏散退热、疏肝解郁、升举阳气。
external\cls_chinese_medicine/train/chaihu/chaihu_0928.jpg,柴胡,性味苦辛微寒；归肝经；功效：疏散退热、疏肝解郁、升举阳气。
external\cls_chinese_medicine/train/chaihu/chaihu_0905.jpg,柴胡,性味苦辛微寒；归肝经；功效：疏散退热、疏肝解郁、升举阳气。
external\cls_chinese_medicine/train/chaihu/chaihu_0588.jpg,柴胡,性味苦辛微寒；归肝经；功效：疏散退热、疏肝解郁、升举阳气。
external\cls_chinese_medicine/train/chaihu/chaihu_0978.jpg,柴胡,性味苦辛微寒；归肝经；功效：疏散退热、疏肝解郁、升举阳气。
external\cls_chinese_medicine/train/chaihu/chaihu_0705.jpg,柴胡,性味苦辛微寒；归肝经；功效：疏散退热、疏肝解郁、升举阳气。
external\cls_chinese_medicine/train/chaihu/chaihu_0510.jpg,柴胡,性味苦辛微寒；归肝经；功效：疏散退热、疏肝解郁、升举阳气。
external\cls_chinese_medicine/train/chaihu/chaihu_0442.jpg,柴胡,性味苦辛微寒；归肝经；功效：疏散退热、疏肝解郁、升举阳气。
external\cls_chinese_medicine/train/chaihu/chaihu_1160.jpg,柴胡,性味苦辛微寒；归肝经；功效：疏散退热、疏肝解郁、升举阳气。
external\cls_chinese_medicine/train/chaihu/chaihu_1081.jpg,柴胡,性味苦辛微寒；归肝经；功效：疏散退热、疏肝解郁、升举阳气。
external\cls_chinese_medicine/train/chaihu/chaihu_0288.jpg,柴胡,性味苦辛微寒；归肝经；功效：疏散退热、疏肝解郁、升举阳气。
external\cls_chinese_medicine/train/chaihu/chaihu_1263.jpg,柴胡,性味苦辛微寒；归肝经；功效：疏散退热、疏肝解郁、升举阳气。
external\cls_chinese_medicine/train/chaihu/chaihu_1254.jpg,柴胡,性味苦辛微寒；归肝经；功效：疏散退热、疏肝解郁、升举阳气。
external\cls_chinese_medicine/train/chaihu/chaihu_0822.jpg,柴胡,性味苦辛微寒；归肝经；功效：疏散退热、疏肝解郁、升举阳气。
external\cls_chinese_medicine/train/chaihu/chaihu_0241.jpg,柴胡,性味苦辛微寒；归肝经；功效：疏散退热、疏肝解郁、升举阳气。
external\cls_chinese_medicine/train/sangshen/sangshen_0543.jpg,桑葚,性味甘酸寒；归心肝肾经；功效：滋阴补血、生津润燥。
external\cls_chinese_medicine/train/sangshen/sangshen_0281.jpg,桑葚,性味甘酸寒；归心肝肾经；功效：滋阴补血、生津润燥。
external\cls_chinese_medicine/train/sangshen/sangshen_1573.jpg,桑葚,性味甘酸寒；归心肝肾经；功效：滋阴补血、生津润燥。
external\cls_chinese_medicine/train/sangshen/sangshen_1240.jpg,桑葚,性味甘酸寒；归心肝肾经；功效：滋阴补血、生津润燥。
external\cls_chinese_medicine/train/sangshen/sangshen_0061.jpg,桑葚,性味甘酸寒；归心肝肾经；功效：滋阴补血、生津润燥。
external\cls_chinese_medicine/train/sangshen/sangshen_1599.jpg,桑葚,性味甘酸寒；归心肝肾经；功效：滋阴补血、生津润燥。
external\cls_chinese_medicine/train/sangshen/sangshen_0452.jpg,桑葚,性味甘酸寒；归心肝肾经；功效：滋阴补血、生津润燥。
external\cls_chinese_medicine/train/sangshen/sangshen_0342.jpg,桑葚,性味甘酸寒；归心肝肾经；功效：滋阴补血、生津润燥。
external\cls_chinese_medicine/train/sangshen/sangshen_1121.jpg,桑葚,性味甘酸寒；归心肝肾经；功效：滋阴补血、生津润燥。
external\cls_chinese_medicine/train/sangshen/sangshen_0702.jpg,桑葚,性味甘酸寒；归心肝肾经；功效：滋阴补血、生津润燥。
external\cls_chinese_medicine/train/sangshen/sangshen_0379.jpg,桑葚,性味甘酸寒；归心肝肾经；功效：滋阴补血、生津润燥。
external\cls_chinese_medicine/train/sangshen/sangshen_0888.jpg,桑葚,性味甘酸寒；归心肝肾经；功效：滋阴补血、生津润燥。
external\cls_chinese_medicine/train/sangshen/sangshen_0668.jpg,桑葚,性味甘酸寒；归心肝肾经；功效：滋阴补血、生津润燥。
external\cls_chinese_medicine/train/sangshen/sangshen_0787.jpg,桑葚,性味甘酸寒；归心肝肾经；功效：滋阴补血、生津润燥。
external\cls_chinese_medicine/train/sangshen/sangshen_0268.jpg,桑葚,性味甘酸寒；归心肝肾经；功效：滋阴补血、生津润燥。
external\cls_chinese_medicine/train/sangshen/sangshen_0890.jpg,桑葚,性味甘酸寒；归心肝肾经；功效：滋阴补血、生津润燥。
external\cls_chinese_medicine/train/sangshen/sangshen_0032.jpg,桑葚,性味甘酸寒；归心肝肾经；功效：滋阴补血、生津润燥。
external\cls_chinese_medicine/train/sangshen/sangshen_0673.jpg,桑葚,性味甘酸寒；归心肝肾经；功效：滋阴补血、生津润燥。
external\cls_chinese_medicine/train/sangshen/sangshen_0516.jpg,桑葚,性味甘酸寒；归心肝肾经；功效：滋阴补血、生津润燥。
external\cls_chinese_medicine/train/sangshen/sangshen_1588.jpg,桑葚,性味甘酸寒；归心肝肾经；功效：滋阴补血、生津润燥。
external\cls_chinese_medicine/train/sangshen/sangshen_0941.jpg,桑葚,性味甘酸寒；归心肝肾经；功效：滋阴补血、生津润燥。
external\cls_chinese_medicine/train/sangshen/sangshen_0952.jpg,桑葚,性味甘酸寒；归心肝肾经；功效：滋阴补血、生津润燥。
external\cls_chinese_medicine/train/sangshen/sangshen_0204.jpg,桑葚,性味甘酸寒；归心肝肾经；功效：滋阴补血、生津润燥。
external\cls_chinese_medicine/train/sangshen/sangshen_0542.jpg,桑葚,性味甘酸寒；归心肝肾经；功效：滋阴补血、生津润燥。
external\cls_chinese_medicine/train/sangshen/sangshen_0067.jpg,桑葚,性味甘酸寒；归心肝肾经；功效：滋阴补血、生津润燥。
external\cls_chinese_medicine/train/sangshen/sangshen_1602.jpg,桑葚,性味甘酸寒；归心肝肾经；功效：滋阴补血、生津润燥。
external\cls_chinese_medicine/train/sangshen/sangshen_0551.jpg,桑葚,性味甘酸寒；归心肝肾经；功效：滋阴补血、生津润燥。
external\cls_chinese_medicine/train/sangshen/sangshen_0309.jpg,桑葚,性味甘酸寒；归心肝肾经；功效：滋阴补血、生津润燥。
external\cls_chinese_medicine/train/sangshen/sangshen_0560.jpg,桑葚,性味甘酸寒；归心肝肾经；功效：滋阴补血、生津润燥。
external\cls_chinese_medicine/train/sangshen/sangshen_1134.jpg,桑葚,性味甘酸寒；归心肝肾经；功效：滋阴补血、生津润燥。
external\cls_chinese_medicine/train/sangshen/sangshen_0353.jpg,桑葚,性味甘酸寒；归心肝肾经；功效：滋阴补血、生津润燥。
external\cls_chinese_medicine/train/sangshen/sangshen_1032.jpg,桑葚,性味甘酸寒；归心肝肾经；功效：滋阴补血、生津润燥。
external\cls_chinese_medicine/train/sangshen/sangshen_1019.jpg,桑葚,性味甘酸寒；归心肝肾经；功效：滋阴补血、生津润燥。
external\cls_chinese_medicine/train/sangshen/sangshen_0727.jpg,桑葚,性味甘酸寒；归心肝肾经；功效：滋阴补血、生津润燥。
external\cls_chinese_medicine/train/sangshen/sangshen_0492.jpg,桑葚,性味甘酸寒；归心肝肾经；功效：滋阴补血、生津润燥。
external\cls_chinese_medicine/train/sangshen/sangshen_1116.jpg,桑葚,性味甘酸寒；归心肝肾经；功效：滋阴补血、生津润燥。
external\cls_chinese_medicine/train/sangshen/sangshen_0366.jpg,桑葚,性味甘酸寒；归心肝肾经；功效：滋阴补血、生津润燥。
external\cls_chinese_medicine/train/sangshen/sangshen_0102.jpg,桑葚,性味甘酸寒；归心肝肾经；功效：滋阴补血、生津润燥。
external\cls_chinese_medicine/train/sangshen/sangshen_0317.jpg,桑葚,性味甘酸寒；归心肝肾经；功效：滋阴补血、生津润燥。
external\cls_chinese_medicine/train/sangshen/sangshen_0128.jpg,桑葚,性味甘酸寒；归心肝肾经；功效：滋阴补血、生津润燥。
external\cls_chinese_medicine/train/sangshen/sangshen_0891.jpg,桑葚,性味甘酸寒；归心肝肾经；功效：滋阴补血、生津润燥。
external\cls_chinese_medicine/train/sangshen/sangshen_0393.jpg,桑葚,性味甘酸寒；归心肝肾经；功效：滋阴补血、生津润燥。
external\cls_chinese_medicine/train/sangshen/sangshen_0993.jpg,桑葚,性味甘酸寒；归心肝肾经；功效：滋阴补血、生津润燥。
external\cls_chinese_medicine/train/sangshen/sangshen_0812.jpg,桑葚,性味甘酸寒；归心肝肾经；功效：滋阴补血、生津润燥。
external\cls_chinese_medicine/train/sangshen/sangshen_1088.jpg,桑葚,性味甘酸寒；归心肝肾经；功效：滋阴补血、生津润燥。
external\cls_chinese_medicine/train/sangshen/sangshen_0139.jpg,桑葚,性味甘酸寒；归心肝肾经；功效：滋阴补血、生津润燥。
external\cls_chinese_medicine/train/sangshen/sangshen_0713.jpg,桑葚,性味甘酸寒；归心肝肾经；功效：滋阴补血、生津润燥。
external\cls_chinese_medicine/train/sangshen/sangshen_0445.jpg,桑葚,性味甘酸寒；归心肝肾经；功效：滋阴补血、生津润燥。
external\cls_chinese_medicine/train/sangshen/sangshen_0742.jpg,桑葚,性味甘酸寒；归心肝肾经；功效：滋阴补血、生津润燥。
external\cls_chinese_medicine/train/sangshen/sangshen_1298.jpg,桑葚,性味甘酸寒；归心肝肾经；功效：滋阴补血、生津润燥。
external\cls_chinese_medicine/train/sangshen/sangshen_1147.jpg,桑葚,性味甘酸寒；归心肝肾经；功效：滋阴补血、生津润燥。
external\cls_chinese_medicine/train/sangshen/sangshen_0638.jpg,桑葚,性味甘酸寒；归心肝肾经；功效：滋阴补血、生津润燥。
external\cls_chinese_medicine/train/sangshen/sangshen_0127.jpg,桑葚,性味甘酸寒；归心肝肾经；功效：滋阴补血、生津润燥。
external\cls_chinese_medicine/train/sangshen/sangshen_0383.jpg,桑葚,性味甘酸寒；归心肝肾经；功效：滋阴补血、生津润燥。
external\cls_chinese_medicine/train/sangshen/sangshen_0841.jpg,桑葚,性味甘酸寒；归心肝肾经；功效：滋阴补血、生津润燥。
external\cls_chinese_medicine/train/sangshen/sangshen_1026.jpg,桑葚,性味甘酸寒；归心肝肾经；功效：滋阴补血、生津润燥。
external\cls_chinese_medicine/train/sangshen/sangshen_0584.jpg,桑葚,性味甘酸寒；归心肝肾经；功效：滋阴补血、生津润燥。
external\cls_chinese_medicine/train/sangshen/sangshen_1268.jpg,桑葚,性味甘酸寒；归心肝肾经；功效：滋阴补血、生津润燥。
external\cls_chinese_medicine/train/sangshen/sangshen_0253.jpg,桑葚,性味甘酸寒；归心肝肾经；功效：滋阴补血、生津润燥。
external\cls_chinese_medicine/train/sangshen/sangshen_1307.jpg,桑葚,性味甘酸寒；归心肝肾经；功效：滋阴补血、生津润燥。
external\cls_chinese_medicine/train/sangshen/sangshen_0579.jpg,桑葚,性味甘酸寒；归心肝肾经；功效：滋阴补血、生津润燥。
external\cls_chinese_medicine/train/sangshen/sangshen_1317.jpg,桑葚,性味甘酸寒；归心肝肾经；功效：滋阴补血、生津润燥。
external\cls_chinese_medicine/train/sangshen/sangshen_0363.jpg,桑葚,性味甘酸寒；归心肝肾经；功效：滋阴补血、生津润燥。
external\cls_chinese_medicine/train/sangshen/sangshen_0025.jpg,桑葚,性味甘酸寒；归心肝肾经；功效：滋阴补血、生津润燥。
external\cls_chinese_medicine/train/sangshen/sangshen_0935.jpg,桑葚,性味甘酸寒；归心肝肾经；功效：滋阴补血、生津润燥。
external\cls_chinese_medicine/train/sangshen/sangshen_1383.jpg,桑葚,性味甘酸寒；归心肝肾经；功效：滋阴补血、生津润燥。
external\cls_chinese_medicine/train/sangshen/sangshen_0051.jpg,桑葚,性味甘酸寒；归心肝肾经；功效：滋阴补血、生津润燥。
external\cls_chinese_medicine/train/sangshen/sangshen_1022.jpg,桑葚,性味甘酸寒；归心肝肾经；功效：滋阴补血、生津润燥。
external\cls_chinese_medicine/train/sangshen/sangshen_0585.jpg,桑葚,性味甘酸寒；归心肝肾经；功效：滋阴补血、生津润燥。
external\cls_chinese_medicine/train/sangshen/sangshen_0714.jpg,桑葚,性味甘酸寒；归心肝肾经；功效：滋阴补血、生津润燥。
external\cls_chinese_medicine/train/sangshen/sangshen_1239.jpg,桑葚,性味甘酸寒；归心肝肾经；功效：滋阴补血、生津润燥。
external\cls_chinese_medicine/train/sangshen/sangshen_1326.jpg,桑葚,性味甘酸寒；归心肝肾经；功效：滋阴补血、生津润燥。
external\cls_chinese_medicine/train/sangshen/sangshen_0190.jpg,桑葚,性味甘酸寒；归心肝肾经；功效：滋阴补血、生津润燥。
external\cls_chinese_medicine/train/sangshen/sangshen_0285.jpg,桑葚,性味甘酸寒；归心肝肾经；功效：滋阴补血、生津润燥。
external\cls_chinese_medicine/train/sangshen/sangshen_1150.jpg,桑葚,性味甘酸寒；归心肝肾经；功效：滋阴补血、生津润燥。
external\cls_chinese_medicine/train/sangshen/sangshen_0596.jpg,桑葚,性味甘酸寒；归心肝肾经；功效：滋阴补血、生津润燥。
external\cls_chinese_medicine/train/sangshen/sangshen_1315.jpg,桑葚,性味甘酸寒；归心肝肾经；功效：滋阴补血、生津润燥。
external\cls_chinese_medicine/train/sangshen/sangshen_1011.jpg,桑葚,性味甘酸寒；归心肝肾经；功效：滋阴补血、生津润燥。
external\cls_chinese_medicine/train/sangshen/sangshen_0509.jpg,桑葚,性味甘酸寒；归心肝肾经；功效：滋阴补血、生津润燥。
external\cls_chinese_medicine/train/sangshen/sangshen_0210.jpg,桑葚,性味甘酸寒；归心肝肾经；功效：滋阴补血、生津润燥。
external\cls_chinese_medicine/train/sangshen/sangshen_1124.jpg,桑葚,性味甘酸寒；归心肝肾经；功效：滋阴补血、生津润燥。
external\cls_chinese_medicine/train/sangshen/sangshen_1567.jpg,桑葚,性味甘酸寒；归心肝肾经；功效：滋阴补血、生津润燥。
external\cls_chinese_medicine/train/sangshen/sangshen_0636.jpg,桑葚,性味甘酸寒；归心肝肾经；功效：滋阴补血、生津润燥。
external\cls_chinese_medicine/train/sangshen/sangshen_0335.jpg,桑葚,性味甘酸寒；归心肝肾经；功效：滋阴补血、生津润燥。
external\cls_chinese_medicine/train/sangshen/sangshen_1475.jpg,桑葚,性味甘酸寒；归心肝肾经；功效：滋阴补血、生津润燥。
external\cls_chinese_medicine/train/sangshen/sangshen_0320.jpg,桑葚,性味甘酸寒；归心肝肾经；功效：滋阴补血、生津润燥。
external\cls_chinese_medicine/train/sangshen/sangshen_0446.jpg,桑葚,性味甘酸寒；归心肝肾经；功效：滋阴补血、生津润燥。
external\cls_chinese_medicine/train/sangshen/sangshen_0053.jpg,桑葚,性味甘酸寒；归心肝肾经；功效：滋阴补血、生津润燥。
external\cls_chinese_medicine/train/sangshen/sangshen_0073.jpg,桑葚,性味甘酸寒；归心肝肾经；功效：滋阴补血、生津润燥。
external\cls_chinese_medicine/train/sangshen/sangshen_1033.jpg,桑葚,性味甘酸寒；归心肝肾经；功效：滋阴补血、生津润燥。
external\cls_chinese_medicine/train/sangshen/sangshen_0079.jpg,桑葚,性味甘酸寒；归心肝肾经；功效：滋阴补血、生津润燥。
external\cls_chinese_medicine/train/sangshen/sangshen_0697.jpg,桑葚,性味甘酸寒；归心肝肾经；功效：滋阴补血、生津润燥。
external\cls_chinese_medicine/train/sangshen/sangshen_0270.jpg,桑葚,性味甘酸寒；归心肝肾经；功效：滋阴补血、生津润燥。
external\cls_chinese_medicine/train/sangshen/sangshen_1288.jpg,桑葚,性味甘酸寒；归心肝肾经；功效：滋阴补血、生津润燥。
external\cls_chinese_medicine/train/sangshen/sangshen_0914.jpg,桑葚,性味甘酸寒；归心肝肾经；功效：滋阴补血、生津润燥。
external\cls_chinese_medicine/train/sangshen/sangshen_0968.jpg,桑葚,性味甘酸寒；归心肝肾经；功效：滋阴补血、生津润燥。
external\cls_chinese_medicine/train/sangshen/sangshen_0256.jpg,桑葚,性味甘酸寒；归心肝肾经；功效：滋阴补血、生津润燥。
external\cls_chinese_medicine/train/sangshen/sangshen_0809.jpg,桑葚,性味甘酸寒；归心肝肾经；功效：滋阴补血、生津润燥。
external\cls_chinese_medicine/train/sangshen/sangshen_1040.jpg,桑葚,性味甘酸寒；归心肝肾经；功效：滋阴补血、生津润燥。
external\cls_chinese_medicine/train/sangshen/sangshen_0795.jpg,桑葚,性味甘酸寒；归心肝肾经；功效：滋阴补血、生津润燥。
external\cls_chinese_medicine/train/sangshen/sangshen_1443.jpg,桑葚,性味甘酸寒；归心肝肾经；功效：滋阴补血、生津润燥。
external\cls_chinese_medicine/train/sangshen/sangshen_0954.jpg,桑葚,性味甘酸寒；归心肝肾经；功效：滋阴补血、生津润燥。
external\cls_chinese_medicine/train/sangshen/sangshen_0178.jpg,桑葚,性味甘酸寒；归心肝肾经；功效：滋阴补血、生津润燥。
external\cls_chinese_medicine/train/sangshen/sangshen_0173.jpg,桑葚,性味甘酸寒；归心肝肾经；功效：滋阴补血、生津润燥。
external\cls_chinese_medicine/train/sangshen/sangshen_1006.jpg,桑葚,性味甘酸寒；归心肝肾经；功效：滋阴补血、生津润燥。
external\cls_chinese_medicine/train/sangshen/sangshen_0630.jpg,桑葚,性味甘酸寒；归心肝肾经；功效：滋阴补血、生津润燥。
external\cls_chinese_medicine/train/sangshen/sangshen_0364.jpg,桑葚,性味甘酸寒；归心肝肾经；功效：滋阴补血、生津润燥。
external\cls_chinese_medicine/train/sangshen/sangshen_1143.jpg,桑葚,性味甘酸寒；归心肝肾经；功效：滋阴补血、生津润燥。
external\cls_chinese_medicine/train/sangshen/sangshen_1422.jpg,桑葚,性味甘酸寒；归心肝肾经；功效：滋阴补血、生津润燥。
external\cls_chinese_medicine/train/sangshen/sangshen_1144.jpg,桑葚,性味甘酸寒；归心肝肾经；功效：滋阴补血、生津润燥。
external\cls_chinese_medicine/train/sangshen/sangshen_0647.jpg,桑葚,性味甘酸寒；归心肝肾经；功效：滋阴补血、生津润燥。
external\cls_chinese_medicine/train/sangshen/sangshen_1318.jpg,桑葚,性味甘酸寒；归心肝肾经；功效：滋阴补血、生津润燥。
external\cls_chinese_medicine/train/sangshen/sangshen_0572.jpg,桑葚,性味甘酸寒；归心肝肾经；功效：滋阴补血、生津润燥。
external\cls_chinese_medicine/train/sangshen/sangshen_1384.jpg,桑葚,性味甘酸寒；归心肝肾经；功效：滋阴补血、生津润燥。
external\cls_chinese_medicine/train/sangshen/sangshen_0749.jpg,桑葚,性味甘酸寒；归心肝肾经；功效：滋阴补血、生津润燥。
external\cls_chinese_medicine/train/sangshen/sangshen_0418.jpg,桑葚,性味甘酸寒；归心肝肾经；功效：滋阴补血、生津润燥。
external\cls_chinese_medicine/train/sangshen/sangshen_1017.jpg,桑葚,性味甘酸寒；归心肝肾经；功效：滋阴补血、生津润燥。
external\cls_chinese_medicine/train/sangshen/sangshen_0617.jpg,桑葚,性味甘酸寒；归心肝肾经；功效：滋阴补血、生津润燥。
external\cls_chinese_medicine/train/sangshen/sangshen_0145.jpg,桑葚,性味甘酸寒；归心肝肾经；功效：滋阴补血、生津润燥。
external\cls_chinese_medicine/train/sangshen/sangshen_0069.jpg,桑葚,性味甘酸寒；归心肝肾经；功效：滋阴补血、生津润燥。
external\cls_chinese_medicine/train/sangshen/sangshen_0843.jpg,桑葚,性味甘酸寒；归心肝肾经；功效：滋阴补血、生津润燥。
external\cls_chinese_medicine/train/sangshen/sangshen_0031.jpg,桑葚,性味甘酸寒；归心肝肾经；功效：滋阴补血、生津润燥。
external\cls_chinese_medicine/train/sangshen/sangshen_1158.jpg,桑葚,性味甘酸寒；归心肝肾经；功效：滋阴补血、生津润燥。
external\cls_chinese_medicine/train/sangshen/sangshen_0167.jpg,桑葚,性味甘酸寒；归心肝肾经；功效：滋阴补血、生津润燥。
external\cls_chinese_medicine/train/sangshen/sangshen_0977.jpg,桑葚,性味甘酸寒；归心肝肾经；功效：滋阴补血、生津润燥。
external\cls_chinese_medicine/train/sangshen/sangshen_1536.jpg,桑葚,性味甘酸寒；归心肝肾经；功效：滋阴补血、生津润燥。
external\cls_chinese_medicine/train/sangshen/sangshen_1345.jpg,桑葚,性味甘酸寒；归心肝肾经；功效：滋阴补血、生津润燥。
external\cls_chinese_medicine/train/sangshen/sangshen_1199.jpg,桑葚,性味甘酸寒；归心肝肾经；功效：滋阴补血、生津润燥。
external\cls_chinese_medicine/train/sangshen/sangshen_0907.jpg,桑葚,性味甘酸寒；归心肝肾经；功效：滋阴补血、生津润燥。
external\cls_chinese_medicine/train/sangshen/sangshen_0433.jpg,桑葚,性味甘酸寒；归心肝肾经；功效：滋阴补血、生津润燥。
external\cls_chinese_medicine/train/sangshen/sangshen_1300.jpg,桑葚,性味甘酸寒；归心肝肾经；功效：滋阴补血、生津润燥。
external\cls_chinese_medicine/train/sangshen/sangshen_0790.jpg,桑葚,性味甘酸寒；归心肝肾经；功效：滋阴补血、生津润燥。
external\cls_chinese_medicine/train/sangshen/sangshen_0842.jpg,桑葚,性味甘酸寒；归心肝肾经；功效：滋阴补血、生津润燥。
external\cls_chinese_medicine/train/sangshen/sangshen_1212.jpg,桑葚,性味甘酸寒；归心肝肾经；功效：滋阴补血、生津润燥。
external\cls_chinese_medicine/train/sangshen/sangshen_0206.jpg,桑葚,性味甘酸寒；归心肝肾经；功效：滋阴补血、生津润燥。
external\cls_chinese_medicine/train/sangshen/sangshen_1432.jpg,桑葚,性味甘酸寒；归心肝肾经；功效：滋阴补血、生津润燥。
external\cls_chinese_medicine/train/sangshen/sangshen_1202.jpg,桑葚,性味甘酸寒；归心肝肾经；功效：滋阴补血、生津润燥。
external\cls_chinese_medicine/train/sangshen/sangshen_1555.jpg,桑葚,性味甘酸寒；归心肝肾经；功效：滋阴补血、生津润燥。
external\cls_chinese_medicine/train/sangshen/sangshen_1396.jpg,桑葚,性味甘酸寒；归心肝肾经；功效：滋阴补血、生津润燥。
external\cls_chinese_medicine/train/sangshen/sangshen_0365.jpg,桑葚,性味甘酸寒；归心肝肾经；功效：滋阴补血、生津润燥。
external\cls_chinese_medicine/train/sangshen/sangshen_0670.jpg,桑葚,性味甘酸寒；归心肝肾经；功效：滋阴补血、生津润燥。
external\cls_chinese_medicine/train/sangshen/sangshen_1171.jpg,桑葚,性味甘酸寒；归心肝肾经；功效：滋阴补血、生津润燥。
external\cls_chinese_medicine/train/sangshen/sangshen_0777.jpg,桑葚,性味甘酸寒；归心肝肾经；功效：滋阴补血、生津润燥。
external\cls_chinese_medicine/train/sangshen/sangshen_1611.jpg,桑葚,性味甘酸寒；归心肝肾经；功效：滋阴补血、生津润燥。
external\cls_chinese_medicine/train/sangshen/sangshen_1065.jpg,桑葚,性味甘酸寒；归心肝肾经；功效：滋阴补血、生津润燥。
external\cls_chinese_medicine/train/sangshen/sangshen_1576.jpg,桑葚,性味甘酸寒；归心肝肾经；功效：滋阴补血、生津润燥。
external\cls_chinese_medicine/train/sangshen/sangshen_1258.jpg,桑葚,性味甘酸寒；归心肝肾经；功效：滋阴补血、生津润燥。
external\cls_chinese_medicine/train/sangshen/sangshen_1219.jpg,桑葚,性味甘酸寒；归心肝肾经；功效：滋阴补血、生津润燥。
external\cls_chinese_medicine/train/sangshen/sangshen_0955.jpg,桑葚,性味甘酸寒；归心肝肾经；功效：滋阴补血、生津润燥。
external\cls_chinese_medicine/train/sangshen/sangshen_0780.jpg,桑葚,性味甘酸寒；归心肝肾经；功效：滋阴补血、生津润燥。
external\cls_chinese_medicine/train/sangshen/sangshen_0500.jpg,桑葚,性味甘酸寒；归心肝肾经；功效：滋阴补血、生津润燥。
external\cls_chinese_medicine/train/sangshen/sangshen_1226.jpg,桑葚,性味甘酸寒；归心肝肾经；功效：滋阴补血、生津润燥。
external\cls_chinese_medicine/train/sangshen/sangshen_0550.jpg,桑葚,性味甘酸寒；归心肝肾经；功效：滋阴补血、生津润燥。
external\cls_chinese_medicine/train/sangshen/sangshen_0229.jpg,桑葚,性味甘酸寒；归心肝肾经；功效：滋阴补血、生津润燥。
external\cls_chinese_medicine/train/sangshen/sangshen_1412.jpg,桑葚,性味甘酸寒；归心肝肾经；功效：滋阴补血、生津润燥。
external\cls_chinese_medicine/train/sangshen/sangshen_1103.jpg,桑葚,性味甘酸寒；归心肝肾经；功效：滋阴补血、生津润燥。
external\cls_chinese_medicine/train/sangshen/sangshen_0998.jpg,桑葚,性味甘酸寒；归心肝肾经；功效：滋阴补血、生津润燥。
external\cls_chinese_medicine/train/sangshen/sangshen_0499.jpg,桑葚,性味甘酸寒；归心肝肾经；功效：滋阴补血、生津润燥。
external\cls_chinese_medicine/train/sangshen/sangshen_0046.jpg,桑葚,性味甘酸寒；归心肝肾经；功效：滋阴补血、生津润燥。
external\cls_chinese_medicine/train/sangshen/sangshen_0530.jpg,桑葚,性味甘酸寒；归心肝肾经；功效：滋阴补血、生津润燥。
external\cls_chinese_medicine/train/sangshen/sangshen_1039.jpg,桑葚,性味甘酸寒；归心肝肾经；功效：滋阴补血、生津润燥。
external\cls_chinese_medicine/train/sangshen/sangshen_1250.jpg,桑葚,性味甘酸寒；归心肝肾经；功效：滋阴补血、生津润燥。
external\cls_chinese_medicine/train/sangshen/sangshen_0180.jpg,桑葚,性味甘酸寒；归心肝肾经；功效：滋阴补血、生津润燥。
external\cls_chinese_medicine/train/sangshen/sangshen_1544.jpg,桑葚,性味甘酸寒；归心肝肾经；功效：滋阴补血、生津润燥。
external\cls_chinese_medicine/train/sangshen/sangshen_0831.jpg,桑葚,性味甘酸寒；归心肝肾经；功效：滋阴补血、生津润燥。
external\cls_chinese_medicine/train/sangshen/sangshen_0300.jpg,桑葚,性味甘酸寒；归心肝肾经；功效：滋阴补血、生津润燥。
external\cls_chinese_medicine/train/sangshen/sangshen_0118.jpg,桑葚,性味甘酸寒；归心肝肾经；功效：滋阴补血、生津润燥。
external\cls_chinese_medicine/train/sangshen/sangshen_0343.jpg,桑葚,性味甘酸寒；归心肝肾经；功效：滋阴补血、生津润燥。
external\cls_chinese_medicine/train/sangshen/sangshen_0836.jpg,桑葚,性味甘酸寒；归心肝肾经；功效：滋阴补血、生津润燥。
external\cls_chinese_medicine/train/sangshen/sangshen_1572.jpg,桑葚,性味甘酸寒；归心肝肾经；功效：滋阴补血、生津润燥。
external\cls_chinese_medicine/train/sangshen/sangshen_0820.jpg,桑葚,性味甘酸寒；归心肝肾经；功效：滋阴补血、生津润燥。
external\cls_chinese_medicine/train/sangshen/sangshen_1372.jpg,桑葚,性味甘酸寒；归心肝肾经；功效：滋阴补血、生津润燥。
external\cls_chinese_medicine/train/sangshen/sangshen_1275.jpg,桑葚,性味甘酸寒；归心肝肾经；功效：滋阴补血、生津润燥。
external\cls_chinese_medicine/train/sangshen/sangshen_1343.jpg,桑葚,性味甘酸寒；归心肝肾经；功效：滋阴补血、生津润燥。
external\cls_chinese_medicine/train/sangshen/sangshen_0081.jpg,桑葚,性味甘酸寒；归心肝肾经；功效：滋阴补血、生津润燥。
external\cls_chinese_medicine/train/sangshen/sangshen_0826.jpg,桑葚,性味甘酸寒；归心肝肾经；功效：滋阴补血、生津润燥。
external\cls_chinese_medicine/train/sangshen/sangshen_1490.jpg,桑葚,性味甘酸寒；归心肝肾经；功效：滋阴补血、生津润燥。
external\cls_chinese_medicine/train/sangshen/sangshen_1063.jpg,桑葚,性味甘酸寒；归心肝肾经；功效：滋阴补血、生津润燥。
external\cls_chinese_medicine/train/sangshen/sangshen_0191.jpg,桑葚,性味甘酸寒；归心肝肾经；功效：滋阴补血、生津润燥。
external\cls_chinese_medicine/train/sangshen/sangshen_0350.jpg,桑葚,性味甘酸寒；归心肝肾经；功效：滋阴补血、生津润燥。
external\cls_chinese_medicine/train/sangshen/sangshen_1416.jpg,桑葚,性味甘酸寒；归心肝肾经；功效：滋阴补血、生津润燥。
external\cls_chinese_medicine/train/sangshen/sangshen_0017.jpg,桑葚,性味甘酸寒；归心肝肾经；功效：滋阴补血、生津润燥。
external\cls_chinese_medicine/train/sangshen/sangshen_1385.jpg,桑葚,性味甘酸寒；归心肝肾经；功效：滋阴补血、生津润燥。
external\cls_chinese_medicine/train/sangshen/sangshen_0775.jpg,桑葚,性味甘酸寒；归心肝肾经；功效：滋阴补血、生津润燥。
external\cls_chinese_medicine/train/sangshen/sangshen_1274.jpg,桑葚,性味甘酸寒；归心肝肾经；功效：滋阴补血、生津润燥。
external\cls_chinese_medicine/train/sangshen/sangshen_1339.jpg,桑葚,性味甘酸寒；归心肝肾经；功效：滋阴补血、生津润燥。
external\cls_chinese_medicine/train/sangshen/sangshen_0246.jpg,桑葚,性味甘酸寒；归心肝肾经；功效：滋阴补血、生津润燥。
external\cls_chinese_medicine/train/sangshen/sangshen_1030.jpg,桑葚,性味甘酸寒；归心肝肾经；功效：滋阴补血、生津润燥。
external\cls_chinese_medicine/train/sangshen/sangshen_0688.jpg,桑葚,性味甘酸寒；归心肝肾经；功效：滋阴补血、生津润燥。
external\cls_chinese_medicine/train/sangshen/sangshen_1220.jpg,桑葚,性味甘酸寒；归心肝肾经；功效：滋阴补血、生津润燥。
external\cls_chinese_medicine/train/sangshen/sangshen_0618.jpg,桑葚,性味甘酸寒；归心肝肾经；功效：滋阴补血、生津润燥。
external\cls_chinese_medicine/train/sangshen/sangshen_0602.jpg,桑葚,性味甘酸寒；归心肝肾经；功效：滋阴补血、生津润燥。
external\cls_chinese_medicine/train/sangshen/sangshen_1021.jpg,桑葚,性味甘酸寒；归心肝肾经；功效：滋阴补血、生津润燥。
external\cls_chinese_medicine/train/sangshen/sangshen_0429.jpg,桑葚,性味甘酸寒；归心肝肾经；功效：滋阴补血、生津润燥。
external\cls_chinese_medicine/train/sangshen/sangshen_0248.jpg,桑葚,性味甘酸寒；归心肝肾经；功效：滋阴补血、生津润燥。
external\cls_chinese_medicine/train/sangshen/sangshen_0428.jpg,桑葚,性味甘酸寒；归心肝肾经；功效：滋阴补血、生津润燥。
external\cls_chinese_medicine/train/sangshen/sangshen_1007.jpg,桑葚,性味甘酸寒；归心肝肾经；功效：滋阴补血、生津润燥。
external\cls_chinese_medicine/train/sangshen/sangshen_1126.jpg,桑葚,性味甘酸寒；归心肝肾经；功效：滋阴补血、生津润燥。
external\cls_chinese_medicine/train/sangshen/sangshen_1136.jpg,桑葚,性味甘酸寒；归心肝肾经；功效：滋阴补血、生津润燥。
external\cls_chinese_medicine/train/sangshen/sangshen_1252.jpg,桑葚,性味甘酸寒；归心肝肾经；功效：滋阴补血、生津润燥。
external\cls_chinese_medicine/train/sangshen/sangshen_1311.jpg,桑葚,性味甘酸寒；归心肝肾经；功效：滋阴补血、生津润燥。
external\cls_chinese_medicine/train/sangshen/sangshen_1333.jpg,桑葚,性味甘酸寒；归心肝肾经；功效：滋阴补血、生津润燥。
external\cls_chinese_medicine/train/sangshen/sangshen_1453.jpg,桑葚,性味甘酸寒；归心肝肾经；功效：滋阴补血、生津润燥。
external\cls_chinese_medicine/train/sangshen/sangshen_0058.jpg,桑葚,性味甘酸寒；归心肝肾经；功效：滋阴补血、生津润燥。
external\cls_chinese_medicine/train/sangshen/sangshen_0076.jpg,桑葚,性味甘酸寒；归心肝肾经；功效：滋阴补血、生津润燥。
external\cls_chinese_medicine/train/sangshen/sangshen_1285.jpg,桑葚,性味甘酸寒；归心肝肾经；功效：滋阴补血、生津润燥。
external\cls_chinese_medicine/train/sangshen/sangshen_0426.jpg,桑葚,性味甘酸寒；归心肝肾经；功效：滋阴补血、生津润燥。
external\cls_chinese_medicine/train/sangshen/sangshen_0424.jpg,桑葚,性味甘酸寒；归心肝肾经；功效：滋阴补血、生津润燥。
external\cls_chinese_medicine/train/sangshen/sangshen_1509.jpg,桑葚,性味甘酸寒；归心肝肾经；功效：滋阴补血、生津润燥。
external\cls_chinese_medicine/train/sangshen/sangshen_0045.jpg,桑葚,性味甘酸寒；归心肝肾经；功效：滋阴补血、生津润燥。
external\cls_chinese_medicine/train/sangshen/sangshen_0629.jpg,桑葚,性味甘酸寒；归心肝肾经；功效：滋阴补血、生津润燥。
external\cls_chinese_medicine/train/sangshen/sangshen_1452.jpg,桑葚,性味甘酸寒；归心肝肾经；功效：滋阴补血、生津润燥。
external\cls_chinese_medicine/train/sangshen/sangshen_0960.jpg,桑葚,性味甘酸寒；归心肝肾经；功效：滋阴补血、生津润燥。
external\cls_chinese_medicine/train/sangshen/sangshen_1510.jpg,桑葚,性味甘酸寒；归心肝肾经；功效：滋阴补血、生津润燥。
external\cls_chinese_medicine/train/sangshen/sangshen_0104.jpg,桑葚,性味甘酸寒；归心肝肾经；功效：滋阴补血、生津润燥。
external\cls_chinese_medicine/train/sangshen/sangshen_1584.jpg,桑葚,性味甘酸寒；归心肝肾经；功效：滋阴补血、生津润燥。
external\cls_chinese_medicine/train/sangshen/sangshen_0946.jpg,桑葚,性味甘酸寒；归心肝肾经；功效：滋阴补血、生津润燥。
external\cls_chinese_medicine/train/sangshen/sangshen_0110.jpg,桑葚,性味甘酸寒；归心肝肾经；功效：滋阴补血、生津润燥。
external\cls_chinese_medicine/train/sangshen/sangshen_0392.jpg,桑葚,性味甘酸寒；归心肝肾经；功效：滋阴补血、生津润燥。
external\cls_chinese_medicine/train/sangshen/sangshen_1169.jpg,桑葚,性味甘酸寒；归心肝肾经；功效：滋阴补血、生津润燥。
external\cls_chinese_medicine/train/sangshen/sangshen_1183.jpg,桑葚,性味甘酸寒；归心肝肾经；功效：滋阴补血、生津润燥。
external\cls_chinese_medicine/train/sangshen/sangshen_0645.jpg,桑葚,性味甘酸寒；归心肝肾经；功效：滋阴补血、生津润燥。
external\cls_chinese_medicine/train/sangshen/sangshen_0362.jpg,桑葚,性味甘酸寒；归心肝肾经；功效：滋阴补血、生津润燥。
external\cls_chinese_medicine/train/sangshen/sangshen_1547.jpg,桑葚,性味甘酸寒；归心肝肾经；功效：滋阴补血、生津润燥。
external\cls_chinese_medicine/train/sangshen/sangshen_0522.jpg,桑葚,性味甘酸寒；归心肝肾经；功效：滋阴补血、生津润燥。
external\cls_chinese_medicine/train/sangshen/sangshen_0778.jpg,桑葚,性味甘酸寒；归心肝肾经；功效：滋阴补血、生津润燥。
external\cls_chinese_medicine/train/sangshen/sangshen_1099.jpg,桑葚,性味甘酸寒；归心肝肾经；功效：滋阴补血、生津润燥。
external\cls_chinese_medicine/train/sangshen/sangshen_0132.jpg,桑葚,性味甘酸寒；归心肝肾经；功效：滋阴补血、生津润燥。
external\cls_chinese_medicine/train/sangshen/sangshen_0816.jpg,桑葚,性味甘酸寒；归心肝肾经；功效：滋阴补血、生津润燥。
external\cls_chinese_medicine/train/sangshen/sangshen_0314.jpg,桑葚,性味甘酸寒；归心肝肾经；功效：滋阴补血、生津润燥。
external\cls_chinese_medicine/train/sangshen/sangshen_1174.jpg,桑葚,性味甘酸寒；归心肝肾经；功效：滋阴补血、生津润燥。
external\cls_chinese_medicine/train/sangshen/sangshen_0758.jpg,桑葚,性味甘酸寒；归心肝肾经；功效：滋阴补血、生津润燥。
external\cls_chinese_medicine/train/sangshen/sangshen_1208.jpg,桑葚,性味甘酸寒；归心肝肾经；功效：滋阴补血、生津润燥。
external\cls_chinese_medicine/train/sangshen/sangshen_0860.jpg,桑葚,性味甘酸寒；归心肝肾经；功效：滋阴补血、生津润燥。
external\cls_chinese_medicine/train/sangshen/sangshen_1044.jpg,桑葚,性味甘酸寒；归心肝肾经；功效：滋阴补血、生津润燥。
external\cls_chinese_medicine/train/sangshen/sangshen_0603.jpg,桑葚,性味甘酸寒；归心肝肾经；功效：滋阴补血、生津润燥。
external\cls_chinese_medicine/train/sangshen/sangshen_0249.jpg,桑葚,性味甘酸寒；归心肝肾经；功效：滋阴补血、生津润燥。
external\cls_chinese_medicine/train/sangshen/sangshen_1267.jpg,桑葚,性味甘酸寒；归心肝肾经；功效：滋阴补血、生津润燥。
external\cls_chinese_medicine/train/sangshen/sangshen_0280.jpg,桑葚,性味甘酸寒；归心肝肾经；功效：滋阴补血、生津润燥。
external\cls_chinese_medicine/train/sangshen/sangshen_0327.jpg,桑葚,性味甘酸寒；归心肝肾经；功效：滋阴补血、生津润燥。
external\cls_chinese_medicine/train/sangshen/sangshen_0308.jpg,桑葚,性味甘酸寒；归心肝肾经；功效：滋阴补血、生津润燥。
external\cls_chinese_medicine/train/sangshen/sangshen_0406.jpg,桑葚,性味甘酸寒；归心肝肾经；功效：滋阴补血、生津润燥。
external\cls_chinese_medicine/train/sangshen/sangshen_0493.jpg,桑葚,性味甘酸寒；归心肝肾经；功效：滋阴补血、生津润燥。
external\cls_chinese_medicine/train/sangshen/sangshen_1214.jpg,桑葚,性味甘酸寒；归心肝肾经；功效：滋阴补血、生津润燥。
external\cls_chinese_medicine/train/sangshen/sangshen_0373.jpg,桑葚,性味甘酸寒；归心肝肾经；功效：滋阴补血、生津润燥。
external\cls_chinese_medicine/train/sangshen/sangshen_1145.jpg,桑葚,性味甘酸寒；归心肝肾经；功效：滋阴补血、生津润燥。
external\cls_chinese_medicine/train/sangshen/sangshen_0034.jpg,桑葚,性味甘酸寒；归心肝肾经；功效：滋阴补血、生津润燥。
external\cls_chinese_medicine/train/sangshen/sangshen_0737.jpg,桑葚,性味甘酸寒；归心肝肾经；功效：滋阴补血、生津润燥。
external\cls_chinese_medicine/train/sangshen/sangshen_1463.jpg,桑葚,性味甘酸寒；归心肝肾经；功效：滋阴补血、生津润燥。
external\cls_chinese_medicine/train/sangshen/sangshen_0606.jpg,桑葚,性味甘酸寒；归心肝肾经；功效：滋阴补血、生津润燥。
external\cls_chinese_medicine/train/sangshen/sangshen_0743.jpg,桑葚,性味甘酸寒；归心肝肾经；功效：滋阴补血、生津润燥。
external\cls_chinese_medicine/train/sangshen/sangshen_0944.jpg,桑葚,性味甘酸寒；归心肝肾经；功效：滋阴补血、生津润燥。
external\cls_chinese_medicine/train/sangshen/sangshen_1332.jpg,桑葚,性味甘酸寒；归心肝肾经；功效：滋阴补血、生津润燥。
external\cls_chinese_medicine/train/sangshen/sangshen_0386.jpg,桑葚,性味甘酸寒；归心肝肾经；功效：滋阴补血、生津润燥。
external\cls_chinese_medicine/train/sangshen/sangshen_0284.jpg,桑葚,性味甘酸寒；归心肝肾经；功效：滋阴补血、生津润燥。
external\cls_chinese_medicine/train/sangshen/sangshen_0453.jpg,桑葚,性味甘酸寒；归心肝肾经；功效：滋阴补血、生津润燥。
external\cls_chinese_medicine/train/sangshen/sangshen_0978.jpg,桑葚,性味甘酸寒；归心肝肾经；功效：滋阴补血、生津润燥。
external\cls_chinese_medicine/train/sangshen/sangshen_0240.jpg,桑葚,性味甘酸寒；归心肝肾经；功效：滋阴补血、生津润燥。
external\cls_chinese_medicine/train/sangshen/sangshen_1382.jpg,桑葚,性味甘酸寒；归心肝肾经；功效：滋阴补血、生津润燥。
external\cls_chinese_medicine/train/sangshen/sangshen_0925.jpg,桑葚,性味甘酸寒；归心肝肾经；功效：滋阴补血、生津润燥。
external\cls_chinese_medicine/train/sangshen/sangshen_0168.jpg,桑葚,性味甘酸寒；归心肝肾经；功效：滋阴补血、生津润燥。
external\cls_chinese_medicine/train/sangshen/sangshen_1563.jpg,桑葚,性味甘酸寒；归心肝肾经；功效：滋阴补血、生津润燥。
external\cls_chinese_medicine/train/sangshen/sangshen_1069.jpg,桑葚,性味甘酸寒；归心肝肾经；功效：滋阴补血、生津润燥。
external\cls_chinese_medicine/train/sangshen/sangshen_1093.jpg,桑葚,性味甘酸寒；归心肝肾经；功效：滋阴补血、生津润燥。
external\cls_chinese_medicine/train/sangshen/sangshen_1277.jpg,桑葚,性味甘酸寒；归心肝肾经；功效：滋阴补血、生津润燥。
external\cls_chinese_medicine/train/sangshen/sangshen_0198.jpg,桑葚,性味甘酸寒；归心肝肾经；功效：滋阴补血、生津润燥。
external\cls_chinese_medicine/train/sangshen/sangshen_0544.jpg,桑葚,性味甘酸寒；归心肝肾经；功效：滋阴补血、生津润燥。
external\cls_chinese_medicine/train/sangshen/sangshen_0065.jpg,桑葚,性味甘酸寒；归心肝肾经；功效：滋阴补血、生津润燥。
external\cls_chinese_medicine/train/sangshen/sangshen_1194.jpg,桑葚,性味甘酸寒；归心肝肾经；功效：滋阴补血、生津润燥。
external\cls_chinese_medicine/train/sangshen/sangshen_0950.jpg,桑葚,性味甘酸寒；归心肝肾经；功效：滋阴补血、生津润燥。
external\cls_chinese_medicine/train/sangshen/sangshen_1579.jpg,桑葚,性味甘酸寒；归心肝肾经；功效：滋阴补血、生津润燥。
external\cls_chinese_medicine/train/sangshen/sangshen_1261.jpg,桑葚,性味甘酸寒；归心肝肾经；功效：滋阴补血、生津润燥。
external\cls_chinese_medicine/train/sangshen/sangshen_1609.jpg,桑葚,性味甘酸寒；归心肝肾经；功效：滋阴补血、生津润燥。
external\cls_chinese_medicine/train/sangshen/sangshen_1272.jpg,桑葚,性味甘酸寒；归心肝肾经；功效：滋阴补血、生津润燥。
external\cls_chinese_medicine/train/sangshen/sangshen_0378.jpg,桑葚,性味甘酸寒；归心肝肾经；功效：滋阴补血、生津润燥。
external\cls_chinese_medicine/train/sangshen/sangshen_1123.jpg,桑葚,性味甘酸寒；归心肝肾经；功效：滋阴补血、生津润燥。
external\cls_chinese_medicine/train/sangshen/sangshen_0227.jpg,桑葚,性味甘酸寒；归心肝肾经；功效：滋阴补血、生津润燥。
external\cls_chinese_medicine/train/sangshen/sangshen_1505.jpg,桑葚,性味甘酸寒；归心肝肾经；功效：滋阴补血、生津润燥。
external\cls_chinese_medicine/train/sangshen/sangshen_1462.jpg,桑葚,性味甘酸寒；归心肝肾经；功效：滋阴补血、生津润燥。
external\cls_chinese_medicine/train/sangshen/sangshen_0874.jpg,桑葚,性味甘酸寒；归心肝肾经；功效：滋阴补血、生津润燥。
external\cls_chinese_medicine/train/sangshen/sangshen_0992.jpg,桑葚,性味甘酸寒；归心肝肾经；功效：滋阴补血、生津润燥。
external\cls_chinese_medicine/train/sangshen/sangshen_1089.jpg,桑葚,性味甘酸寒；归心肝肾经；功效：滋阴补血、生津润燥。
external\cls_chinese_medicine/train/sangshen/sangshen_1329.jpg,桑葚,性味甘酸寒；归心肝肾经；功效：滋阴补血、生津润燥。
external\cls_chinese_medicine/train/sangshen/sangshen_1525.jpg,桑葚,性味甘酸寒；归心肝肾经；功效：滋阴补血、生津润燥。
external\cls_chinese_medicine/train/sangshen/sangshen_0680.jpg,桑葚,性味甘酸寒；归心肝肾经；功效：滋阴补血、生津润燥。
external\cls_chinese_medicine/train/sangshen/sangshen_0690.jpg,桑葚,性味甘酸寒；归心肝肾经；功效：滋阴补血、生津润燥。
external\cls_chinese_medicine/train/sangshen/sangshen_1162.jpg,桑葚,性味甘酸寒；归心肝肾经；功效：滋阴补血、生津润燥。
external\cls_chinese_medicine/train/sangshen/sangshen_1127.jpg,桑葚,性味甘酸寒；归心肝肾经；功效：滋阴补血、生津润燥。
external\cls_chinese_medicine/train/sangshen/sangshen_0355.jpg,桑葚,性味甘酸寒；归心肝肾经；功效：滋阴补血、生津润燥。
external\cls_chinese_medicine/train/sangshen/sangshen_1249.jpg,桑葚,性味甘酸寒；归心肝肾经；功效：滋阴补血、生津润燥。
external\cls_chinese_medicine/train/sangshen/sangshen_1559.jpg,桑葚,性味甘酸寒；归心肝肾经；功效：滋阴补血、生津润燥。
external\cls_chinese_medicine/train/sangshen/sangshen_0726.jpg,桑葚,性味甘酸寒；归心肝肾经；功效：滋阴补血、生津润燥。
external\cls_chinese_medicine/train/sangshen/sangshen_1153.jpg,桑葚,性味甘酸寒；归心肝肾经；功效：滋阴补血、生津润燥。
external\cls_chinese_medicine/train/sangshen/sangshen_1139.jpg,桑葚,性味甘酸寒；归心肝肾经；功效：滋阴补血、生津润燥。
external\cls_chinese_medicine/train/sangshen/sangshen_1257.jpg,桑葚,性味甘酸寒；归心肝肾经；功效：滋阴补血、生津润燥。
external\cls_chinese_medicine/train/sangshen/sangshen_0438.jpg,桑葚,性味甘酸寒；归心肝肾经；功效：滋阴补血、生津润燥。
external\cls_chinese_medicine/train/sangshen/sangshen_1500.jpg,桑葚,性味甘酸寒；归心肝肾经；功效：滋阴补血、生津润燥。
external\cls_chinese_medicine/train/sangshen/sangshen_1071.jpg,桑葚,性味甘酸寒；归心肝肾经；功效：滋阴补血、生津润燥。
external\cls_chinese_medicine/train/sangshen/sangshen_0287.jpg,桑葚,性味甘酸寒；归心肝肾经；功效：滋阴补血、生津润燥。
external\cls_chinese_medicine/train/sangshen/sangshen_1254.jpg,桑葚,性味甘酸寒；归心肝肾经；功效：滋阴补血、生津润燥。
external\cls_chinese_medicine/train/huaihua/huaihua_1423.jpg,槐花,性味苦微寒；归肝大肠经；功效：凉血止血、清肝泻火。
external\cls_chinese_medicine/train/huaihua/huaihua_0175.jpg,槐花,性味苦微寒；归肝大肠经；功效：凉血止血、清肝泻火。
external\cls_chinese_medicine/train/huaihua/huaihua_0371.jpg,槐花,性味苦微寒；归肝大肠经；功效：凉血止血、清肝泻火。
external\cls_chinese_medicine/train/huaihua/huaihua_0491.jpg,槐花,性味苦微寒；归肝大肠经；功效：凉血止血、清肝泻火。
external\cls_chinese_medicine/train/huaihua/huaihua_1467.jpg,槐花,性味苦微寒；归肝大肠经；功效：凉血止血、清肝泻火。
external\cls_chinese_medicine/train/huaihua/huaihua_1572.jpg,槐花,性味苦微寒；归肝大肠经；功效：凉血止血、清肝泻火。
external\cls_chinese_medicine/train/huaihua/huaihua_0064.jpg,槐花,性味苦微寒；归肝大肠经；功效：凉血止血、清肝泻火。
external\cls_chinese_medicine/train/huaihua/huaihua_0434.jpg,槐花,性味苦微寒；归肝大肠经；功效：凉血止血、清肝泻火。
external\cls_chinese_medicine/train/huaihua/huaihua_0750.jpg,槐花,性味苦微寒；归肝大肠经；功效：凉血止血、清肝泻火。
external\cls_chinese_medicine/train/huaihua/huaihua_0372.jpg,槐花,性味苦微寒；归肝大肠经；功效：凉血止血、清肝泻火。
external\cls_chinese_medicine/train/huaihua/huaihua_0034.jpg,槐花,性味苦微寒；归肝大肠经；功效：凉血止血、清肝泻火。
external\cls_chinese_medicine/train/huaihua/huaihua_1333.jpg,槐花,性味苦微寒；归肝大肠经；功效：凉血止血、清肝泻火。
external\cls_chinese_medicine/train/huaihua/huaihua_0894.jpg,槐花,性味苦微寒；归肝大肠经；功效：凉血止血、清肝泻火。
external\cls_chinese_medicine/train/huaihua/huaihua_1588.jpg,槐花,性味苦微寒；归肝大肠经；功效：凉血止血、清肝泻火。
external\cls_chinese_medicine/train/huaihua/huaihua_0683.jpg,槐花,性味苦微寒；归肝大肠经；功效：凉血止血、清肝泻火。
external\cls_chinese_medicine/train/huaihua/huaihua_1350.jpg,槐花,性味苦微寒；归肝大肠经；功效：凉血止血、清肝泻火。
external\cls_chinese_medicine/train/huaihua/huaihua_0392.jpg,槐花,性味苦微寒；归肝大肠经；功效：凉血止血、清肝泻火。
external\cls_chinese_medicine/train/huaihua/huaihua_0368.jpg,槐花,性味苦微寒；归肝大肠经；功效：凉血止血、清肝泻火。
external\cls_chinese_medicine/train/huaihua/huaihua_1568.jpg,槐花,性味苦微寒；归肝大肠经；功效：凉血止血、清肝泻火。
external\cls_chinese_medicine/train/huaihua/huaihua_1021.jpg,槐花,性味苦微寒；归肝大肠经；功效：凉血止血、清肝泻火。
external\cls_chinese_medicine/train/huaihua/huaihua_0998.jpg,槐花,性味苦微寒；归肝大肠经；功效：凉血止血、清肝泻火。
external\cls_chinese_medicine/train/huaihua/huaihua_1563.jpg,槐花,性味苦微寒；归肝大肠经；功效：凉血止血、清肝泻火。
external\cls_chinese_medicine/train/huaihua/huaihua_1025.jpg,槐花,性味苦微寒；归肝大肠经；功效：凉血止血、清肝泻火。
external\cls_chinese_medicine/train/huaihua/huaihua_0666.jpg,槐花,性味苦微寒；归肝大肠经；功效：凉血止血、清肝泻火。
external\cls_chinese_medicine/train/huaihua/huaihua_0169.jpg,槐花,性味苦微寒；归肝大肠经；功效：凉血止血、清肝泻火。
external\cls_chinese_medicine/train/huaihua/huaihua_0399.jpg,槐花,性味苦微寒；归肝大肠经；功效：凉血止血、清肝泻火。
external\cls_chinese_medicine/train/huaihua/huaihua_0252.jpg,槐花,性味苦微寒；归肝大肠经；功效：凉血止血、清肝泻火。
external\cls_chinese_medicine/train/huaihua/huaihua_0286.jpg,槐花,性味苦微寒；归肝大肠经；功效：凉血止血、清肝泻火。
external\cls_chinese_medicine/train/huaihua/huaihua_0273.jpg,槐花,性味苦微寒；归肝大肠经；功效：凉血止血、清肝泻火。
external\cls_chinese_medicine/train/huaihua/huaihua_0595.jpg,槐花,性味苦微寒；归肝大肠经；功效：凉血止血、清肝泻火。
external\cls_chinese_medicine/train/huaihua/huaihua_0823.jpg,槐花,性味苦微寒；归肝大肠经；功效：凉血止血、清肝泻火。
external\cls_chinese_medicine/train/huaihua/huaihua_0129.jpg,槐花,性味苦微寒；归肝大肠经；功效：凉血止血、清肝泻火。
external\cls_chinese_medicine/train/huaihua/huaihua_1052.jpg,槐花,性味苦微寒；归肝大肠经；功效：凉血止血、清肝泻火。
external\cls_chinese_medicine/train/huaihua/huaihua_0348.jpg,槐花,性味苦微寒；归肝大肠经；功效：凉血止血、清肝泻火。
external\cls_chinese_medicine/train/huaihua/huaihua_0618.jpg,槐花,性味苦微寒；归肝大肠经；功效：凉血止血、清肝泻火。
external\cls_chinese_medicine/train/huaihua/huaihua_0538.jpg,槐花,性味苦微寒；归肝大肠经；功效：凉血止血、清肝泻火。
external\cls_chinese_medicine/train/huaihua/huaihua_1576.jpg,槐花,性味苦微寒；归肝大肠经；功效：凉血止血、清肝泻火。
external\cls_chinese_medicine/train/huaihua/huaihua_0936.jpg,槐花,性味苦微寒；归肝大肠经；功效：凉血止血、清肝泻火。
external\cls_chinese_medicine/train/huaihua/huaihua_1545.jpg,槐花,性味苦微寒；归肝大肠经；功效：凉血止血、清肝泻火。
external\cls_chinese_medicine/train/huaihua/huaihua_0832.jpg,槐花,性味苦微寒；归肝大肠经；功效：凉血止血、清肝泻火。
external\cls_chinese_medicine/train/huaihua/huaihua_0070.jpg,槐花,性味苦微寒；归肝大肠经；功效：凉血止血、清肝泻火。
external\cls_chinese_medicine/train/huaihua/huaihua_0146.jpg,槐花,性味苦微寒；归肝大肠经；功效：凉血止血、清肝泻火。
external\cls_chinese_medicine/train/huaihua/huaihua_0847.jpg,槐花,性味苦微寒；归肝大肠经；功效：凉血止血、清肝泻火。
external\cls_chinese_medicine/train/huaihua/huaihua_0952.jpg,槐花,性味苦微寒；归肝大肠经；功效：凉血止血、清肝泻火。
external\cls_chinese_medicine/train/huaihua/huaihua_0729.jpg,槐花,性味苦微寒；归肝大肠经；功效：凉血止血、清肝泻火。
external\cls_chinese_medicine/train/huaihua/huaihua_0899.jpg,槐花,性味苦微寒；归肝大肠经；功效：凉血止血、清肝泻火。
external\cls_chinese_medicine/train/huaihua/huaihua_0259.jpg,槐花,性味苦微寒；归肝大肠经；功效：凉血止血、清肝泻火。
external\cls_chinese_medicine/train/huaihua/huaihua_1251.jpg,槐花,性味苦微寒；归肝大肠经；功效：凉血止血、清肝泻火。
external\cls_chinese_medicine/train/huaihua/huaihua_0370.jpg,槐花,性味苦微寒；归肝大肠经；功效：凉血止血、清肝泻火。
external\cls_chinese_medicine/train/huaihua/huaihua_0956.jpg,槐花,性味苦微寒；归肝大肠经；功效：凉血止血、清肝泻火。
external\cls_chinese_medicine/train/huaihua/huaihua_0842.jpg,槐花,性味苦微寒；归肝大肠经；功效：凉血止血、清肝泻火。
external\cls_chinese_medicine/train/huaihua/huaihua_1489.jpg,槐花,性味苦微寒；归肝大肠经；功效：凉血止血、清肝泻火。
external\cls_chinese_medicine/train/huaihua/huaihua_0180.jpg,槐花,性味苦微寒；归肝大肠经；功效：凉血止血、清肝泻火。
external\cls_chinese_medicine/train/huaihua/huaihua_1264.jpg,槐花,性味苦微寒；归肝大肠经；功效：凉血止血、清肝泻火。
external\cls_chinese_medicine/train/huaihua/huaihua_1355.jpg,槐花,性味苦微寒；归肝大肠经；功效：凉血止血、清肝泻火。
external\cls_chinese_medicine/train/huaihua/huaihua_1608.jpg,槐花,性味苦微寒；归肝大肠经；功效：凉血止血、清肝泻火。
external\cls_chinese_medicine/train/huaihua/huaihua_0816.jpg,槐花,性味苦微寒；归肝大肠经；功效：凉血止血、清肝泻火。
external\cls_chinese_medicine/train/huaihua/huaihua_0645.jpg,槐花,性味苦微寒；归肝大肠经；功效：凉血止血、清肝泻火。
external\cls_chinese_medicine/train/huaihua/huaihua_1314.jpg,槐花,性味苦微寒；归肝大肠经；功效：凉血止血、清肝泻火。
external\cls_chinese_medicine/train/huaihua/huaihua_0579.jpg,槐花,性味苦微寒；归肝大肠经；功效：凉血止血、清肝泻火。
external\cls_chinese_medicine/train/huaihua/huaihua_0449.jpg,槐花,性味苦微寒；归肝大肠经；功效：凉血止血、清肝泻火。
external\cls_chinese_medicine/train/huaihua/huaihua_0828.jpg,槐花,性味苦微寒；归肝大肠经；功效：凉血止血、清肝泻火。
external\cls_chinese_medicine/train/huaihua/huaihua_0026.jpg,槐花,性味苦微寒；归肝大肠经；功效：凉血止血、清肝泻火。
external\cls_chinese_medicine/train/huaihua/huaihua_1179.jpg,槐花,性味苦微寒；归肝大肠经；功效：凉血止血、清肝泻火。
external\cls_chinese_medicine/train/huaihua/huaihua_1220.jpg,槐花,性味苦微寒；归肝大肠经；功效：凉血止血、清肝泻火。
external\cls_chinese_medicine/train/huaihua/huaihua_0054.jpg,槐花,性味苦微寒；归肝大肠经；功效：凉血止血、清肝泻火。
external\cls_chinese_medicine/train/huaihua/huaihua_1464.jpg,槐花,性味苦微寒；归肝大肠经；功效：凉血止血、清肝泻火。
external\cls_chinese_medicine/train/huaihua/huaihua_0104.jpg,槐花,性味苦微寒；归肝大肠经；功效：凉血止血、清肝泻火。
external\cls_chinese_medicine/train/huaihua/huaihua_1161.jpg,槐花,性味苦微寒；归肝大肠经；功效：凉血止血、清肝泻火。
external\cls_chinese_medicine/train/huaihua/huaihua_1217.jpg,槐花,性味苦微寒；归肝大肠经；功效：凉血止血、清肝泻火。
external\cls_chinese_medicine/train/huaihua/huaihua_0524.jpg,槐花,性味苦微寒；归肝大肠经；功效：凉血止血、清肝泻火。
external\cls_chinese_medicine/train/huaihua/huaihua_0611.jpg,槐花,性味苦微寒；归肝大肠经；功效：凉血止血、清肝泻火。
external\cls_chinese_medicine/train/huaihua/huaihua_1007.jpg,槐花,性味苦微寒；归肝大肠经；功效：凉血止血、清肝泻火。
external\cls_chinese_medicine/train/huaihua/huaihua_1263.jpg,槐花,性味苦微寒；归肝大肠经；功效：凉血止血、清肝泻火。
external\cls_chinese_medicine/train/huaihua/huaihua_1513.jpg,槐花,性味苦微寒；归肝大肠经；功效：凉血止血、清肝泻火。
external\cls_chinese_medicine/train/huaihua/huaihua_1203.jpg,槐花,性味苦微寒；归肝大肠经；功效：凉血止血、清肝泻火。
external\cls_chinese_medicine/train/huaihua/huaihua_0283.jpg,槐花,性味苦微寒；归肝大肠经；功效：凉血止血、清肝泻火。
external\cls_chinese_medicine/train/huaihua/huaihua_0547.jpg,槐花,性味苦微寒；归肝大肠经；功效：凉血止血、清肝泻火。
external\cls_chinese_medicine/train/huaihua/huaihua_0210.jpg,槐花,性味苦微寒；归肝大肠经；功效：凉血止血、清肝泻火。
external\cls_chinese_medicine/train/huaihua/huaihua_1205.jpg,槐花,性味苦微寒；归肝大肠经；功效：凉血止血、清肝泻火。
external\cls_chinese_medicine/train/huaihua/huaihua_0865.jpg,槐花,性味苦微寒；归肝大肠经；功效：凉血止血、清肝泻火。
external\cls_chinese_medicine/train/huaihua/huaihua_0713.jpg,槐花,性味苦微寒；归肝大肠经；功效：凉血止血、清肝泻火。
external\cls_chinese_medicine/train/huaihua/huaihua_0800.jpg,槐花,性味苦微寒；归肝大肠经；功效：凉血止血、清肝泻火。
external\cls_chinese_medicine/train/huaihua/huaihua_0401.jpg,槐花,性味苦微寒；归肝大肠经；功效：凉血止血、清肝泻火。
external\cls_chinese_medicine/train/huaihua/huaihua_0249.jpg,槐花,性味苦微寒；归肝大肠经；功效：凉血止血、清肝泻火。
external\cls_chinese_medicine/train/huaihua/huaihua_0251.jpg,槐花,性味苦微寒；归肝大肠经；功效：凉血止血、清肝泻火。
external\cls_chinese_medicine/train/huaihua/huaihua_0056.jpg,槐花,性味苦微寒；归肝大肠经；功效：凉血止血、清肝泻火。
external\cls_chinese_medicine/train/huaihua/huaihua_0075.jpg,槐花,性味苦微寒；归肝大肠经；功效：凉血止血、清肝泻火。
external\cls_chinese_medicine/train/huaihua/huaihua_1456.jpg,槐花,性味苦微寒；归肝大肠经；功效：凉血止血、清肝泻火。
external\cls_chinese_medicine/train/huaihua/huaihua_0081.jpg,槐花,性味苦微寒；归肝大肠经；功效：凉血止血、清肝泻火。
external\cls_chinese_medicine/train/huaihua/huaihua_1037.jpg,槐花,性味苦微寒；归肝大肠经；功效：凉血止血、清肝泻火。
external\cls_chinese_medicine/train/huaihua/huaihua_1149.jpg,槐花,性味苦微寒；归肝大肠经；功效：凉血止血、清肝泻火。
external\cls_chinese_medicine/train/huaihua/huaihua_0895.jpg,槐花,性味苦微寒；归肝大肠经；功效：凉血止血、清肝泻火。
external\cls_chinese_medicine/train/huaihua/huaihua_0607.jpg,槐花,性味苦微寒；归肝大肠经；功效：凉血止血、清肝泻火。
external\cls_chinese_medicine/train/huaihua/huaihua_0968.jpg,槐花,性味苦微寒；归肝大肠经；功效：凉血止血、清肝泻火。
external\cls_chinese_medicine/train/huaihua/huaihua_1409.jpg,槐花,性味苦微寒；归肝大肠经；功效：凉血止血、清肝泻火。
external\cls_chinese_medicine/train/huaihua/huaihua_0140.jpg,槐花,性味苦微寒；归肝大肠经；功效：凉血止血、清肝泻火。
external\cls_chinese_medicine/train/huaihua/huaihua_1044.jpg,槐花,性味苦微寒；归肝大肠经；功效：凉血止血、清肝泻火。
external\cls_chinese_medicine/train/huaihua/huaihua_0803.jpg,槐花,性味苦微寒；归肝大肠经；功效：凉血止血、清肝泻火。
external\cls_chinese_medicine/train/huaihua/huaihua_0331.jpg,槐花,性味苦微寒；归肝大肠经；功效：凉血止血、清肝泻火。
external\cls_chinese_medicine/train/huaihua/huaihua_0521.jpg,槐花,性味苦微寒；归肝大肠经；功效：凉血止血、清肝泻火。
external\cls_chinese_medicine/train/huaihua/huaihua_1229.jpg,槐花,性味苦微寒；归肝大肠经；功效：凉血止血、清肝泻火。
external\cls_chinese_medicine/train/huaihua/huaihua_0854.jpg,槐花,性味苦微寒；归肝大肠经；功效：凉血止血、清肝泻火。
external\cls_chinese_medicine/train/huaihua/huaihua_1069.jpg,槐花,性味苦微寒；归肝大肠经；功效：凉血止血、清肝泻火。
external\cls_chinese_medicine/train/huaihua/huaihua_0385.jpg,槐花,性味苦微寒；归肝大肠经；功效：凉血止血、清肝泻火。
external\cls_chinese_medicine/train/huaihua/huaihua_0128.jpg,槐花,性味苦微寒；归肝大肠经；功效：凉血止血、清肝泻火。
external\cls_chinese_medicine/train/huaihua/huaihua_0256.jpg,槐花,性味苦微寒；归肝大肠经；功效：凉血止血、清肝泻火。
external\cls_chinese_medicine/train/huaihua/huaihua_0559.jpg,槐花,性味苦微寒；归肝大肠经；功效：凉血止血、清肝泻火。
external\cls_chinese_medicine/train/huaihua/huaihua_0231.jpg,槐花,性味苦微寒；归肝大肠经；功效：凉血止血、清肝泻火。
external\cls_chinese_medicine/train/huaihua/huaihua_1274.jpg,槐花,性味苦微寒；归肝大肠经；功效：凉血止血、清肝泻火。
external\cls_chinese_medicine/train/huaihua/huaihua_0194.jpg,槐花,性味苦微寒；归肝大肠经；功效：凉血止血、清肝泻火。
external\cls_chinese_medicine/train/huaihua/huaihua_0758.jpg,槐花,性味苦微寒；归肝大肠经；功效：凉血止血、清肝泻火。
external\cls_chinese_medicine/train/huaihua/huaihua_1152.jpg,槐花,性味苦微寒；归肝大肠经；功效：凉血止血、清肝泻火。
external\cls_chinese_medicine/train/huaihua/huaihua_1107.jpg,槐花,性味苦微寒；归肝大肠经；功效：凉血止血、清肝泻火。
external\cls_chinese_medicine/train/huaihua/huaihua_1148.jpg,槐花,性味苦微寒；归肝大肠经；功效：凉血止血、清肝泻火。
external\cls_chinese_medicine/train/huaihua/huaihua_0638.jpg,槐花,性味苦微寒；归肝大肠经；功效：凉血止血、清肝泻火。
external\cls_chinese_medicine/train/huaihua/huaihua_0072.jpg,槐花,性味苦微寒；归肝大肠经；功效：凉血止血、清肝泻火。
external\cls_chinese_medicine/train/huaihua/huaihua_1585.jpg,槐花,性味苦微寒；归肝大肠经；功效：凉血止血、清肝泻火。
external\cls_chinese_medicine/train/huaihua/huaihua_0033.jpg,槐花,性味苦微寒；归肝大肠经；功效：凉血止血、清肝泻火。
external\cls_chinese_medicine/train/huaihua/huaihua_0749.jpg,槐花,性味苦微寒；归肝大肠经；功效：凉血止血、清肝泻火。
external\cls_chinese_medicine/train/huaihua/huaihua_0560.jpg,槐花,性味苦微寒；归肝大肠经；功效：凉血止血、清肝泻火。
external\cls_chinese_medicine/train/huaihua/huaihua_0439.jpg,槐花,性味苦微寒；归肝大肠经；功效：凉血止血、清肝泻火。
external\cls_chinese_medicine/train/huaihua/huaihua_0736.jpg,槐花,性味苦微寒；归肝大肠经；功效：凉血止血、清肝泻火。
external\cls_chinese_medicine/train/huaihua/huaihua_0214.jpg,槐花,性味苦微寒；归肝大肠经；功效：凉血止血、清肝泻火。
external\cls_chinese_medicine/train/huaihua/huaihua_1171.jpg,槐花,性味苦微寒；归肝大肠经；功效：凉血止血、清肝泻火。
external\cls_chinese_medicine/train/huaihua/huaihua_1531.jpg,槐花,性味苦微寒；归肝大肠经；功效：凉血止血、清肝泻火。
external\cls_chinese_medicine/train/huaihua/huaihua_0604.jpg,槐花,性味苦微寒；归肝大肠经；功效：凉血止血、清肝泻火。
external\cls_chinese_medicine/train/huaihua/huaihua_0435.jpg,槐花,性味苦微寒；归肝大肠经；功效：凉血止血、清肝泻火。
external\cls_chinese_medicine/train/huaihua/huaihua_0571.jpg,槐花,性味苦微寒；归肝大肠经；功效：凉血止血、清肝泻火。
external\cls_chinese_medicine/train/huaihua/huaihua_0712.jpg,槐花,性味苦微寒；归肝大肠经；功效：凉血止血、清肝泻火。
external\cls_chinese_medicine/train/huaihua/huaihua_1101.jpg,槐花,性味苦微寒；归肝大肠经；功效：凉血止血、清肝泻火。
external\cls_chinese_medicine/train/huaihua/huaihua_1265.jpg,槐花,性味苦微寒；归肝大肠经；功效：凉血止血、清肝泻火。
external\cls_chinese_medicine/train/huaihua/huaihua_0946.jpg,槐花,性味苦微寒；归肝大肠经；功效：凉血止血、清肝泻火。
external\cls_chinese_medicine/train/huaihua/huaihua_0271.jpg,槐花,性味苦微寒；归肝大肠经；功效：凉血止血、清肝泻火。
external\cls_chinese_medicine/train/huaihua/huaihua_1092.jpg,槐花,性味苦微寒；归肝大肠经；功效：凉血止血、清肝泻火。
external\cls_chinese_medicine/train/huaihua/huaihua_0182.jpg,槐花,性味苦微寒；归肝大肠经；功效：凉血止血、清肝泻火。
external\cls_chinese_medicine/train/huaihua/huaihua_1397.jpg,槐花,性味苦微寒；归肝大肠经；功效：凉血止血、清肝泻火。
external\cls_chinese_medicine/train/huaihua/huaihua_0942.jpg,槐花,性味苦微寒；归肝大肠经；功效：凉血止血、清肝泻火。
external\cls_chinese_medicine/train/huaihua/huaihua_0870.jpg,槐花,性味苦微寒；归肝大肠经；功效：凉血止血、清肝泻火。
external\cls_chinese_medicine/train/huaihua/huaihua_0631.jpg,槐花,性味苦微寒；归肝大肠经；功效：凉血止血、清肝泻火。
external\cls_chinese_medicine/train/huaihua/huaihua_0981.jpg,槐花,性味苦微寒；归肝大肠经；功效：凉血止血、清肝泻火。
external\cls_chinese_medicine/train/huaihua/huaihua_0209.jpg,槐花,性味苦微寒；归肝大肠经；功效：凉血止血、清肝泻火。
external\cls_chinese_medicine/train/huaihua/huaihua_0717.jpg,槐花,性味苦微寒；归肝大肠经；功效：凉血止血、清肝泻火。
external\cls_chinese_medicine/train/huaihua/huaihua_1163.jpg,槐花,性味苦微寒；归肝大肠经；功效：凉血止血、清肝泻火。
external\cls_chinese_medicine/train/huaihua/huaihua_0696.jpg,槐花,性味苦微寒；归肝大肠经；功效：凉血止血、清肝泻火。
external\cls_chinese_medicine/train/huaihua/huaihua_1527.jpg,槐花,性味苦微寒；归肝大肠经；功效：凉血止血、清肝泻火。
external\cls_chinese_medicine/train/huaihua/huaihua_0788.jpg,槐花,性味苦微寒；归肝大肠经；功效：凉血止血、清肝泻火。
external\cls_chinese_medicine/train/huaihua/huaihua_0400.jpg,槐花,性味苦微寒；归肝大肠经；功效：凉血止血、清肝泻火。
external\cls_chinese_medicine/train/huaihua/huaihua_0324.jpg,槐花,性味苦微寒；归肝大肠经；功效：凉血止血、清肝泻火。
external\cls_chinese_medicine/train/huaihua/huaihua_0557.jpg,槐花,性味苦微寒；归肝大肠经；功效：凉血止血、清肝泻火。
external\cls_chinese_medicine/train/huaihua/huaihua_0430.jpg,槐花,性味苦微寒；归肝大肠经；功效：凉血止血、清肝泻火。
external\cls_chinese_medicine/train/huaihua/huaihua_0554.jpg,槐花,性味苦微寒；归肝大肠经；功效：凉血止血、清肝泻火。
external\cls_chinese_medicine/train/huaihua/huaihua_1398.jpg,槐花,性味苦微寒；归肝大肠经；功效：凉血止血、清肝泻火。
external\cls_chinese_medicine/train/huaihua/huaihua_0461.jpg,槐花,性味苦微寒；归肝大肠经；功效：凉血止血、清肝泻火。
external\cls_chinese_medicine/train/huaihua/huaihua_1349.jpg,槐花,性味苦微寒；归肝大肠经；功效：凉血止血、清肝泻火。
external\cls_chinese_medicine/train/huaihua/huaihua_0049.jpg,槐花,性味苦微寒；归肝大肠经；功效：凉血止血、清肝泻火。
external\cls_chinese_medicine/train/huaihua/huaihua_0504.jpg,槐花,性味苦微寒；归肝大肠经；功效：凉血止血、清肝泻火。
external\cls_chinese_medicine/train/huaihua/huaihua_1140.jpg,槐花,性味苦微寒；归肝大肠经；功效：凉血止血、清肝泻火。
external\cls_chinese_medicine/train/huaihua/huaihua_0987.jpg,槐花,性味苦微寒；归肝大肠经；功效：凉血止血、清肝泻火。
external\cls_chinese_medicine/train/huaihua/huaihua_0735.jpg,槐花,性味苦微寒；归肝大肠经；功效：凉血止血、清肝泻火。
external\cls_chinese_medicine/train/huaihua/huaihua_1158.jpg,槐花,性味苦微寒；归肝大肠经；功效：凉血止血、清肝泻火。
external\cls_chinese_medicine/train/huaihua/huaihua_0413.jpg,槐花,性味苦微寒；归肝大肠经；功效：凉血止血、清肝泻火。
external\cls_chinese_medicine/train/huaihua/huaihua_0120.jpg,槐花,性味苦微寒；归肝大肠经；功效：凉血止血、清肝泻火。
external\cls_chinese_medicine/train/huaihua/huaihua_0625.jpg,槐花,性味苦微寒；归肝大肠经；功效：凉血止血、清肝泻火。
external\cls_chinese_medicine/train/huaihua/huaihua_0193.jpg,槐花,性味苦微寒；归肝大肠经；功效：凉血止血、清肝泻火。
external\cls_chinese_medicine/train/huaihua/huaihua_1218.jpg,槐花,性味苦微寒；归肝大肠经；功效：凉血止血、清肝泻火。
external\cls_chinese_medicine/train/huaihua/huaihua_0317.jpg,槐花,性味苦微寒；归肝大肠经；功效：凉血止血、清肝泻火。
external\cls_chinese_medicine/train/huaihua/huaihua_0879.jpg,槐花,性味苦微寒；归肝大肠经；功效：凉血止血、清肝泻火。
external\cls_chinese_medicine/train/huaihua/huaihua_0355.jpg,槐花,性味苦微寒；归肝大肠经；功效：凉血止血、清肝泻火。
external\cls_chinese_medicine/train/huaihua/huaihua_0287.jpg,槐花,性味苦微寒；归肝大肠经；功效：凉血止血、清肝泻火。
external\cls_chinese_medicine/train/huaihua/huaihua_0083.jpg,槐花,性味苦微寒；归肝大肠经；功效：凉血止血、清肝泻火。
external\cls_chinese_medicine/train/huaihua/huaihua_0361.jpg,槐花,性味苦微寒；归肝大肠经；功效：凉血止血、清肝泻火。
external\cls_chinese_medicine/train/huaihua/huaihua_1491.jpg,槐花,性味苦微寒；归肝大肠经；功效：凉血止血、清肝泻火。
external\cls_chinese_medicine/train/huaihua/huaihua_1400.jpg,槐花,性味苦微寒；归肝大肠经；功效：凉血止血、清肝泻火。
external\cls_chinese_medicine/train/huaihua/huaihua_0358.jpg,槐花,性味苦微寒；归肝大肠经；功效：凉血止血、清肝泻火。
external\cls_chinese_medicine/train/huaihua/huaihua_1150.jpg,槐花,性味苦微寒；归肝大肠经；功效：凉血止血、清肝泻火。
external\cls_chinese_medicine/train/huaihua/huaihua_0589.jpg,槐花,性味苦微寒；归肝大肠经；功效：凉血止血、清肝泻火。
external\cls_chinese_medicine/train/huaihua/huaihua_0016.jpg,槐花,性味苦微寒；归肝大肠经；功效：凉血止血、清肝泻火。
external\cls_chinese_medicine/train/huaihua/huaihua_1583.jpg,槐花,性味苦微寒；归肝大肠经；功效：凉血止血、清肝泻火。
external\cls_chinese_medicine/train/huaihua/huaihua_0485.jpg,槐花,性味苦微寒；归肝大肠经；功效：凉血止血、清肝泻火。
external\cls_chinese_medicine/train/huaihua/huaihua_0448.jpg,槐花,性味苦微寒；归肝大肠经；功效：凉血止血、清肝泻火。
external\cls_chinese_medicine/train/huaihua/huaihua_1427.jpg,槐花,性味苦微寒；归肝大肠经；功效：凉血止血、清肝泻火。
external\cls_chinese_medicine/train/huaihua/huaihua_1332.jpg,槐花,性味苦微寒；归肝大肠经；功效：凉血止血、清肝泻火。
external\cls_chinese_medicine/train/huaihua/huaihua_1313.jpg,槐花,性味苦微寒；归肝大肠经；功效：凉血止血、清肝泻火。
external\cls_chinese_medicine/train/huaihua/huaihua_1476.jpg,槐花,性味苦微寒；归肝大肠经；功效：凉血止血、清肝泻火。
external\cls_chinese_medicine/train/huaihua/huaihua_0960.jpg,槐花,性味苦微寒；归肝大肠经；功效：凉血止血、清肝泻火。
external\cls_chinese_medicine/train/huaihua/huaihua_0651.jpg,槐花,性味苦微寒；归肝大肠经；功效：凉血止血、清肝泻火。
external\cls_chinese_medicine/train/huaihua/huaihua_1549.jpg,槐花,性味苦微寒；归肝大肠经；功效：凉血止血、清肝泻火。
external\cls_chinese_medicine/train/huaihua/huaihua_0613.jpg,槐花,性味苦微寒；归肝大肠经；功效：凉血止血、清肝泻火。
external\cls_chinese_medicine/train/huaihua/huaihua_1122.jpg,槐花,性味苦微寒；归肝大肠经；功效：凉血止血、清肝泻火。
external\cls_chinese_medicine/train/huaihua/huaihua_0619.jpg,槐花,性味苦微寒；归肝大肠经；功效：凉血止血、清肝泻火。
external\cls_chinese_medicine/train/huaihua/huaihua_0661.jpg,槐花,性味苦微寒；归肝大肠经；功效：凉血止血、清肝泻火。
external\cls_chinese_medicine/train/huaihua/huaihua_0384.jpg,槐花,性味苦微寒；归肝大肠经；功效：凉血止血、清肝泻火。
external\cls_chinese_medicine/train/huaihua/huaihua_0878.jpg,槐花,性味苦微寒；归肝大肠经；功效：凉血止血、清肝泻火。
external\cls_chinese_medicine/train/huaihua/huaihua_0989.jpg,槐花,性味苦微寒；归肝大肠经；功效：凉血止血、清肝泻火。
external\cls_chinese_medicine/train/huaihua/huaihua_1103.jpg,槐花,性味苦微寒；归肝大肠经；功效：凉血止血、清肝泻火。
external\cls_chinese_medicine/train/huaihua/huaihua_0502.jpg,槐花,性味苦微寒；归肝大肠经；功效：凉血止血、清肝泻火。
external\cls_chinese_medicine/train/huaihua/huaihua_0553.jpg,槐花,性味苦微寒；归肝大肠经；功效：凉血止血、清肝泻火。
external\cls_chinese_medicine/train/huaihua/huaihua_1375.jpg,槐花,性味苦微寒；归肝大肠经；功效：凉血止血、清肝泻火。
external\cls_chinese_medicine/train/huaihua/huaihua_0061.jpg,槐花,性味苦微寒；归肝大肠经；功效：凉血止血、清肝泻火。
external\cls_chinese_medicine/train/huaihua/huaihua_0078.jpg,槐花,性味苦微寒；归肝大肠经；功效：凉血止血、清肝泻火。
external\cls_chinese_medicine/train/huaihua/huaihua_0588.jpg,槐花,性味苦微寒；归肝大肠经；功效：凉血止血、清肝泻火。
external\cls_chinese_medicine/train/huaihua/huaihua_0757.jpg,槐花,性味苦微寒；归肝大肠经；功效：凉血止血、清肝泻火。
external\cls_chinese_medicine/train/huaihua/huaihua_1254.jpg,槐花,性味苦微寒；归肝大肠经；功效：凉血止血、清肝泻火。
external\cls_chinese_medicine/train/huaihua/huaihua_0379.jpg,槐花,性味苦微寒；归肝大肠经；功效：凉血止血、清肝泻火。
external\cls_chinese_medicine/train/huaihua/huaihua_0048.jpg,槐花,性味苦微寒；归肝大肠经；功效：凉血止血、清肝泻火。
external\cls_chinese_medicine/train/huaihua/huaihua_1293.jpg,槐花,性味苦微寒；归肝大肠经；功效：凉血止血、清肝泻火。
external\cls_chinese_medicine/train/huaihua/huaihua_1199.jpg,槐花,性味苦微寒；归肝大肠经；功效：凉血止血、清肝泻火。
external\cls_chinese_medicine/train/huaihua/huaihua_0963.jpg,槐花,性味苦微寒；归肝大肠经；功效：凉血止血、清肝泻火。
external\cls_chinese_medicine/train/huaihua/huaihua_1407.jpg,槐花,性味苦微寒；归肝大肠经；功效：凉血止血、清肝泻火。
external\cls_chinese_medicine/train/huaihua/huaihua_0106.jpg,槐花,性味苦微寒；归肝大肠经；功效：凉血止血、清肝泻火。
external\cls_chinese_medicine/train/huaihua/huaihua_0453.jpg,槐花,性味苦微寒；归肝大肠经；功效：凉血止血、清肝泻火。
external\cls_chinese_medicine/train/huaihua/huaihua_0633.jpg,槐花,性味苦微寒；归肝大肠经；功效：凉血止血、清肝泻火。
external\cls_chinese_medicine/train/huaihua/huaihua_0112.jpg,槐花,性味苦微寒；归肝大肠经；功效：凉血止血、清肝泻火。
external\cls_chinese_medicine/train/huaihua/huaihua_0686.jpg,槐花,性味苦微寒；归肝大肠经；功效：凉血止血、清肝泻火。
external\cls_chinese_medicine/train/huaihua/huaihua_1134.jpg,槐花,性味苦微寒；归肝大肠经；功效：凉血止血、清肝泻火。
external\cls_chinese_medicine/train/huaihua/huaihua_0795.jpg,槐花,性味苦微寒；归肝大肠经；功效：凉血止血、清肝泻火。
external\cls_chinese_medicine/train/huaihua/huaihua_0897.jpg,槐花,性味苦微寒；归肝大肠经；功效：凉血止血、清肝泻火。
external\cls_chinese_medicine/train/huaihua/huaihua_1307.jpg,槐花,性味苦微寒；归肝大肠经；功效：凉血止血、清肝泻火。
external\cls_chinese_medicine/train/huaihua/huaihua_1008.jpg,槐花,性味苦微寒；归肝大肠经；功效：凉血止血、清肝泻火。
external\cls_chinese_medicine/train/huaihua/huaihua_1188.jpg,槐花,性味苦微寒；归肝大肠经；功效：凉血止血、清肝泻火。
external\cls_chinese_medicine/train/huaihua/huaihua_1074.jpg,槐花,性味苦微寒；归肝大肠经；功效：凉血止血、清肝泻火。
external\cls_chinese_medicine/train/huaihua/huaihua_1605.jpg,槐花,性味苦微寒；归肝大肠经；功效：凉血止血、清肝泻火。
external\cls_chinese_medicine/train/huaihua/huaihua_0133.jpg,槐花,性味苦微寒；归肝大肠经；功效：凉血止血、清肝泻火。
external\cls_chinese_medicine/train/huaihua/huaihua_0310.jpg,槐花,性味苦微寒；归肝大肠经；功效：凉血止血、清肝泻火。
external\cls_chinese_medicine/train/huaihua/huaihua_0652.jpg,槐花,性味苦微寒；归肝大肠经；功效：凉血止血、清肝泻火。
external\cls_chinese_medicine/train/huaihua/huaihua_1390.jpg,槐花,性味苦微寒；归肝大肠经；功效：凉血止血、清肝泻火。
external\cls_chinese_medicine/train/huaihua/huaihua_1555.jpg,槐花,性味苦微寒；归肝大肠经；功效：凉血止血、清肝泻火。
external\cls_chinese_medicine/train/huaihua/huaihua_1241.jpg,槐花,性味苦微寒；归肝大肠经；功效：凉血止血、清肝泻火。
external\cls_chinese_medicine/train/huaihua/huaihua_1211.jpg,槐花,性味苦微寒；归肝大肠经；功效：凉血止血、清肝泻火。
external\cls_chinese_medicine/train/huaihua/huaihua_0505.jpg,槐花,性味苦微寒；归肝大肠经；功效：凉血止血、清肝泻火。
external\cls_chinese_medicine/train/huaihua/huaihua_0660.jpg,槐花,性味苦微寒；归肝大肠经；功效：凉血止血、清肝泻火。
external\cls_chinese_medicine/train/huaihua/huaihua_0302.jpg,槐花,性味苦微寒；归肝大肠经；功效：凉血止血、清肝泻火。
external\cls_chinese_medicine/train/huaihua/huaihua_0530.jpg,槐花,性味苦微寒；归肝大肠经；功效：凉血止血、清肝泻火。
external\cls_chinese_medicine/train/huaihua/huaihua_0739.jpg,槐花,性味苦微寒；归肝大肠经；功效：凉血止血、清肝泻火。
external\cls_chinese_medicine/train/huaihua/huaihua_1615.jpg,槐花,性味苦微寒；归肝大肠经；功效：凉血止血、清肝泻火。
external\cls_chinese_medicine/train/huaihua/huaihua_1043.jpg,槐花,性味苦微寒；归肝大肠经；功效：凉血止血、清肝泻火。
external\cls_chinese_medicine/train/huaihua/huaihua_1550.jpg,槐花,性味苦微寒；归肝大肠经；功效：凉血止血、清肝泻火。
external\cls_chinese_medicine/train/huaihua/huaihua_0432.jpg,槐花,性味苦微寒；归肝大肠经；功效：凉血止血、清肝泻火。
external\cls_chinese_medicine/train/huaihua/huaihua_0959.jpg,槐花,性味苦微寒；归肝大肠经；功效：凉血止血、清肝泻火。
external\cls_chinese_medicine/train/huaihua/huaihua_0347.jpg,槐花,性味苦微寒；归肝大肠经；功效：凉血止血、清肝泻火。
external\cls_chinese_medicine/train/huaihua/huaihua_0037.jpg,槐花,性味苦微寒；归肝大肠经；功效：凉血止血、清肝泻火。
external\cls_chinese_medicine/train/huaihua/huaihua_0746.jpg,槐花,性味苦微寒；归肝大肠经；功效：凉血止血、清肝泻火。
external\cls_chinese_medicine/train/huaihua/huaihua_0564.jpg,槐花,性味苦微寒；归肝大肠经；功效：凉血止血、清肝泻火。
external\cls_chinese_medicine/train/huaihua/huaihua_0441.jpg,槐花,性味苦微寒；归肝大肠经；功效：凉血止血、清肝泻火。
external\cls_chinese_medicine/train/huaihua/huaihua_0506.jpg,槐花,性味苦微寒；归肝大肠经；功效：凉血止血、清肝泻火。
external\cls_chinese_medicine/train/huaihua/huaihua_1164.jpg,槐花,性味苦微寒；归肝大肠经；功效：凉血止血、清肝泻火。
external\cls_chinese_medicine/train/huaihua/huaihua_0728.jpg,槐花,性味苦微寒；归肝大肠经；功效：凉血止血、清肝泻火。
external\cls_chinese_medicine/train/huaihua/huaihua_0849.jpg,槐花,性味苦微寒；归肝大肠经；功效：凉血止血、清肝泻火。
external\cls_chinese_medicine/train/huaihua/huaihua_0282.jpg,槐花,性味苦微寒；归肝大肠经；功效：凉血止血、清肝泻火。
external\cls_chinese_medicine/train/huaihua/huaihua_1004.jpg,槐花,性味苦微寒；归肝大肠经；功效：凉血止血、清肝泻火。
external\cls_chinese_medicine/train/huaihua/huaihua_0982.jpg,槐花,性味苦微寒；归肝大肠经；功效：凉血止血、清肝泻火。
external\cls_chinese_medicine/train/huaihua/huaihua_0243.jpg,槐花,性味苦微寒；归肝大肠经；功效：凉血止血、清肝泻火。
external\cls_chinese_medicine/train/huaihua/huaihua_1147.jpg,槐花,性味苦微寒；归肝大肠经；功效：凉血止血、清肝泻火。
external\cls_chinese_medicine/train/huaihua/huaihua_1384.jpg,槐花,性味苦微寒；归肝大肠经；功效：凉血止血、清肝泻火。
external\cls_chinese_medicine/train/huaihua/huaihua_1222.jpg,槐花,性味苦微寒；归肝大肠经；功效：凉血止血、清肝泻火。
external\cls_chinese_medicine/train/huaihua/huaihua_0170.jpg,槐花,性味苦微寒；归肝大肠经；功效：凉血止血、清肝泻火。
external\cls_chinese_medicine/train/huaihua/huaihua_0340.jpg,槐花,性味苦微寒；归肝大肠经；功效：凉血止血、清肝泻火。
external\cls_chinese_medicine/train/huaihua/huaihua_1144.jpg,槐花,性味苦微寒；归肝大肠经；功效：凉血止血、清肝泻火。
external\cls_chinese_medicine/train/huaihua/huaihua_0367.jpg,槐花,性味苦微寒；归肝大肠经；功效：凉血止血、清肝泻火。
external\cls_chinese_medicine/train/huaihua/huaihua_1283.jpg,槐花,性味苦微寒；归肝大肠经；功效：凉血止血、清肝泻火。
external\cls_chinese_medicine/train/huaihua/huaihua_0203.jpg,槐花,性味苦微寒；归肝大肠经；功效：凉血止血、清肝泻火。
external\cls_chinese_medicine/train/huaihua/huaihua_0551.jpg,槐花,性味苦微寒；归肝大肠经；功效：凉血止血、清肝泻火。
external\cls_chinese_medicine/train/huaihua/huaihua_0068.jpg,槐花,性味苦微寒；归肝大肠经；功效：凉血止血、清肝泻火。
external\cls_chinese_medicine/train/huaihua/huaihua_0961.jpg,槐花,性味苦微寒；归肝大肠经；功效：凉血止血、清肝泻火。
external\cls_chinese_medicine/train/huaihua/huaihua_0954.jpg,槐花,性味苦微寒；归肝大肠经；功效：凉血止血、清肝泻火。
external\cls_chinese_medicine/train/huaihua/huaihua_1193.jpg,槐花,性味苦微寒；归肝大肠经；功效：凉血止血、清肝泻火。
external\cls_chinese_medicine/train/huaihua/huaihua_0653.jpg,槐花,性味苦微寒；归肝大肠经；功效：凉血止血、清肝泻火。
external\cls_chinese_medicine/train/huaihua/huaihua_0311.jpg,槐花,性味苦微寒；归肝大肠经；功效：凉血止血、清肝泻火。
external\cls_chinese_medicine/train/huaihua/huaihua_0852.jpg,槐花,性味苦微寒；归肝大肠经；功效：凉血止血、清肝泻火。
external\cls_chinese_medicine/train/huaihua/huaihua_1041.jpg,槐花,性味苦微寒；归肝大肠经；功效：凉血止血、清肝泻火。
external\cls_chinese_medicine/train/huaihua/huaihua_1562.jpg,槐花,性味苦微寒；归肝大肠经；功效：凉血止血、清肝泻火。
external\cls_chinese_medicine/train/huaihua/huaihua_0229.jpg,槐花,性味苦微寒；归肝大肠经；功效：凉血止血、清肝泻火。
external\cls_chinese_medicine/train/huaihua/huaihua_0542.jpg,槐花,性味苦微寒；归肝大肠经；功效：凉血止血、清肝泻火。
external\cls_chinese_medicine/train/huaihua/huaihua_1353.jpg,槐花,性味苦微寒；归肝大肠经；功效：凉血止血、清肝泻火。
external\cls_chinese_medicine/train/huaihua/huaihua_0475.jpg,槐花,性味苦微寒；归肝大肠经；功效：凉血止血、清肝泻火。
external\cls_chinese_medicine/train/huaihua/huaihua_0389.jpg,槐花,性味苦微寒；归肝大肠经；功效：凉血止血、清肝泻火。
external\cls_chinese_medicine/train/huaihua/huaihua_1093.jpg,槐花,性味苦微寒；归肝大肠经；功效：凉血止血、清肝泻火。
external\cls_chinese_medicine/train/huaihua/huaihua_1429.jpg,槐花,性味苦微寒；归肝大肠经；功效：凉血止血、清肝泻火。
external\cls_chinese_medicine/train/huaihua/huaihua_0447.jpg,槐花,性味苦微寒；归肝大肠经；功效：凉血止血、清肝泻火。
external\cls_chinese_medicine/train/huaihua/huaihua_0460.jpg,槐花,性味苦微寒；归肝大肠经；功效：凉血止血、清肝泻火。
external\cls_chinese_medicine/train/huaihua/huaihua_1026.jpg,槐花,性味苦微寒；归肝大肠经；功效：凉血止血、清肝泻火。
external\cls_chinese_medicine/train/huaihua/huaihua_0943.jpg,槐花,性味苦微寒；归肝大肠经；功效：凉血止血、清肝泻火。
external\cls_chinese_medicine/train/huaihua/huaihua_0599.jpg,槐花,性味苦微寒；归肝大肠经；功效：凉血止血、清肝泻火。
external\cls_chinese_medicine/train/huaihua/huaihua_0321.jpg,槐花,性味苦微寒；归肝大肠经；功效：凉血止血、清肝泻火。
external\cls_chinese_medicine/train/huaihua/huaihua_0844.jpg,槐花,性味苦微寒；归肝大肠经；功效：凉血止血、清肝泻火。
external\cls_chinese_medicine/train/huaihua/huaihua_1338.jpg,槐花,性味苦微寒；归肝大肠经；功效：凉血止血、清肝泻火。
external\cls_chinese_medicine/train/huaihua/huaihua_1414.jpg,槐花,性味苦微寒；归肝大肠经；功效：凉血止血、清肝泻火。
external\cls_chinese_medicine/train/huaihua/huaihua_1443.jpg,槐花,性味苦微寒；归肝大肠经；功效：凉血止血、清肝泻火。
external\cls_chinese_medicine/train/huaihua/huaihua_0705.jpg,槐花,性味苦微寒；归肝大肠经；功效：凉血止血、清肝泻火。
external\cls_chinese_medicine/train/huaihua/huaihua_0508.jpg,槐花,性味苦微寒；归肝大肠经；功效：凉血止血、清肝泻火。
external\cls_chinese_medicine/train/huaihua/huaihua_0882.jpg,槐花,性味苦微寒；归肝大肠经；功效：凉血止血、清肝泻火。
external\cls_chinese_medicine/train/huaihua/huaihua_0663.jpg,槐花,性味苦微寒；归肝大肠经；功效：凉血止血、清肝泻火。
external\cls_chinese_medicine/train/huaihua/huaihua_1076.jpg,槐花,性味苦微寒；归肝大肠经；功效：凉血止血、清肝泻火。
external\cls_chinese_medicine/train/huaihua/huaihua_0290.jpg,槐花,性味苦微寒；归肝大肠经；功效：凉血止血、清肝泻火。
external\cls_chinese_medicine/train/huaihua/huaihua_1260.jpg,槐花,性味苦微寒；归肝大肠经；功效：凉血止血、清肝泻火。
external\cls_chinese_medicine/train/huaihua/huaihua_0937.jpg,槐花,性味苦微寒；归肝大肠经；功效：凉血止血、清肝泻火。
external\cls_chinese_medicine/train/huaihua/huaihua_0792.jpg,槐花,性味苦微寒；归肝大肠经；功效：凉血止血、清肝泻火。
external\cls_chinese_medicine/train/huaihua/huaihua_0248.jpg,槐花,性味苦微寒；归肝大肠经；功效：凉血止血、清肝泻火。
external\cls_chinese_medicine/train/huaihua/huaihua_1322.jpg,槐花,性味苦微寒；归肝大肠经；功效：凉血止血、清肝泻火。
external\cls_chinese_medicine/train/chenxiang/chengxiang_0359.jpg,沉香,性味辛苦微温；归脾胃肾经；功效：行气止痛、温中止呕、纳气平喘。
external\cls_chinese_medicine/train/chenxiang/chengxiang_0674.jpg,沉香,性味辛苦微温；归脾胃肾经；功效：行气止痛、温中止呕、纳气平喘。
external\cls_chinese_medicine/train/chenxiang/chengxiang_1237.jpg,沉香,性味辛苦微温；归脾胃肾经；功效：行气止痛、温中止呕、纳气平喘。
external\cls_chinese_medicine/train/chenxiang/chengxiang_0278.jpg,沉香,性味辛苦微温；归脾胃肾经；功效：行气止痛、温中止呕、纳气平喘。
external\cls_chinese_medicine/train/chenxiang/chengxiang_0166.jpg,沉香,性味辛苦微温；归脾胃肾经；功效：行气止痛、温中止呕、纳气平喘。
external\cls_chinese_medicine/train/chenxiang/chengxiang_1013.jpg,沉香,性味辛苦微温；归脾胃肾经；功效：行气止痛、温中止呕、纳气平喘。
external\cls_chinese_medicine/train/chenxiang/chengxiang_0060.jpg,沉香,性味辛苦微温；归脾胃肾经；功效：行气止痛、温中止呕、纳气平喘。
external\cls_chinese_medicine/train/chenxiang/chengxiang_0314.jpg,沉香,性味辛苦微温；归脾胃肾经；功效：行气止痛、温中止呕、纳气平喘。
external\cls_chinese_medicine/train/chenxiang/chengxiang_1582.jpg,沉香,性味辛苦微温；归脾胃肾经；功效：行气止痛、温中止呕、纳气平喘。
external\cls_chinese_medicine/train/chenxiang/chengxiang_0474.jpg,沉香,性味辛苦微温；归脾胃肾经；功效：行气止痛、温中止呕、纳气平喘。
external\cls_chinese_medicine/train/chenxiang/chengxiang_1248.jpg,沉香,性味辛苦微温；归脾胃肾经；功效：行气止痛、温中止呕、纳气平喘。
external\cls_chinese_medicine/train/chenxiang/chengxiang_0743.jpg,沉香,性味辛苦微温；归脾胃肾经；功效：行气止痛、温中止呕、纳气平喘。
external\cls_chinese_medicine/train/chenxiang/chengxiang_0659.jpg,沉香,性味辛苦微温；归脾胃肾经；功效：行气止痛、温中止呕、纳气平喘。
external\cls_chinese_medicine/train/chenxiang/chengxiang_0332.jpg,沉香,性味辛苦微温；归脾胃肾经；功效：行气止痛、温中止呕、纳气平喘。
external\cls_chinese_medicine/train/chenxiang/chengxiang_1590.jpg,沉香,性味辛苦微温；归脾胃肾经；功效：行气止痛、温中止呕、纳气平喘。
external\cls_chinese_medicine/train/chenxiang/chengxiang_0189.jpg,沉香,性味辛苦微温；归脾胃肾经；功效：行气止痛、温中止呕、纳气平喘。
external\cls_chinese_medicine/train/chenxiang/chengxiang_1524.jpg,沉香,性味辛苦微温；归脾胃肾经；功效：行气止痛、温中止呕、纳气平喘。
external\cls_chinese_medicine/train/chenxiang/chengxiang_0376.jpg,沉香,性味辛苦微温；归脾胃肾经；功效：行气止痛、温中止呕、纳气平喘。
external\cls_chinese_medicine/train/chenxiang/chengxiang_0031.jpg,沉香,性味辛苦微温；归脾胃肾经；功效：行气止痛、温中止呕、纳气平喘。
external\cls_chinese_medicine/train/chenxiang/chengxiang_0190.jpg,沉香,性味辛苦微温；归脾胃肾经；功效：行气止痛、温中止呕、纳气平喘。
external\cls_chinese_medicine/train/chenxiang/chengxiang_0173.jpg,沉香,性味辛苦微温；归脾胃肾经；功效：行气止痛、温中止呕、纳气平喘。
external\cls_chinese_medicine/train/chenxiang/chengxiang_0888.jpg,沉香,性味辛苦微温；归脾胃肾经；功效：行气止痛、温中止呕、纳气平喘。
external\cls_chinese_medicine/train/chenxiang/chengxiang_0498.jpg,沉香,性味辛苦微温；归脾胃肾经；功效：行气止痛、温中止呕、纳气平喘。
external\cls_chinese_medicine/train/chenxiang/chengxiang_0599.jpg,沉香,性味辛苦微温；归脾胃肾经；功效：行气止痛、温中止呕、纳气平喘。
external\cls_chinese_medicine/train/chenxiang/chengxiang_0203.jpg,沉香,性味辛苦微温；归脾胃肾经；功效：行气止痛、温中止呕、纳气平喘。
external\cls_chinese_medicine/train/chenxiang/chengxiang_1612.jpg,沉香,性味辛苦微温；归脾胃肾经；功效：行气止痛、温中止呕、纳气平喘。
external\cls_chinese_medicine/train/chenxiang/chengxiang_1571.jpg,沉香,性味辛苦微温；归脾胃肾经；功效：行气止痛、温中止呕、纳气平喘。
external\cls_chinese_medicine/train/chenxiang/chengxiang_0125.jpg,沉香,性味辛苦微温；归脾胃肾经；功效：行气止痛、温中止呕、纳气平喘。
external\cls_chinese_medicine/train/chenxiang/chengxiang_1159.jpg,沉香,性味辛苦微温；归脾胃肾经；功效：行气止痛、温中止呕、纳气平喘。
external\cls_chinese_medicine/train/chenxiang/chengxiang_0950.jpg,沉香,性味辛苦微温；归脾胃肾经；功效：行气止痛、温中止呕、纳气平喘。
external\cls_chinese_medicine/train/chenxiang/chengxiang_0943.jpg,沉香,性味辛苦微温；归脾胃肾经；功效：行气止痛、温中止呕、纳气平喘。
external\cls_chinese_medicine/train/chenxiang/chengxiang_0721.jpg,沉香,性味辛苦微温；归脾胃肾经；功效：行气止痛、温中止呕、纳气平喘。
external\cls_chinese_medicine/train/chenxiang/chengxiang_1265.jpg,沉香,性味辛苦微温；归脾胃肾经；功效：行气止痛、温中止呕、纳气平喘。
external\cls_chinese_medicine/train/chenxiang/chengxiang_1322.jpg,沉香,性味辛苦微温；归脾胃肾经；功效：行气止痛、温中止呕、纳气平喘。
external\cls_chinese_medicine/train/chenxiang/chengxiang_0705.jpg,沉香,性味辛苦微温；归脾胃肾经；功效：行气止痛、温中止呕、纳气平喘。
external\cls_chinese_medicine/train/chenxiang/chengxiang_0887.jpg,沉香,性味辛苦微温；归脾胃肾经；功效：行气止痛、温中止呕、纳气平喘。
external\cls_chinese_medicine/train/chenxiang/chengxiang_1319.jpg,沉香,性味辛苦微温；归脾胃肾经；功效：行气止痛、温中止呕、纳气平喘。
external\cls_chinese_medicine/train/chenxiang/chengxiang_0138.jpg,沉香,性味辛苦微温；归脾胃肾经；功效：行气止痛、温中止呕、纳气平喘。
external\cls_chinese_medicine/train/chenxiang/chengxiang_1305.jpg,沉香,性味辛苦微温；归脾胃肾经；功效：行气止痛、温中止呕、纳气平喘。
external\cls_chinese_medicine/train/chenxiang/chengxiang_0907.jpg,沉香,性味辛苦微温；归脾胃肾经；功效：行气止痛、温中止呕、纳气平喘。
external\cls_chinese_medicine/train/chenxiang/chengxiang_0403.jpg,沉香,性味辛苦微温；归脾胃肾经；功效：行气止痛、温中止呕、纳气平喘。
external\cls_chinese_medicine/train/chenxiang/chengxiang_0988.jpg,沉香,性味辛苦微温；归脾胃肾经；功效：行气止痛、温中止呕、纳气平喘。
external\cls_chinese_medicine/train/chenxiang/chengxiang_0351.jpg,沉香,性味辛苦微温；归脾胃肾经；功效：行气止痛、温中止呕、纳气平喘。
external\cls_chinese_medicine/train/chenxiang/chengxiang_1025.jpg,沉香,性味辛苦微温；归脾胃肾经；功效：行气止痛、温中止呕、纳气平喘。
external\cls_chinese_medicine/train/chenxiang/chengxiang_1442.jpg,沉香,性味辛苦微温；归脾胃肾经；功效：行气止痛、温中止呕、纳气平喘。
external\cls_chinese_medicine/train/chenxiang/chengxiang_0520.jpg,沉香,性味辛苦微温；归脾胃肾经；功效：行气止痛、温中止呕、纳气平喘。
external\cls_chinese_medicine/train/chenxiang/chengxiang_1062.jpg,沉香,性味辛苦微温；归脾胃肾经；功效：行气止痛、温中止呕、纳气平喘。
external\cls_chinese_medicine/train/chenxiang/chengxiang_0067.jpg,沉香,性味辛苦微温；归脾胃肾经；功效：行气止痛、温中止呕、纳气平喘。
external\cls_chinese_medicine/train/chenxiang/chengxiang_0024.jpg,沉香,性味辛苦微温；归脾胃肾经；功效：行气止痛、温中止呕、纳气平喘。
external\cls_chinese_medicine/train/chenxiang/chengxiang_1089.jpg,沉香,性味辛苦微温；归脾胃肾经；功效：行气止痛、温中止呕、纳气平喘。
external\cls_chinese_medicine/train/chenxiang/chengxiang_1146.jpg,沉香,性味辛苦微温；归脾胃肾经；功效：行气止痛、温中止呕、纳气平喘。
external\cls_chinese_medicine/train/chenxiang/chengxiang_0050.jpg,沉香,性味辛苦微温；归脾胃肾经；功效：行气止痛、温中止呕、纳气平喘。
external\cls_chinese_medicine/train/chenxiang/chengxiang_1024.jpg,沉香,性味辛苦微温；归脾胃肾经；功效：行气止痛、温中止呕、纳气平喘。
external\cls_chinese_medicine/train/chenxiang/chengxiang_1308.jpg,沉香,性味辛苦微温；归脾胃肾经；功效：行气止痛、温中止呕、纳气平喘。
external\cls_chinese_medicine/train/chenxiang/chengxiang_1360.jpg,沉香,性味辛苦微温；归脾胃肾经；功效：行气止痛、温中止呕、纳气平喘。
external\cls_chinese_medicine/train/chenxiang/chengxiang_0703.jpg,沉香,性味辛苦微温；归脾胃肾经；功效：行气止痛、温中止呕、纳气平喘。
external\cls_chinese_medicine/train/chenxiang/chengxiang_1408.jpg,沉香,性味辛苦微温；归脾胃肾经；功效：行气止痛、温中止呕、纳气平喘。
external\cls_chinese_medicine/train/chenxiang/chengxiang_1295.jpg,沉香,性味辛苦微温；归脾胃肾经；功效：行气止痛、温中止呕、纳气平喘。
external\cls_chinese_medicine/train/chenxiang/chengxiang_1158.jpg,沉香,性味辛苦微温；归脾胃肾经；功效：行气止痛、温中止呕、纳气平喘。
external\cls_chinese_medicine/train/chenxiang/chengxiang_0615.jpg,沉香,性味辛苦微温；归脾胃肾经；功效：行气止痛、温中止呕、纳气平喘。
external\cls_chinese_medicine/train/chenxiang/chengxiang_0391.jpg,沉香,性味辛苦微温；归脾胃肾经；功效：行气止痛、温中止呕、纳气平喘。
external\cls_chinese_medicine/train/chenxiang/chengxiang_0600.jpg,沉香,性味辛苦微温；归脾胃肾经；功效：行气止痛、温中止呕、纳气平喘。
external\cls_chinese_medicine/train/chenxiang/chengxiang_0265.jpg,沉香,性味辛苦微温；归脾胃肾经；功效：行气止痛、温中止呕、纳气平喘。
external\cls_chinese_medicine/train/chenxiang/chengxiang_1515.jpg,沉香,性味辛苦微温；归脾胃肾经；功效：行气止痛、温中止呕、纳气平喘。
external\cls_chinese_medicine/train/chenxiang/chengxiang_1348.jpg,沉香,性味辛苦微温；归脾胃肾经；功效：行气止痛、温中止呕、纳气平喘。
external\cls_chinese_medicine/train/chenxiang/chengxiang_0324.jpg,沉香,性味辛苦微温；归脾胃肾经；功效：行气止痛、温中止呕、纳气平喘。
external\cls_chinese_medicine/train/chenxiang/chengxiang_0297.jpg,沉香,性味辛苦微温；归脾胃肾经；功效：行气止痛、温中止呕、纳气平喘。
external\cls_chinese_medicine/train/chenxiang/chengxiang_0268.jpg,沉香,性味辛苦微温；归脾胃肾经；功效：行气止痛、温中止呕、纳气平喘。
external\cls_chinese_medicine/train/chenxiang/chengxiang_0911.jpg,沉香,性味辛苦微温；归脾胃肾经；功效：行气止痛、温中止呕、纳气平喘。
external\cls_chinese_medicine/train/chenxiang/chengxiang_1264.jpg,沉香,性味辛苦微温；归脾胃肾经；功效：行气止痛、温中止呕、纳气平喘。
external\cls_chinese_medicine/train/chenxiang/chengxiang_1045.jpg,沉香,性味辛苦微温；归脾胃肾经；功效：行气止痛、温中止呕、纳气平喘。
external\cls_chinese_medicine/train/chenxiang/chengxiang_1149.jpg,沉香,性味辛苦微温；归脾胃肾经；功效：行气止痛、温中止呕、纳气平喘。
external\cls_chinese_medicine/train/chenxiang/chengxiang_1337.jpg,沉香,性味辛苦微温；归脾胃肾经；功效：行气止痛、温中止呕、纳气平喘。
external\cls_chinese_medicine/train/chenxiang/chengxiang_0144.jpg,沉香,性味辛苦微温；归脾胃肾经；功效：行气止痛、温中止呕、纳气平喘。
external\cls_chinese_medicine/train/chenxiang/chengxiang_0052.jpg,沉香,性味辛苦微温；归脾胃肾经；功效：行气止痛、温中止呕、纳气平喘。
external\cls_chinese_medicine/train/chenxiang/chengxiang_0072.jpg,沉香,性味辛苦微温；归脾胃肾经；功效：行气止痛、温中止呕、纳气平喘。
external\cls_chinese_medicine/train/chenxiang/chengxiang_0101.jpg,沉香,性味辛苦微温；归脾胃肾经；功效：行气止痛、温中止呕、纳气平喘。
external\cls_chinese_medicine/train/chenxiang/chengxiang_0078.jpg,沉香,性味辛苦微温；归脾胃肾经；功效：行气止痛、温中止呕、纳气平喘。
external\cls_chinese_medicine/train/chenxiang/chengxiang_0790.jpg,沉香,性味辛苦微温；归脾胃肾经；功效：行气止痛、温中止呕、纳气平喘。
external\cls_chinese_medicine/train/chenxiang/chengxiang_0362.jpg,沉香,性味辛苦微温；归脾胃肾经；功效：行气止痛、温中止呕、纳气平喘。
external\cls_chinese_medicine/train/chenxiang/chengxiang_0614.jpg,沉香,性味辛苦微温；归脾胃肾经；功效：行气止痛、温中止呕、纳气平喘。
external\cls_chinese_medicine/train/chenxiang/chengxiang_0415.jpg,沉香,性味辛苦微温；归脾胃肾经；功效：行气止痛、温中止呕、纳气平喘。
external\cls_chinese_medicine/train/chenxiang/chengxiang_0814.jpg,沉香,性味辛苦微温；归脾胃肾经；功效：行气止痛、温中止呕、纳气平喘。
external\cls_chinese_medicine/train/chenxiang/chengxiang_1227.jpg,沉香,性味辛苦微温；归脾胃肾经；功效：行气止痛、温中止呕、纳气平喘。
external\cls_chinese_medicine/train/chenxiang/chengxiang_1032.jpg,沉香,性味辛苦微温；归脾胃肾经；功效：行气止痛、温中止呕、纳气平喘。
external\cls_chinese_medicine/train/chenxiang/chengxiang_0787.jpg,沉香,性味辛苦微温；归脾胃肾经；功效：行气止痛、温中止呕、纳气平喘。
external\cls_chinese_medicine/train/chenxiang/chengxiang_0541.jpg,沉香,性味辛苦微温；归脾胃肾经；功效：行气止痛、温中止呕、纳气平喘。
external\cls_chinese_medicine/train/chenxiang/chengxiang_0226.jpg,沉香,性味辛苦微温；归脾胃肾经；功效：行气止痛、温中止呕、纳气平喘。
external\cls_chinese_medicine/train/chenxiang/chengxiang_0543.jpg,沉香,性味辛苦微温；归脾胃肾经；功效：行气止痛、温中止呕、纳气平喘。
external\cls_chinese_medicine/train/chenxiang/chengxiang_0450.jpg,沉香,性味辛苦微温；归脾胃肾经；功效：行气止痛、温中止呕、纳气平喘。
external\cls_chinese_medicine/train/chenxiang/chengxiang_1585.jpg,沉香,性味辛苦微温；归脾胃肾经；功效：行气止痛、温中止呕、纳气平喘。
external\cls_chinese_medicine/train/chenxiang/chengxiang_0434.jpg,沉香,性味辛苦微温；归脾胃肾经；功效：行气止痛、温中止呕、纳气平喘。
external\cls_chinese_medicine/train/chenxiang/chengxiang_0960.jpg,沉香,性味辛苦微温；归脾胃肾经；功效：行气止痛、温中止呕、纳气平喘。
external\cls_chinese_medicine/train/chenxiang/chengxiang_1161.jpg,沉香,性味辛苦微温；归脾胃肾经；功效：行气止痛、温中止呕、纳气平喘。
external\cls_chinese_medicine/train/chenxiang/chengxiang_0719.jpg,沉香,性味辛苦微温；归脾胃肾经；功效：行气止痛、温中止呕、纳气平喘。
external\cls_chinese_medicine/train/chenxiang/chengxiang_0281.jpg,沉香,性味辛苦微温；归脾胃肾经；功效：行气止痛、温中止呕、纳气平喘。
external\cls_chinese_medicine/train/chenxiang/chengxiang_0317.jpg,沉香,性味辛苦微温；归脾胃肾经；功效：行气止痛、温中止呕、纳气平喘。
external\cls_chinese_medicine/train/chenxiang/chengxiang_0799.jpg,沉香,性味辛苦微温；归脾胃肾经；功效：行气止痛、温中止呕、纳气平喘。
external\cls_chinese_medicine/train/chenxiang/chengxiang_1181.jpg,沉香,性味辛苦微温；归脾胃肾经；功效：行气止痛、温中止呕、纳气平喘。
external\cls_chinese_medicine/train/chenxiang/chengxiang_0340.jpg,沉香,性味辛苦微温；归脾胃肾经；功效：行气止痛、温中止呕、纳气平喘。
external\cls_chinese_medicine/train/chenxiang/chengxiang_0606.jpg,沉香,性味辛苦微温；归脾胃肾经；功效：行气止痛、温中止呕、纳气平喘。
external\cls_chinese_medicine/train/chenxiang/chengxiang_0126.jpg,沉香,性味辛苦微温；归脾胃肾经；功效：行气止痛、温中止呕、纳气平喘。
external\cls_chinese_medicine/train/chenxiang/chengxiang_1210.jpg,沉香,性味辛苦微温；归脾胃肾经；功效：行气止痛、温中止呕、纳气平喘。
external\cls_chinese_medicine/train/chenxiang/chengxiang_0069.jpg,沉香,性味辛苦微温；归脾胃肾经；功效：行气止痛、温中止呕、纳气平喘。
external\cls_chinese_medicine/train/chenxiang/chengxiang_0757.jpg,沉香,性味辛苦微温；归脾胃肾经；功效：行气止痛、温中止呕、纳气平喘。
external\cls_chinese_medicine/train/chenxiang/chengxiang_1577.jpg,沉香,性味辛苦微温；归脾胃肾经；功效：行气止痛、温中止呕、纳气平喘。
external\cls_chinese_medicine/train/chenxiang/chengxiang_1090.jpg,沉香,性味辛苦微温；归脾胃肾经；功效：行气止痛、温中止呕、纳气平喘。
external\cls_chinese_medicine/train/chenxiang/chengxiang_1144.jpg,沉香,性味辛苦微温；归脾胃肾经；功效：行气止痛、温中止呕、纳气平喘。
external\cls_chinese_medicine/train/chenxiang/chengxiang_1573.jpg,沉香,性味辛苦微温；归脾胃肾经；功效：行气止痛、温中止呕、纳气平喘。
external\cls_chinese_medicine/train/chenxiang/chengxiang_1175.jpg,沉香,性味辛苦微温；归脾胃肾经；功效：行气止痛、温中止呕、纳气平喘。
external\cls_chinese_medicine/train/chenxiang/chengxiang_1382.jpg,沉香,性味辛苦微温；归脾胃肾经；功效：行气止痛、温中止呕、纳气平喘。
external\cls_chinese_medicine/train/chenxiang/chengxiang_1080.jpg,沉香,性味辛苦微温；归脾胃肾经；功效：行气止痛、温中止呕、纳气平喘。
external\cls_chinese_medicine/train/chenxiang/chengxiang_0421.jpg,沉香,性味辛苦微温；归脾胃肾经；功效：行气止痛、温中止呕、纳气平喘。
external\cls_chinese_medicine/train/chenxiang/chengxiang_1404.jpg,沉香,性味辛苦微温；归脾胃肾经；功效：行气止痛、温中止呕、纳气平喘。
external\cls_chinese_medicine/train/chenxiang/chengxiang_0783.jpg,沉香,性味辛苦微温；归脾胃肾经；功效：行气止痛、温中止呕、纳气平喘。
external\cls_chinese_medicine/train/chenxiang/chengxiang_0030.jpg,沉香,性味辛苦微温；归脾胃肾经；功效：行气止痛、温中止呕、纳气平喘。
external\cls_chinese_medicine/train/chenxiang/chengxiang_0635.jpg,沉香,性味辛苦微温；归脾胃肾经；功效：行气止痛、温中止呕、纳气平喘。
external\cls_chinese_medicine/train/chenxiang/chengxiang_0361.jpg,沉香,性味辛苦微温；归脾胃肾经；功效：行气止痛、温中止呕、纳气平喘。
external\cls_chinese_medicine/train/chenxiang/chengxiang_1381.jpg,沉香,性味辛苦微温；归脾胃肾经；功效：行气止痛、温中止呕、纳气平喘。
external\cls_chinese_medicine/train/chenxiang/chengxiang_0549.jpg,沉香,性味辛苦微温；归脾胃肾经；功效：行气止痛、温中止呕、纳气平喘。
external\cls_chinese_medicine/train/chenxiang/chengxiang_0643.jpg,沉香,性味辛苦微温；归脾胃肾经；功效：行气止痛、温中止呕、纳气平喘。
external\cls_chinese_medicine/train/chenxiang/chengxiang_1294.jpg,沉香,性味辛苦微温；归脾胃肾经；功效：行气止痛、温中止呕、纳气平喘。
external\cls_chinese_medicine/train/chenxiang/chengxiang_0616.jpg,沉香,性味辛苦微温；归脾胃肾经；功效：行气止痛、温中止呕、纳气平喘。
external\cls_chinese_medicine/train/chenxiang/chengxiang_0253.jpg,沉香,性味辛苦微温；归脾胃肾经；功效：行气止痛、温中止呕、纳气平喘。
external\cls_chinese_medicine/train/chenxiang/chengxiang_0465.jpg,沉香,性味辛苦微温；归脾胃肾经；功效：行气止痛、温中止呕、纳气平喘。
external\cls_chinese_medicine/train/chenxiang/chengxiang_1022.jpg,沉香,性味辛苦微温；归脾胃肾经；功效：行气止痛、温中止呕、纳气平喘。
external\cls_chinese_medicine/train/chenxiang/chengxiang_0947.jpg,沉香,性味辛苦微温；归脾胃肾经；功效：行气止痛、温中止呕、纳气平喘。
external\cls_chinese_medicine/train/chenxiang/chengxiang_0542.jpg,沉香,性味辛苦微温；归脾胃肾经；功效：行气止痛、温中止呕、纳气平喘。
external\cls_chinese_medicine/train/chenxiang/chengxiang_0735.jpg,沉香,性味辛苦微温；归脾胃肾经；功效：行气止痛、温中止呕、纳气平喘。
external\cls_chinese_medicine/train/chenxiang/chengxiang_0941.jpg,沉香,性味辛苦微温；归脾胃肾经；功效：行气止痛、温中止呕、纳气平喘。
external\cls_chinese_medicine/train/chenxiang/chengxiang_0626.jpg,沉香,性味辛苦微温；归脾胃肾经；功效：行气止痛、温中止呕、纳气平喘。
external\cls_chinese_medicine/train/chenxiang/chengxiang_1591.jpg,沉香,性味辛苦微温；归脾胃肾经；功效：行气止痛、温中止呕、纳气平喘。
external\cls_chinese_medicine/train/chenxiang/chengxiang_0353.jpg,沉香,性味辛苦微温；归脾胃肾经；功效：行气止痛、温中止呕、纳气平喘。
external\cls_chinese_medicine/train/chenxiang/chengxiang_1174.jpg,沉香,性味辛苦微温；归脾胃肾经；功效：行气止痛、温中止呕、纳气平喘。
external\cls_chinese_medicine/train/chenxiang/chengxiang_1338.jpg,沉香,性味辛苦微温；归脾胃肾经；功效：行气止痛、温中止呕、纳气平喘。
external\cls_chinese_medicine/train/chenxiang/chengxiang_0666.jpg,沉香,性味辛苦微温；归脾胃肾经；功效：行气止痛、温中止呕、纳气平喘。
external\cls_chinese_medicine/train/chenxiang/chengxiang_1152.jpg,沉香,性味辛苦微温；归脾胃肾经；功效：行气止痛、温中止呕、纳气平喘。
external\cls_chinese_medicine/train/chenxiang/chengxiang_0699.jpg,沉香,性味辛苦微温；归脾胃肾经；功效：行气止痛、温中止呕、纳气平喘。
external\cls_chinese_medicine/train/chenxiang/chengxiang_0427.jpg,沉香,性味辛苦微温；归脾胃肾经；功效：行气止痛、温中止呕、纳气平喘。
external\cls_chinese_medicine/train/chenxiang/chengxiang_1178.jpg,沉香,性味辛苦微温；归脾胃肾经；功效：行气止痛、温中止呕、纳气平喘。
external\cls_chinese_medicine/train/chenxiang/chengxiang_1467.jpg,沉香,性味辛苦微温；归脾胃肾经；功效：行气止痛、温中止呕、纳气平喘。
external\cls_chinese_medicine/train/chenxiang/chengxiang_0754.jpg,沉香,性味辛苦微温；归脾胃肾经；功效：行气止痛、温中止呕、纳气平喘。
external\cls_chinese_medicine/train/chenxiang/chengxiang_0890.jpg,沉香,性味辛苦微温；归脾胃肾经；功效：行气止痛、温中止呕、纳气平喘。
external\cls_chinese_medicine/train/chenxiang/chengxiang_0540.jpg,沉香,性味辛苦微温；归脾胃肾经；功效：行气止痛、温中止呕、纳气平喘。
external\cls_chinese_medicine/train/chenxiang/chengxiang_0807.jpg,沉香,性味辛苦微温；归脾胃肾经；功效：行气止痛、温中止呕、纳气平喘。
external\cls_chinese_medicine/train/chenxiang/chengxiang_1059.jpg,沉香,性味辛苦微温；归脾胃肾经；功效：行气止痛、温中止呕、纳气平喘。
external\cls_chinese_medicine/train/chenxiang/chengxiang_1325.jpg,沉香,性味辛苦微温；归脾胃肾经；功效：行气止痛、温中止呕、纳气平喘。
external\cls_chinese_medicine/train/chenxiang/chengxiang_0305.jpg,沉香,性味辛苦微温；归脾胃肾经；功效：行气止痛、温中止呕、纳气平喘。
external\cls_chinese_medicine/train/chenxiang/chengxiang_0208.jpg,沉香,性味辛苦微温；归脾胃肾经；功效：行气止痛、温中止呕、纳气平喘。
external\cls_chinese_medicine/train/chenxiang/chengxiang_0045.jpg,沉香,性味辛苦微温；归脾胃肾经；功效：行气止痛、温中止呕、纳气平喘。
external\cls_chinese_medicine/train/chenxiang/chengxiang_1354.jpg,沉香,性味辛苦微温；归脾胃肾经；功效：行气止痛、温中止呕、纳气平喘。
external\cls_chinese_medicine/train/chenxiang/chengxiang_0243.jpg,沉香,性味辛苦微温；归脾胃肾经；功效：行气止痛、温中止呕、纳气平喘。
external\cls_chinese_medicine/train/chenxiang/chengxiang_0494.jpg,沉香,性味辛苦微温；归脾胃肾经；功效：行气止痛、温中止呕、纳气平喘。
external\cls_chinese_medicine/train/chenxiang/chengxiang_1075.jpg,沉香,性味辛苦微温；归脾胃肾经；功效：行气止痛、温中止呕、纳气平喘。
external\cls_chinese_medicine/train/chenxiang/chengxiang_1236.jpg,沉香,性味辛苦微温；归脾胃肾经；功效：行气止痛、温中止呕、纳气平喘。
external\cls_chinese_medicine/train/chenxiang/chengxiang_1234.jpg,沉香,性味辛苦微温；归脾胃肾经；功效：行气止痛、温中止呕、纳气平喘。
external\cls_chinese_medicine/train/chenxiang/chengxiang_0117.jpg,沉香,性味辛苦微温；归脾胃肾经；功效：行气止痛、温中止呕、纳气平喘。
external\cls_chinese_medicine/train/chenxiang/chengxiang_0503.jpg,沉香,性味辛苦微温；归脾胃肾经；功效：行气止痛、温中止呕、纳气平喘。
external\cls_chinese_medicine/train/chenxiang/chengxiang_1545.jpg,沉香,性味辛苦微温；归脾胃肾经；功效：行气止痛、温中止呕、纳气平喘。
external\cls_chinese_medicine/train/chenxiang/chengxiang_0852.jpg,沉香,性味辛苦微温；归脾胃肾经；功效：行气止痛、温中止呕、纳气平喘。
external\cls_chinese_medicine/train/chenxiang/chengxiang_1164.jpg,沉香,性味辛苦微温；归脾胃肾经；功效：行气止痛、温中止呕、纳气平喘。
external\cls_chinese_medicine/train/chenxiang/chengxiang_1361.jpg,沉香,性味辛苦微温；归脾胃肾经；功效：行气止痛、温中止呕、纳气平喘。
external\cls_chinese_medicine/train/chenxiang/chengxiang_1229.jpg,沉香,性味辛苦微温；归脾胃肾经；功效：行气止痛、温中止呕、纳气平喘。
external\cls_chinese_medicine/train/chenxiang/chengxiang_0277.jpg,沉香,性味辛苦微温；归脾胃肾经；功效：行气止痛、温中止呕、纳气平喘。
external\cls_chinese_medicine/train/chenxiang/chengxiang_0080.jpg,沉香,性味辛苦微温；归脾胃肾经；功效：行气止痛、温中止呕、纳气平喘。
external\cls_chinese_medicine/train/chenxiang/chengxiang_1569.jpg,沉香,性味辛苦微温；归脾胃肾经；功效：行气止痛、温中止呕、纳气平喘。
external\cls_chinese_medicine/train/chenxiang/chengxiang_1494.jpg,沉香,性味辛苦微温；归脾胃肾经；功效：行气止痛、温中止呕、纳气平喘。
external\cls_chinese_medicine/train/chenxiang/chengxiang_1241.jpg,沉香,性味辛苦微温；归脾胃肾经；功效：行气止痛、温中止呕、纳气平喘。
external\cls_chinese_medicine/train/chenxiang/chengxiang_0180.jpg,沉香,性味辛苦微温；归脾胃肾经；功效：行气止痛、温中止呕、纳气平喘。
external\cls_chinese_medicine/train/chenxiang/chengxiang_1610.jpg,沉香,性味辛苦微温；归脾胃肾经；功效：行气止痛、温中止呕、纳气平喘。
external\cls_chinese_medicine/train/chenxiang/chengxiang_0570.jpg,沉香,性味辛苦微温；归脾胃肾经；功效：行气止痛、温中止呕、纳气平喘。
external\cls_chinese_medicine/train/chenxiang/chengxiang_0016.jpg,沉香,性味辛苦微温；归脾胃肾经；功效：行气止痛、温中止呕、纳气平喘。
external\cls_chinese_medicine/train/chenxiang/chengxiang_0613.jpg,沉香,性味辛苦微温；归脾胃肾经；功效：行气止痛、温中止呕、纳气平喘。
external\cls_chinese_medicine/train/chenxiang/chengxiang_0948.jpg,沉香,性味辛苦微温；归脾胃肾经；功效：行气止痛、温中止呕、纳气平喘。
external\cls_chinese_medicine/train/chenxiang/chengxiang_1428.jpg,沉香,性味辛苦微温；归脾胃肾经；功效：行气止痛、温中止呕、纳气平喘。
external\cls_chinese_medicine/train/chenxiang/chengxiang_0527.jpg,沉香,性味辛苦微温；归脾胃肾经；功效：行气止痛、温中止呕、纳气平喘。
external\cls_chinese_medicine/train/chenxiang/chengxiang_1157.jpg,沉香,性味辛苦微温；归脾胃肾经；功效：行气止痛、温中止呕、纳气平喘。
external\cls_chinese_medicine/train/chenxiang/chengxiang_1036.jpg,沉香,性味辛苦微温；归脾胃肾经；功效：行气止痛、温中止呕、纳气平喘。
external\cls_chinese_medicine/train/chenxiang/chengxiang_0311.jpg,沉香,性味辛苦微温；归脾胃肾经；功效：行气止痛、温中止呕、纳气平喘。
external\cls_chinese_medicine/train/chenxiang/chengxiang_0987.jpg,沉香,性味辛苦微温；归脾胃肾经；功效：行气止痛、温中止呕、纳气平喘。
external\cls_chinese_medicine/train/chenxiang/chengxiang_1306.jpg,沉香,性味辛苦微温；归脾胃肾经；功效：行气止痛、温中止呕、纳气平喘。
external\cls_chinese_medicine/train/chenxiang/chengxiang_1336.jpg,沉香,性味辛苦微温；归脾胃肾经；功效：行气止痛、温中止呕、纳气平喘。
external\cls_chinese_medicine/train/chenxiang/chengxiang_0695.jpg,沉香,性味辛苦微温；归脾胃肾经；功效：行气止痛、温中止呕、纳气平喘。
external\cls_chinese_medicine/train/chenxiang/chengxiang_0949.jpg,沉香,性味辛苦微温；归脾胃肾经；功效：行气止痛、温中止呕、纳气平喘。
external\cls_chinese_medicine/train/chenxiang/chengxiang_0360.jpg,沉香,性味辛苦微温；归脾胃肾经；功效：行气止痛、温中止呕、纳气平喘。
external\cls_chinese_medicine/train/chenxiang/chengxiang_1031.jpg,沉香,性味辛苦微温；归脾胃肾经；功效：行气止痛、温中止呕、纳气平喘。
external\cls_chinese_medicine/train/chenxiang/chengxiang_0370.jpg,沉香,性味辛苦微温；归脾胃肾经；功效：行气止痛、温中止呕、纳气平喘。
external\cls_chinese_medicine/train/chenxiang/chengxiang_1204.jpg,沉香,性味辛苦微温；归脾胃肾经；功效：行气止痛、温中止呕、纳气平喘。
external\cls_chinese_medicine/train/chenxiang/chengxiang_0980.jpg,沉香,性味辛苦微温；归脾胃肾经；功效：行气止痛、温中止呕、纳气平喘。
external\cls_chinese_medicine/train/chenxiang/chengxiang_1446.jpg,沉香,性味辛苦微温；归脾胃肾经；功效：行气止痛、温中止呕、纳气平喘。
external\cls_chinese_medicine/train/chenxiang/chengxiang_1082.jpg,沉香,性味辛苦微温；归脾胃肾经；功效：行气止痛、温中止呕、纳气平喘。
external\cls_chinese_medicine/train/chenxiang/chengxiang_0536.jpg,沉香,性味辛苦微温；归脾胃肾经；功效：行气止痛、温中止呕、纳气平喘。
external\cls_chinese_medicine/train/chenxiang/chengxiang_0245.jpg,沉香,性味辛苦微温；归脾胃肾经；功效：行气止痛、温中止呕、纳气平喘。
external\cls_chinese_medicine/train/chenxiang/chengxiang_0057.jpg,沉香,性味辛苦微温；归脾胃肾经；功效：行气止痛、温中止呕、纳气平喘。
external\cls_chinese_medicine/train/chenxiang/chengxiang_1120.jpg,沉香,性味辛苦微温；归脾胃肾经；功效：行气止痛、温中止呕、纳气平喘。
external\cls_chinese_medicine/train/chenxiang/chengxiang_1486.jpg,沉香,性味辛苦微温；归脾胃肾经；功效：行气止痛、温中止呕、纳气平喘。
external\cls_chinese_medicine/train/chenxiang/chengxiang_0480.jpg,沉香,性味辛苦微温；归脾胃肾经；功效：行气止痛、温中止呕、纳气平喘。
external\cls_chinese_medicine/train/chenxiang/chengxiang_0820.jpg,沉香,性味辛苦微温；归脾胃肾经；功效：行气止痛、温中止呕、纳气平喘。
external\cls_chinese_medicine/train/chenxiang/chengxiang_1270.jpg,沉香,性味辛苦微温；归脾胃肾经；功效：行气止痛、温中止呕、纳气平喘。
external\cls_chinese_medicine/train/chenxiang/chengxiang_0044.jpg,沉香,性味辛苦微温；归脾胃肾经；功效：行气止痛、温中止呕、纳气平喘。
external\cls_chinese_medicine/train/chenxiang/chengxiang_1009.jpg,沉香,性味辛苦微温；归脾胃肾经；功效：行气止痛、温中止呕、纳气平喘。
external\cls_chinese_medicine/train/chenxiang/chengxiang_1566.jpg,沉香,性味辛苦微温；归脾胃肾经；功效：行气止痛、温中止呕、纳气平喘。
external\cls_chinese_medicine/train/chenxiang/chengxiang_1171.jpg,沉香,性味辛苦微温；归脾胃肾经；功效：行气止痛、温中止呕、纳气平喘。
external\cls_chinese_medicine/train/chenxiang/chengxiang_0246.jpg,沉香,性味辛苦微温；归脾胃肾经；功效：行气止痛、温中止呕、纳气平喘。
external\cls_chinese_medicine/train/chenxiang/chengxiang_0103.jpg,沉香,性味辛苦微温；归脾胃肾经；功效：行气止痛、温中止呕、纳气平喘。
external\cls_chinese_medicine/train/chenxiang/chengxiang_0440.jpg,沉香,性味辛苦微温；归脾胃肾经；功效：行气止痛、温中止呕、纳气平喘。
external\cls_chinese_medicine/train/chenxiang/chengxiang_1619.jpg,沉香,性味辛苦微温；归脾胃肾经；功效：行气止痛、温中止呕、纳气平喘。
external\cls_chinese_medicine/train/chenxiang/chengxiang_0109.jpg,沉香,性味辛苦微温；归脾胃肾经；功效：行气止痛、温中止呕、纳气平喘。
external\cls_chinese_medicine/train/chenxiang/chengxiang_0380.jpg,沉香,性味辛苦微温；归脾胃肾经；功效：行气止痛、温中止呕、纳气平喘。
external\cls_chinese_medicine/train/chenxiang/chengxiang_1282.jpg,沉香,性味辛苦微温；归脾胃肾经；功效：行气止痛、温中止呕、纳气平喘。
external\cls_chinese_medicine/train/chenxiang/chengxiang_0250.jpg,沉香,性味辛苦微温；归脾胃肾经；功效：行气止痛、温中止呕、纳气平喘。
external\cls_chinese_medicine/train/chenxiang/chengxiang_0437.jpg,沉香,性味辛苦微温；归脾胃肾经；功效：行气止痛、温中止呕、纳气平喘。
external\cls_chinese_medicine/train/chenxiang/chengxiang_1105.jpg,沉香,性味辛苦微温；归脾胃肾经；功效：行气止痛、温中止呕、纳气平喘。
external\cls_chinese_medicine/train/chenxiang/chengxiang_1615.jpg,沉香,性味辛苦微温；归脾胃肾经；功效：行气止痛、温中止呕、纳气平喘。
external\cls_chinese_medicine/train/chenxiang/chengxiang_0508.jpg,沉香,性味辛苦微温；归脾胃肾经；功效：行气止痛、温中止呕、纳气平喘。
external\cls_chinese_medicine/train/chenxiang/chengxiang_1349.jpg,沉香,性味辛苦微温；归脾胃肾经；功效：行气止痛、温中止呕、纳气平喘。
external\cls_chinese_medicine/train/chenxiang/chengxiang_1413.jpg,沉香,性味辛苦微温；归脾胃肾经；功效：行气止痛、温中止呕、纳气平喘。
external\cls_chinese_medicine/train/chenxiang/chengxiang_0130.jpg,沉香,性味辛苦微温；归脾胃肾经；功效：行气止痛、温中止呕、纳气平喘。
external\cls_chinese_medicine/train/chenxiang/chengxiang_0282.jpg,沉香,性味辛苦微温；归脾胃肾经；功效：行气止痛、温中止呕、纳气平喘。
external\cls_chinese_medicine/train/chenxiang/chengxiang_0848.jpg,沉香,性味辛苦微温；归脾胃肾经；功效：行气止痛、温中止呕、纳气平喘。
external\cls_chinese_medicine/train/chenxiang/chengxiang_0679.jpg,沉香,性味辛苦微温；归脾胃肾经；功效：行气止痛、温中止呕、纳气平喘。
external\cls_chinese_medicine/train/chenxiang/chengxiang_0752.jpg,沉香,性味辛苦微温；归脾胃肾经；功效：行气止痛、温中止呕、纳气平喘。
external\cls_chinese_medicine/train/chenxiang/chengxiang_0390.jpg,沉香,性味辛苦微温；归脾胃肾经；功效：行气止痛、温中止呕、纳气平喘。
external\cls_chinese_medicine/train/chenxiang/chengxiang_0495.jpg,沉香,性味辛苦微温；归脾胃肾经；功效：行气止痛、温中止呕、纳气平喘。
external\cls_chinese_medicine/train/chenxiang/chengxiang_0675.jpg,沉香,性味辛苦微温；归脾胃肾经；功效：行气止痛、温中止呕、纳气平喘。
external\cls_chinese_medicine/train/chenxiang/chengxiang_1153.jpg,沉香,性味辛苦微温；归脾胃肾经；功效：行气止痛、温中止呕、纳气平喘。
external\cls_chinese_medicine/train/chenxiang/chengxiang_0631.jpg,沉香,性味辛苦微温；归脾胃肾经；功效：行气止痛、温中止呕、纳气平喘。
external\cls_chinese_medicine/train/chenxiang/chengxiang_0341.jpg,沉香,性味辛苦微温；归脾胃肾经；功效：行气止痛、温中止呕、纳气平喘。
external\cls_chinese_medicine/train/chenxiang/chengxiang_1492.jpg,沉香,性味辛苦微温；归脾胃肾经；功效：行气止痛、温中止呕、纳气平喘。
external\cls_chinese_medicine/train/chenxiang/chengxiang_1081.jpg,沉香,性味辛苦微温；归脾胃肾经；功效：行气止痛、温中止呕、纳气平喘。
external\cls_chinese_medicine/train/chenxiang/chengxiang_1271.jpg,沉香,性味辛苦微温；归脾胃肾经；功效：行气止痛、温中止呕、纳气平喘。
external\cls_chinese_medicine/train/chenxiang/chengxiang_0994.jpg,沉香,性味辛苦微温；归脾胃肾经；功效：行气止痛、温中止呕、纳气平喘。
external\cls_chinese_medicine/train/chenxiang/chengxiang_1352.jpg,沉香,性味辛苦微温；归脾胃肾经；功效：行气止痛、温中止呕、纳气平喘。
external\cls_chinese_medicine/train/chenxiang/chengxiang_0033.jpg,沉香,性味辛苦微温；归脾胃肾经；功效：行气止痛、温中止呕、纳气平喘。
external\cls_chinese_medicine/train/chenxiang/chengxiang_1537.jpg,沉香,性味辛苦微温；归脾胃肾经；功效：行气止痛、温中止呕、纳气平喘。
external\cls_chinese_medicine/train/chenxiang/chengxiang_1326.jpg,沉香,性味辛苦微温；归脾胃肾经；功效：行气止痛、温中止呕、纳气平喘。
external\cls_chinese_medicine/train/chenxiang/chengxiang_1559.jpg,沉香,性味辛苦微温；归脾胃肾经；功效：行气止痛、温中止呕、纳气平喘。
external\cls_chinese_medicine/train/chenxiang/chengxiang_1167.jpg,沉香,性味辛苦微温；归脾胃肾经；功效：行气止痛、温中止呕、纳气平喘。
external\cls_chinese_medicine/train/chenxiang/chengxiang_0511.jpg,沉香,性味辛苦微温；归脾胃肾经；功效：行气止痛、温中止呕、纳气平喘。
external\cls_chinese_medicine/train/chenxiang/chengxiang_1040.jpg,沉香,性味辛苦微温；归脾胃肾经；功效：行气止痛、温中止呕、纳气平喘。
external\cls_chinese_medicine/train/chenxiang/chengxiang_1116.jpg,沉香,性味辛苦微温；归脾胃肾经；功效：行气止痛、温中止呕、纳气平喘。
external\cls_chinese_medicine/train/chenxiang/chengxiang_0363.jpg,沉香,性味辛苦微温；归脾胃肾经；功效：行气止痛、温中止呕、纳气平喘。
external\cls_chinese_medicine/train/chenxiang/chengxiang_1491.jpg,沉香,性味辛苦微温；归脾胃肾经；功效：行气止痛、温中止呕、纳气平喘。
external\cls_chinese_medicine/train/chenxiang/chengxiang_0237.jpg,沉香,性味辛苦微温；归脾胃肾经；功效：行气止痛、温中止呕、纳气平喘。
external\cls_chinese_medicine/train/chenxiang/chengxiang_0851.jpg,沉香,性味辛苦微温；归脾胃肾经；功效：行气止痛、温中止呕、纳气平喘。
external\cls_chinese_medicine/train/chenxiang/chengxiang_1390.jpg,沉香,性味辛苦微温；归脾胃肾经；功效：行气止痛、温中止呕、纳气平喘。
external\cls_chinese_medicine/train/chenxiang/chengxiang_0389.jpg,沉香,性味辛苦微温；归脾胃肾经；功效：行气止痛、温中止呕、纳气平喘。
external\cls_chinese_medicine/train/chenxiang/chengxiang_0168.jpg,沉香,性味辛苦微温；归脾胃肾经；功效：行气止痛、温中止呕、纳气平喘。
external\cls_chinese_medicine/train/chenxiang/chengxiang_0441.jpg,沉香,性味辛苦微温；归脾胃肾经；功效：行气止痛、温中止呕、纳气平喘。
external\cls_chinese_medicine/train/chenxiang/chengxiang_1191.jpg,沉香,性味辛苦微温；归脾胃肾经；功效：行气止痛、温中止呕、纳气平喘。
external\cls_chinese_medicine/train/chenxiang/chengxiang_0592.jpg,沉香,性味辛苦微温；归脾胃肾经；功效：行气止痛、温中止呕、纳气平喘。
external\cls_chinese_medicine/train/chenxiang/chengxiang_1007.jpg,沉香,性味辛苦微温；归脾胃肾经；功效：行气止痛、温中止呕、纳气平喘。
external\cls_chinese_medicine/train/chenxiang/chengxiang_1310.jpg,沉香,性味辛苦微温；归脾胃肾经；功效：行气止痛、温中止呕、纳气平喘。
external\cls_chinese_medicine/train/chenxiang/chengxiang_0636.jpg,沉香,性味辛苦微温；归脾胃肾经；功效：行气止痛、温中止呕、纳气平喘。
external\cls_chinese_medicine/train/chenxiang/chengxiang_0306.jpg,沉香,性味辛苦微温；归脾胃肾经；功效：行气止痛、温中止呕、纳气平喘。
external\cls_chinese_medicine/train/chenxiang/chengxiang_0578.jpg,沉香,性味辛苦微温；归脾胃肾经；功效：行气止痛、温中止呕、纳气平喘。
external\cls_chinese_medicine/train/chenxiang/chengxiang_1287.jpg,沉香,性味辛苦微温；归脾胃肾经；功效：行气止痛、温中止呕、纳气平喘。
external\cls_chinese_medicine/train/chenxiang/chengxiang_0197.jpg,沉香,性味辛苦微温；归脾胃肾经；功效：行气止痛、温中止呕、纳气平喘。
external\cls_chinese_medicine/train/chenxiang/chengxiang_1509.jpg,沉香,性味辛苦微温；归脾胃肾经；功效：行气止痛、温中止呕、纳气平喘。
external\cls_chinese_medicine/train/chenxiang/chengxiang_0064.jpg,沉香,性味辛苦微温；归脾胃肾经；功效：行气止痛、温中止呕、纳气平喘。
external\cls_chinese_medicine/train/chenxiang/chengxiang_1483.jpg,沉香,性味辛苦微温；归脾胃肾经；功效：行气止痛、温中止呕、纳气平喘。
external\cls_chinese_medicine/train/chenxiang/chengxiang_1459.jpg,沉香,性味辛苦微温；归脾胃肾经；功效：行气止痛、温中止呕、纳气平喘。
external\cls_chinese_medicine/train/chenxiang/chengxiang_1552.jpg,沉香,性味辛苦微温；归脾胃肾经；功效：行气止痛、温中止呕、纳气平喘。
external\cls_chinese_medicine/train/chenxiang/chengxiang_0633.jpg,沉香,性味辛苦微温；归脾胃肾经；功效：行气止痛、温中止呕、纳气平喘。
external\cls_chinese_medicine/train/chenxiang/chengxiang_0451.jpg,沉香,性味辛苦微温；归脾胃肾经；功效：行气止痛、温中止呕、纳气平喘。
external\cls_chinese_medicine/train/chenxiang/chengxiang_1311.jpg,沉香,性味辛苦微温；归脾胃肾经；功效：行气止痛、温中止呕、纳气平喘。
external\cls_chinese_medicine/train/chenxiang/chengxiang_1503.jpg,沉香,性味辛苦微温；归脾胃肾经；功效：行气止痛、温中止呕、纳气平喘。
external\cls_chinese_medicine/train/chenxiang/chengxiang_0224.jpg,沉香,性味辛苦微温；归脾胃肾经；功效：行气止痛、温中止呕、纳气平喘。
external\cls_chinese_medicine/train/chenxiang/chengxiang_0829.jpg,沉香,性味辛苦微温；归脾胃肾经；功效：行气止痛、温中止呕、纳气平喘。
external\cls_chinese_medicine/train/chenxiang/chengxiang_1344.jpg,沉香,性味辛苦微温；归脾胃肾经；功效：行气止痛、温中止呕、纳气平喘。
external\cls_chinese_medicine/train/chenxiang/chengxiang_0859.jpg,沉香,性味辛苦微温；归脾胃肾经；功效：行气止痛、温中止呕、纳气平喘。
external\cls_chinese_medicine/train/chenxiang/chengxiang_0375.jpg,沉香,性味辛苦微温；归脾胃肾经；功效：行气止痛、温中止呕、纳气平喘。
external\cls_chinese_medicine/train/chenxiang/chengxiang_1095.jpg,沉香,性味辛苦微温；归脾胃肾经；功效：行气止痛、温中止呕、纳气平喘。
external\cls_chinese_medicine/train/chenxiang/chengxiang_1340.jpg,沉香,性味辛苦微温；归脾胃肾经；功效：行气止痛、温中止呕、纳气平喘。
external\cls_chinese_medicine/train/chenxiang/chengxiang_1049.jpg,沉香,性味辛苦微温；归脾胃肾经；功效：行气止痛、温中止呕、纳气平喘。
external\cls_chinese_medicine/train/chenxiang/chengxiang_0445.jpg,沉香,性味辛苦微温；归脾胃肾经；功效：行气止痛、温中止呕、纳气平喘。
external\cls_chinese_medicine/train/chenxiang/chengxiang_0992.jpg,沉香,性味辛苦微温；归脾胃肾经；功效：行气止痛、温中止呕、纳气平喘。
external\cls_chinese_medicine/train/chenxiang/chengxiang_1469.jpg,沉香,性味辛苦微温；归脾胃肾经；功效：行气止痛、温中止呕、纳气平喘。
external\cls_chinese_medicine/train/chenxiang/chengxiang_1423.jpg,沉香,性味辛苦微温；归脾胃肾经；功效：行气止痛、温中止呕、纳气平喘。
external\cls_chinese_medicine/train/chenxiang/chengxiang_0348.jpg,沉香,性味辛苦微温；归脾胃肾经；功效：行气止痛、温中止呕、纳气平喘。
external\cls_chinese_medicine/train/chenxiang/chengxiang_1427.jpg,沉香,性味辛苦微温；归脾胃肾经；功效：行气止痛、温中止呕、纳气平喘。
external\cls_chinese_medicine/train/chenxiang/chengxiang_0553.jpg,沉香,性味辛苦微温；归脾胃肾经；功效：行气止痛、温中止呕、纳气平喘。
external\cls_chinese_medicine/train/chenxiang/chengxiang_0648.jpg,沉香,性味辛苦微温；归脾胃肾经；功效：行气止痛、温中止呕、纳气平喘。
external\cls_chinese_medicine/train/chenxiang/chengxiang_0951.jpg,沉香,性味辛苦微温；归脾胃肾经；功效：行气止痛、温中止呕、纳气平喘。
external\cls_chinese_medicine/train/chenxiang/chengxiang_0689.jpg,沉香,性味辛苦微温；归脾胃肾经；功效：行气止痛、温中止呕、纳气平喘。
external\cls_chinese_medicine/train/chenxiang/chengxiang_0490.jpg,沉香,性味辛苦微温；归脾胃肾经；功效：行气止痛、温中止呕、纳气平喘。
external\cls_chinese_medicine/train/chenxiang/chengxiang_0428.jpg,沉香,性味辛苦微温；归脾胃肾经；功效：行气止痛、温中止呕、纳气平喘。
external\cls_chinese_medicine/train/chenxiang/chengxiang_1375.jpg,沉香,性味辛苦微温；归脾胃肾经；功效：行气止痛、温中止呕、纳气平喘。
external\cls_chinese_medicine/train/chenxiang/chengxiang_1542.jpg,沉香,性味辛苦微温；归脾胃肾经；功效：行气止痛、温中止呕、纳气平喘。
external\cls_chinese_medicine/train/chenxiang/chengxiang_0284.jpg,沉香,性味辛苦微温；归脾胃肾经；功效：行气止痛、温中止呕、纳气平喘。
external\cls_chinese_medicine/train/chenxiang/chengxiang_1262.jpg,沉香,性味辛苦微温；归脾胃肾经；功效：行气止痛、温中止呕、纳气平喘。
external\cls_chinese_medicine/train/chenxiang/chengxiang_0928.jpg,沉香,性味辛苦微温；归脾胃肾经；功效：行气止痛、温中止呕、纳气平喘。
external\cls_chinese_medicine/train/chenxiang/chengxiang_0788.jpg,沉香,性味辛苦微温；归脾胃肾经；功效：行气止痛、温中止呕、纳气平喘。
external\cls_chinese_medicine/train/chenxiang/chengxiang_0242.jpg,沉香,性味辛苦微温；归脾胃肾经；功效：行气止痛、温中止呕、纳气平喘。
external\cls_chinese_medicine/train/chenxiang/chengxiang_0653.jpg,沉香,性味辛苦微温；归脾胃肾经；功效：行气止痛、温中止呕、纳气平喘。
external\cls_chinese_medicine/train/chenxiang/chengxiang_1129.jpg,沉香,性味辛苦微温；归脾胃肾经；功效：行气止痛、温中止呕、纳气平喘。
external\cls_chinese_medicine/train/chenxiang/chengxiang_1562.jpg,沉香,性味辛苦微温；归脾胃肾经；功效：行气止痛、温中止呕、纳气平喘。
external\cls_chinese_medicine/train/chenxiang/chengxiang_1015.jpg,沉香,性味辛苦微温；归脾胃肾经；功效：行气止痛、温中止呕、纳气平喘。
external\cls_chinese_medicine/train/chenxiang/chengxiang_1611.jpg,沉香,性味辛苦微温；归脾胃肾经；功效：行气止痛、温中止呕、纳气平喘。
external\cls_chinese_medicine/train/chenxiang/chengxiang_0213.jpg,沉香,性味辛苦微温；归脾胃肾经；功效：行气止痛、温中止呕、纳气平喘。
external\cls_chinese_medicine/train/muli/muli_0540.jpg,牡蛎,性味咸微寒；归肝肾经；功效：重镇安神、潜阳补阴、软坚散结、收敛固涩。
external\cls_chinese_medicine/train/muli/muli_0277.jpg,牡蛎,性味咸微寒；归肝肾经；功效：重镇安神、潜阳补阴、软坚散结、收敛固涩。
external\cls_chinese_medicine/train/muli/muli_1452.jpg,牡蛎,性味咸微寒；归肝肾经；功效：重镇安神、潜阳补阴、软坚散结、收敛固涩。
external\cls_chinese_medicine/train/muli/muli_1248.jpg,牡蛎,性味咸微寒；归肝肾经；功效：重镇安神、潜阳补阴、软坚散结、收敛固涩。
external\cls_chinese_medicine/train/muli/muli_0061.jpg,牡蛎,性味咸微寒；归肝肾经；功效：重镇安神、潜阳补阴、软坚散结、收敛固涩。
external\cls_chinese_medicine/train/muli/muli_1567.jpg,牡蛎,性味咸微寒；归肝肾经；功效：重镇安神、潜阳补阴、软坚散结、收敛固涩。
external\cls_chinese_medicine/train/muli/muli_0449.jpg,牡蛎,性味咸微寒；归肝肾经；功效：重镇安神、潜阳补阴、软坚散结、收敛固涩。
external\cls_chinese_medicine/train/muli/muli_0339.jpg,牡蛎,性味咸微寒；归肝肾经；功效：重镇安神、潜阳补阴、软坚散结、收敛固涩。
external\cls_chinese_medicine/train/muli/muli_1121.jpg,牡蛎,性味咸微寒；归肝肾经；功效：重镇安神、潜阳补阴、软坚散结、收敛固涩。
external\cls_chinese_medicine/train/muli/muli_0705.jpg,牡蛎,性味咸微寒；归肝肾经；功效：重镇安神、潜阳补阴、软坚散结、收敛固涩。
external\cls_chinese_medicine/train/muli/muli_0376.jpg,牡蛎,性味咸微寒；归肝肾经；功效：重镇安神、潜阳补阴、软坚散结、收敛固涩。
external\cls_chinese_medicine/train/muli/muli_0894.jpg,牡蛎,性味咸微寒；归肝肾经；功效：重镇安神、潜阳补阴、软坚散结、收敛固涩。
external\cls_chinese_medicine/train/muli/muli_0671.jpg,牡蛎,性味咸微寒；归肝肾经；功效：重镇安神、潜阳补阴、软坚散结、收敛固涩。
external\cls_chinese_medicine/train/muli/muli_0792.jpg,牡蛎,性味咸微寒；归肝肾经；功效：重镇安神、潜阳补阴、软坚散结、收敛固涩。
external\cls_chinese_medicine/train/muli/muli_0265.jpg,牡蛎,性味咸微寒；归肝肾经；功效：重镇安神、潜阳补阴、软坚散结、收敛固涩。
external\cls_chinese_medicine/train/muli/muli_0897.jpg,牡蛎,性味咸微寒；归肝肾经；功效：重镇安神、潜阳补阴、软坚散结、收敛固涩。
external\cls_chinese_medicine/train/muli/muli_0032.jpg,牡蛎,性味咸微寒；归肝肾经；功效：重镇安神、潜阳补阴、软坚散结、收敛固涩。
external\cls_chinese_medicine/train/muli/muli_0676.jpg,牡蛎,性味咸微寒；归肝肾经；功效：重镇安神、潜阳补阴、软坚散结、收敛固涩。
external\cls_chinese_medicine/train/muli/muli_0511.jpg,牡蛎,性味咸微寒；归肝肾经；功效：重镇安神、潜阳补阴、软坚散结、收敛固涩。
external\cls_chinese_medicine/train/muli/muli_1587.jpg,牡蛎,性味咸微寒；归肝肾经；功效：重镇安神、潜阳补阴、软坚散结、收敛固涩。
external\cls_chinese_medicine/train/muli/muli_0949.jpg,牡蛎,性味咸微寒；归肝肾经；功效：重镇安神、潜阳补阴、软坚散结、收敛固涩。
external\cls_chinese_medicine/train/muli/muli_0959.jpg,牡蛎,性味咸微寒；归肝肾经；功效：重镇安神、潜阳补阴、软坚散结、收敛固涩。
external\cls_chinese_medicine/train/muli/muli_0203.jpg,牡蛎,性味咸微寒；归肝肾经；功效：重镇安神、潜阳补阴、软坚散结、收敛固涩。
external\cls_chinese_medicine/train/muli/muli_0539.jpg,牡蛎,性味咸微寒；归肝肾经；功效：重镇安神、潜阳补阴、软坚散结、收敛固涩。
external\cls_chinese_medicine/train/muli/muli_0067.jpg,牡蛎,性味咸微寒；归肝肾经；功效：重镇安神、潜阳补阴、软坚散结、收敛固涩。
external\cls_chinese_medicine/train/muli/muli_1215.jpg,牡蛎,性味咸微寒；归肝肾经；功效：重镇安神、潜阳补阴、软坚散结、收敛固涩。
external\cls_chinese_medicine/train/muli/muli_0548.jpg,牡蛎,性味咸微寒；归肝肾经；功效：重镇安神、潜阳补阴、软坚散结、收敛固涩。
external\cls_chinese_medicine/train/muli/muli_0305.jpg,牡蛎,性味咸微寒；归肝肾经；功效：重镇安神、潜阳补阴、软坚散结、收敛固涩。
external\cls_chinese_medicine/train/muli/muli_0556.jpg,牡蛎,性味咸微寒；归肝肾经；功效：重镇安神、潜阳补阴、软坚散结、收敛固涩。
external\cls_chinese_medicine/train/muli/muli_1101.jpg,牡蛎,性味咸微寒；归肝肾经；功效：重镇安神、潜阳补阴、软坚散结、收敛固涩。
external\cls_chinese_medicine/train/muli/muli_0350.jpg,牡蛎,性味咸微寒；归肝肾经；功效：重镇安神、潜阳补阴、软坚散结、收敛固涩。
external\cls_chinese_medicine/train/muli/muli_1035.jpg,牡蛎,性味咸微寒；归肝肾经；功效：重镇安神、潜阳补阴、软坚散结、收敛固涩。
external\cls_chinese_medicine/train/muli/muli_1022.jpg,牡蛎,性味咸微寒；归肝肾经；功效：重镇安神、潜阳补阴、软坚散结、收敛固涩。
external\cls_chinese_medicine/train/muli/muli_0729.jpg,牡蛎,性味咸微寒；归肝肾经；功效：重镇安神、潜阳补阴、软坚散结、收敛固涩。
external\cls_chinese_medicine/train/muli/muli_0489.jpg,牡蛎,性味咸微寒；归肝肾经；功效：重镇安神、潜阳补阴、软坚散结、收敛固涩。
external\cls_chinese_medicine/train/muli/muli_1116.jpg,牡蛎,性味咸微寒；归肝肾经；功效：重镇安神、潜阳补阴、软坚散结、收敛固涩。
external\cls_chinese_medicine/train/muli/muli_0362.jpg,牡蛎,性味咸微寒；归肝肾经；功效：重镇安神、潜阳补阴、软坚散结、收敛固涩。
external\cls_chinese_medicine/train/muli/muli_0101.jpg,牡蛎,性味咸微寒；归肝肾经；功效：重镇安神、潜阳补阴、软坚散结、收敛固涩。
external\cls_chinese_medicine/train/muli/muli_0313.jpg,牡蛎,性味咸微寒；归肝肾经；功效：重镇安神、潜阳补阴、软坚散结、收敛固涩。
external\cls_chinese_medicine/train/muli/muli_0127.jpg,牡蛎,性味咸微寒；归肝肾经；功效：重镇安神、潜阳补阴、软坚散结、收敛固涩。
external\cls_chinese_medicine/train/muli/muli_0898.jpg,牡蛎,性味咸微寒；归肝肾经；功效：重镇安神、潜阳补阴、软坚散结、收敛固涩。
external\cls_chinese_medicine/train/muli/muli_0391.jpg,牡蛎,性味咸微寒；归肝肾经；功效：重镇安神、潜阳补阴、软坚散结、收敛固涩。
external\cls_chinese_medicine/train/muli/muli_0999.jpg,牡蛎,性味咸微寒；归肝肾经；功效：重镇安神、潜阳补阴、软坚散结、收敛固涩。
external\cls_chinese_medicine/train/muli/muli_0818.jpg,牡蛎,性味咸微寒；归肝肾经；功效：重镇安神、潜阳补阴、软坚散结、收敛固涩。
external\cls_chinese_medicine/train/muli/muli_1444.jpg,牡蛎,性味咸微寒；归肝肾经；功效：重镇安神、潜阳补阴、软坚散结、收敛固涩。
external\cls_chinese_medicine/train/muli/muli_0138.jpg,牡蛎,性味咸微寒；归肝肾经；功效：重镇安神、潜阳补阴、软坚散结、收敛固涩。
external\cls_chinese_medicine/train/muli/muli_0716.jpg,牡蛎,性味咸微寒；归肝肾经；功效：重镇安神、潜阳补阴、软坚散结、收敛固涩。
external\cls_chinese_medicine/train/muli/muli_0443.jpg,牡蛎,性味咸微寒；归肝肾经；功效：重镇安神、潜阳补阴、软坚散结、收敛固涩。
external\cls_chinese_medicine/train/muli/muli_0745.jpg,牡蛎,性味咸微寒；归肝肾经；功效：重镇安神、潜阳补阴、软坚散结、收敛固涩。
external\cls_chinese_medicine/train/muli/muli_1308.jpg,牡蛎,性味咸微寒；归肝肾经；功效：重镇安神、潜阳补阴、软坚散结、收敛固涩。
external\cls_chinese_medicine/train/muli/muli_1468.jpg,牡蛎,性味咸微寒；归肝肾经；功效：重镇安神、潜阳补阴、软坚散结、收敛固涩。
external\cls_chinese_medicine/train/muli/muli_0638.jpg,牡蛎,性味咸微寒；归肝肾经；功效：重镇安神、潜阳补阴、软坚散结、收敛固涩。
external\cls_chinese_medicine/train/muli/muli_0126.jpg,牡蛎,性味咸微寒；归肝肾经；功效：重镇安神、潜阳补阴、软坚散结、收敛固涩。
external\cls_chinese_medicine/train/muli/muli_0380.jpg,牡蛎,性味咸微寒；归肝肾经；功效：重镇安神、潜阳补阴、软坚散结、收敛固涩。
external\cls_chinese_medicine/train/muli/muli_0847.jpg,牡蛎,性味咸微寒；归肝肾经；功效：重镇安神、潜阳补阴、软坚散结、收敛固涩。
external\cls_chinese_medicine/train/muli/muli_1029.jpg,牡蛎,性味咸微寒；归肝肾经；功效：重镇安神、潜阳补阴、软坚散结、收敛固涩。
external\cls_chinese_medicine/train/muli/muli_0583.jpg,牡蛎,性味咸微寒；归肝肾经；功效：重镇安神、潜阳补阴、软坚散结、收敛固涩。
external\cls_chinese_medicine/train/muli/muli_1277.jpg,牡蛎,性味咸微寒；归肝肾经；功效：重镇安神、潜阳补阴、软坚散结、收敛固涩。
external\cls_chinese_medicine/train/muli/muli_0250.jpg,牡蛎,性味咸微寒；归肝肾经；功效：重镇安神、潜阳补阴、软坚散结、收敛固涩。
external\cls_chinese_medicine/train/muli/muli_1572.jpg,牡蛎,性味咸微寒；归肝肾经；功效：重镇安神、潜阳补阴、软坚散结、收敛固涩。
external\cls_chinese_medicine/train/muli/muli_0578.jpg,牡蛎,性味咸微寒；归肝肾经；功效：重镇安神、潜阳补阴、软坚散结、收敛固涩。
external\cls_chinese_medicine/train/muli/muli_1264.jpg,牡蛎,性味咸微寒；归肝肾经；功效：重镇安神、潜阳补阴、软坚散结、收敛固涩。
external\cls_chinese_medicine/train/muli/muli_0359.jpg,牡蛎,性味咸微寒；归肝肾经；功效：重镇安神、潜阳补阴、软坚散结、收敛固涩。
external\cls_chinese_medicine/train/muli/muli_0025.jpg,牡蛎,性味咸微寒；归肝肾经；功效：重镇安神、潜阳补阴、软坚散结、收敛固涩。
external\cls_chinese_medicine/train/muli/muli_0942.jpg,牡蛎,性味咸微寒；归肝肾经；功效：重镇安神、潜阳补阴、软坚散结、收敛固涩。
external\cls_chinese_medicine/train/muli/muli_1158.jpg,牡蛎,性味咸微寒；归肝肾经；功效：重镇安神、潜阳补阴、软坚散结、收敛固涩。
external\cls_chinese_medicine/train/muli/muli_0051.jpg,牡蛎,性味咸微寒；归肝肾经；功效：重镇安神、潜阳补阴、软坚散结、收敛固涩。
external\cls_chinese_medicine/train/muli/muli_1025.jpg,牡蛎,性味咸微寒；归肝肾经；功效：重镇安神、潜阳补阴、软坚散结、收敛固涩。
external\cls_chinese_medicine/train/muli/muli_0584.jpg,牡蛎,性味咸微寒；归肝肾经；功效：重镇安神、潜阳补阴、软坚散结、收敛固涩。
external\cls_chinese_medicine/train/muli/muli_0717.jpg,牡蛎,性味咸微寒；归肝肾经；功效：重镇安神、潜阳补阴、软坚散结、收敛固涩。
external\cls_chinese_medicine/train/muli/muli_1247.jpg,牡蛎,性味咸微寒；归肝肾经；功效：重镇安神、潜阳补阴、软坚散结、收敛固涩。
external\cls_chinese_medicine/train/muli/muli_1336.jpg,牡蛎,性味咸微寒；归肝肾经；功效：重镇安神、潜阳补阴、软坚散结、收敛固涩。
external\cls_chinese_medicine/train/muli/muli_0189.jpg,牡蛎,性味咸微寒；归肝肾经；功效：重镇安神、潜阳补阴、软坚散结、收敛固涩。
external\cls_chinese_medicine/train/muli/muli_0281.jpg,牡蛎,性味咸微寒；归肝肾经；功效：重镇安神、潜阳补阴、软坚散结、收敛固涩。
external\cls_chinese_medicine/train/muli/muli_1152.jpg,牡蛎,性味咸微寒；归肝肾经；功效：重镇安神、潜阳补阴、软坚散结、收敛固涩。
external\cls_chinese_medicine/train/muli/muli_0595.jpg,牡蛎,性味咸微寒；归肝肾经；功效：重镇安神、潜阳补阴、软坚散结、收敛固涩。
external\cls_chinese_medicine/train/muli/muli_1525.jpg,牡蛎,性味咸微寒；归肝肾经；功效：重镇安神、潜阳补阴、软坚散结、收敛固涩。
external\cls_chinese_medicine/train/muli/muli_1014.jpg,牡蛎,性味咸微寒；归肝肾经；功效：重镇安神、潜阳补阴、软坚散结、收敛固涩。
external\cls_chinese_medicine/train/muli/muli_0504.jpg,牡蛎,性味咸微寒；归肝肾经；功效：重镇安神、潜阳补阴、软坚散结、收敛固涩。
external\cls_chinese_medicine/train/muli/muli_0208.jpg,牡蛎,性味咸微寒；归肝肾经；功效：重镇安神、潜阳补阴、软坚散结、收敛固涩。
external\cls_chinese_medicine/train/muli/muli_1125.jpg,牡蛎,性味咸微寒；归肝肾经；功效：重镇安神、潜阳补阴、软坚散结、收敛固涩。
external\cls_chinese_medicine/train/muli/muli_1565.jpg,牡蛎,性味咸微寒；归肝肾经；功效：重镇安神、潜阳补阴、软坚散结、收敛固涩。
external\cls_chinese_medicine/train/muli/muli_0636.jpg,牡蛎,性味咸微寒；归肝肾经；功效：重镇安神、潜阳补阴、软坚散结、收敛固涩。
external\cls_chinese_medicine/train/muli/muli_0332.jpg,牡蛎,性味咸微寒；归肝肾经；功效：重镇安神、潜阳补阴、软坚散结、收敛固涩。
external\cls_chinese_medicine/train/muli/muli_1477.jpg,牡蛎,性味咸微寒；归肝肾经；功效：重镇安神、潜阳补阴、软坚散结、收敛固涩。
external\cls_chinese_medicine/train/muli/muli_0317.jpg,牡蛎,性味咸微寒；归肝肾经；功效：重镇安神、潜阳补阴、软坚散结、收敛固涩。
external\cls_chinese_medicine/train/muli/muli_0444.jpg,牡蛎,性味咸微寒；归肝肾经；功效：重镇安神、潜阳补阴、软坚散结、收敛固涩。
external\cls_chinese_medicine/train/muli/muli_0053.jpg,牡蛎,性味咸微寒；归肝肾经；功效：重镇安神、潜阳补阴、软坚散结、收敛固涩。
external\cls_chinese_medicine/train/muli/muli_0072.jpg,牡蛎,性味咸微寒；归肝肾经；功效：重镇安神、潜阳补阴、软坚散结、收敛固涩。
external\cls_chinese_medicine/train/muli/muli_1036.jpg,牡蛎,性味咸微寒；归肝肾经；功效：重镇安神、潜阳补阴、软坚散结、收敛固涩。
external\cls_chinese_medicine/train/muli/muli_0078.jpg,牡蛎,性味咸微寒；归肝肾经；功效：重镇安神、潜阳补阴、软坚散结、收敛固涩。
external\cls_chinese_medicine/train/muli/muli_0700.jpg,牡蛎,性味咸微寒；归肝肾经；功效：重镇安神、潜阳补阴、软坚散结、收敛固涩。
external\cls_chinese_medicine/train/muli/muli_0267.jpg,牡蛎,性味咸微寒；归肝肾经；功效：重镇安神、潜阳补阴、软坚散结、收敛固涩。
external\cls_chinese_medicine/train/muli/muli_1455.jpg,牡蛎,性味咸微寒；归肝肾经；功效：重镇安神、潜阳补阴、软坚散结、收敛固涩。
external\cls_chinese_medicine/train/muli/muli_0922.jpg,牡蛎,性味咸微寒；归肝肾经；功效：重镇安神、潜阳补阴、软坚散结、收敛固涩。
external\cls_chinese_medicine/train/muli/muli_0974.jpg,牡蛎,性味咸微寒；归肝肾经；功效：重镇安神、潜阳补阴、软坚散结、收敛固涩。
external\cls_chinese_medicine/train/muli/muli_0253.jpg,牡蛎,性味咸微寒；归肝肾经；功效：重镇安神、潜阳补阴、软坚散结、收敛固涩。
external\cls_chinese_medicine/train/muli/muli_0815.jpg,牡蛎,性味咸微寒；归肝肾经；功效：重镇安神、潜阳补阴、软坚散结、收敛固涩。
external\cls_chinese_medicine/train/muli/muli_1043.jpg,牡蛎,性味咸微寒；归肝肾经；功效：重镇安神、潜阳补阴、软坚散结、收敛固涩。
external\cls_chinese_medicine/train/muli/muli_0801.jpg,牡蛎,性味咸微寒；归肝肾经；功效：重镇安神、潜阳补阴、软坚散结、收敛固涩。
external\cls_chinese_medicine/train/muli/muli_1446.jpg,牡蛎,性味咸微寒；归肝肾经；功效：重镇安神、潜阳补阴、软坚散结、收敛固涩。
external\cls_chinese_medicine/train/muli/muli_0960.jpg,牡蛎,性味咸微寒；归肝肾经；功效：重镇安神、潜阳补阴、软坚散结、收敛固涩。
external\cls_chinese_medicine/train/muli/muli_0178.jpg,牡蛎,性味咸微寒；归肝肾经；功效：重镇安神、潜阳补阴、软坚散结、收敛固涩。
external\cls_chinese_medicine/train/muli/muli_0173.jpg,牡蛎,性味咸微寒；归肝肾经；功效：重镇安神、潜阳补阴、软坚散结、收敛固涩。
external\cls_chinese_medicine/train/muli/muli_1009.jpg,牡蛎,性味咸微寒；归肝肾经；功效：重镇安神、潜阳补阴、软坚散结、收敛固涩。
external\cls_chinese_medicine/train/muli/muli_0630.jpg,牡蛎,性味咸微寒；归肝肾经；功效：重镇安神、潜阳补阴、软坚散结、收敛固涩。
external\cls_chinese_medicine/train/muli/muli_0360.jpg,牡蛎,性味咸微寒；归肝肾经；功效：重镇安神、潜阳补阴、软坚散结、收敛固涩。
external\cls_chinese_medicine/train/muli/muli_1145.jpg,牡蛎,性味咸微寒；归肝肾经；功效：重镇安神、潜阳补阴、软坚散结、收敛固涩。
external\cls_chinese_medicine/train/muli/muli_1427.jpg,牡蛎,性味咸微寒；归肝肾经；功效：重镇安神、潜阳补阴、软坚散结、收敛固涩。
external\cls_chinese_medicine/train/muli/muli_1146.jpg,牡蛎,性味咸微寒；归肝肾经；功效：重镇安神、潜阳补阴、软坚散结、收敛固涩。
external\cls_chinese_medicine/train/muli/muli_0648.jpg,牡蛎,性味咸微寒；归肝肾经；功效：重镇安神、潜阳补阴、软坚散结、收敛固涩。
external\cls_chinese_medicine/train/muli/muli_1199.jpg,牡蛎,性味咸微寒；归肝肾经；功效：重镇安神、潜阳补阴、软坚散结、收敛固涩。
external\cls_chinese_medicine/train/muli/muli_0569.jpg,牡蛎,性味咸微寒；归肝肾经；功效：重镇安神、潜阳补阴、软坚散结、收敛固涩。
external\cls_chinese_medicine/train/muli/muli_1271.jpg,牡蛎,性味咸微寒；归肝肾经；功效：重镇安神、潜阳补阴、软坚散结、收敛固涩。
external\cls_chinese_medicine/train/muli/muli_0752.jpg,牡蛎,性味咸微寒；归肝肾经；功效：重镇安神、潜阳补阴、软坚散结、收敛固涩。
external\cls_chinese_medicine/train/muli/muli_0415.jpg,牡蛎,性味咸微寒；归肝肾经；功效：重镇安神、潜阳补阴、软坚散结、收敛固涩。
external\cls_chinese_medicine/train/muli/muli_1020.jpg,牡蛎,性味咸微寒；归肝肾经；功效：重镇安神、潜阳补阴、软坚散结、收敛固涩。
external\cls_chinese_medicine/train/muli/muli_0616.jpg,牡蛎,性味咸微寒；归肝肾经；功效：重镇安神、潜阳补阴、软坚散结、收敛固涩。
external\cls_chinese_medicine/train/muli/muli_0144.jpg,牡蛎,性味咸微寒；归肝肾经；功效：重镇安神、潜阳补阴、软坚散结、收敛固涩。
external\cls_chinese_medicine/train/muli/muli_0069.jpg,牡蛎,性味咸微寒；归肝肾经；功效：重镇安神、潜阳补阴、软坚散结、收敛固涩。
external\cls_chinese_medicine/train/muli/muli_0849.jpg,牡蛎,性味咸微寒；归肝肾经；功效：重镇安神、潜阳补阴、软坚散结、收敛固涩。
external\cls_chinese_medicine/train/muli/muli_0031.jpg,牡蛎,性味咸微寒；归肝肾经；功效：重镇安神、潜阳补阴、软坚散结、收敛固涩。
external\cls_chinese_medicine/train/muli/muli_1161.jpg,牡蛎,性味咸微寒；归肝肾经；功效：重镇安神、潜阳补阴、软坚散结、收敛固涩。
external\cls_chinese_medicine/train/muli/muli_0166.jpg,牡蛎,性味咸微寒；归肝肾经；功效：重镇安神、潜阳补阴、软坚散结、收敛固涩。
external\cls_chinese_medicine/train/muli/muli_0983.jpg,牡蛎,性味咸微寒；归肝肾经；功效：重镇安神、潜阳补阴、软坚散结、收敛固涩。
external\cls_chinese_medicine/train/muli/muli_1535.jpg,牡蛎,性味咸微寒；归肝肾经；功效：重镇安神、潜阳补阴、软坚散结、收敛固涩。
external\cls_chinese_medicine/train/muli/muli_1353.jpg,牡蛎,性味咸微寒；归肝肾经；功效：重镇安神、潜阳补阴、软坚散结、收敛固涩。
external\cls_chinese_medicine/train/muli/muli_1170.jpg,牡蛎,性味咸微寒；归肝肾经；功效：重镇安神、潜阳补阴、软坚散结、收敛固涩。
external\cls_chinese_medicine/train/muli/muli_0915.jpg,牡蛎,性味咸微寒；归肝肾经；功效：重镇安神、潜阳补阴、软坚散结、收敛固涩。
external\cls_chinese_medicine/train/muli/muli_0431.jpg,牡蛎,性味咸微寒；归肝肾经；功效：重镇安神、潜阳补阴、软坚散结、收敛固涩。
external\cls_chinese_medicine/train/muli/muli_1310.jpg,牡蛎,性味咸微寒；归肝肾经；功效：重镇安神、潜阳补阴、软坚散结、收敛固涩。
external\cls_chinese_medicine/train/muli/muli_0795.jpg,牡蛎,性味咸微寒；归肝肾经；功效：重镇安神、潜阳补阴、软坚散结、收敛固涩。
external\cls_chinese_medicine/train/muli/muli_0848.jpg,牡蛎,性味咸微寒；归肝肾经；功效：重镇安神、潜阳补阴、软坚散结、收敛固涩。
external\cls_chinese_medicine/train/muli/muli_1167.jpg,牡蛎,性味咸微寒；归肝肾经；功效：重镇安神、潜阳补阴、软坚散结、收敛固涩。
external\cls_chinese_medicine/train/muli/muli_0204.jpg,牡蛎,性味咸微寒；归肝肾经；功效：重镇安神、潜阳补阴、软坚散结、收敛固涩。
external\cls_chinese_medicine/train/muli/muli_1436.jpg,牡蛎,性味咸微寒；归肝肾经；功效：重镇安神、潜阳补阴、软坚散结、收敛固涩。
external\cls_chinese_medicine/train/muli/muli_1205.jpg,牡蛎,性味咸微寒；归肝肾经；功效：重镇安神、潜阳补阴、软坚散结、收敛固涩。
external\cls_chinese_medicine/train/muli/muli_1553.jpg,牡蛎,性味咸微寒；归肝肾经；功效：重镇安神、潜阳补阴、软坚散结、收敛固涩。
external\cls_chinese_medicine/train/muli/muli_1402.jpg,牡蛎,性味咸微寒；归肝肾经；功效：重镇安神、潜阳补阴、软坚散结、收敛固涩。
external\cls_chinese_medicine/train/muli/muli_0361.jpg,牡蛎,性味咸微寒；归肝肾经；功效：重镇安神、潜阳补阴、软坚散结、收敛固涩。
external\cls_chinese_medicine/train/muli/muli_0673.jpg,牡蛎,性味咸微寒；归肝肾经；功效：重镇安神、潜阳补阴、软坚散结、收敛固涩。
external\cls_chinese_medicine/train/muli/muli_1148.jpg,牡蛎,性味咸微寒；归肝肾经；功效：重镇安神、潜阳补阴、软坚散结、收敛固涩。
external\cls_chinese_medicine/train/muli/muli_0780.jpg,牡蛎,性味咸微寒；归肝肾经；功效：重镇安神、潜阳补阴、软坚散结、收敛固涩。
external\cls_chinese_medicine/train/muli/muli_1609.jpg,牡蛎,性味咸微寒；归肝肾经；功效：重镇安神、潜阳补阴、软坚散结、收敛固涩。
external\cls_chinese_medicine/train/muli/muli_1067.jpg,牡蛎,性味咸微寒；归肝肾经；功效：重镇安神、潜阳补阴、软坚散结、收敛固涩。
external\cls_chinese_medicine/train/muli/muli_1575.jpg,牡蛎,性味咸微寒；归肝肾经；功效：重镇安神、潜阳补阴、软坚散结、收敛固涩。
external\cls_chinese_medicine/train/muli/muli_1266.jpg,牡蛎,性味咸微寒；归肝肾经；功效：重镇安神、潜阳补阴、软坚散结、收敛固涩。
external\cls_chinese_medicine/train/muli/muli_1619.jpg,牡蛎,性味咸微寒；归肝肾经；功效：重镇安神、潜阳补阴、软坚散结、收敛固涩。
external\cls_chinese_medicine/train/muli/muli_0961.jpg,牡蛎,性味咸微寒；归肝肾经；功效：重镇安神、潜阳补阴、软坚散结、收敛固涩。
external\cls_chinese_medicine/train/muli/muli_0784.jpg,牡蛎,性味咸微寒；归肝肾经；功效：重镇安神、潜阳补阴、软坚散结、收敛固涩。
external\cls_chinese_medicine/train/muli/muli_0497.jpg,牡蛎,性味咸微寒；归肝肾经；功效：重镇安神、潜阳补阴、软坚散结、收敛固涩。
external\cls_chinese_medicine/train/muli/muli_1232.jpg,牡蛎,性味咸微寒；归肝肾经；功效：重镇安神、潜阳补阴、软坚散结、收敛固涩。
external\cls_chinese_medicine/train/muli/muli_0547.jpg,牡蛎,性味咸微寒；归肝肾经；功效：重镇安神、潜阳补阴、软坚散结、收敛固涩。
external\cls_chinese_medicine/train/muli/muli_0225.jpg,牡蛎,性味咸微寒；归肝肾经；功效：重镇安神、潜阳补阴、软坚散结、收敛固涩。
external\cls_chinese_medicine/train/muli/muli_1142.jpg,牡蛎,性味咸微寒；归肝肾经；功效：重镇安神、潜阳补阴、软坚散结、收敛固涩。
external\cls_chinese_medicine/train/muli/muli_1136.jpg,牡蛎,性味咸微寒；归肝肾经；功效：重镇安神、潜阳补阴、软坚散结、收敛固涩。
external\cls_chinese_medicine/train/muli/muli_1002.jpg,牡蛎,性味咸微寒；归肝肾经；功效：重镇安神、潜阳补阴、软坚散结、收敛固涩。
external\cls_chinese_medicine/train/muli/muli_0496.jpg,牡蛎,性味咸微寒；归肝肾经；功效：重镇安神、潜阳补阴、软坚散结、收敛固涩。
external\cls_chinese_medicine/train/muli/muli_0046.jpg,牡蛎,性味咸微寒；归肝肾经；功效：重镇安神、潜阳补阴、软坚散结、收敛固涩。
external\cls_chinese_medicine/train/muli/muli_0526.jpg,牡蛎,性味咸微寒；归肝肾经；功效：重镇安神、潜阳补阴、软坚散结、收敛固涩。
external\cls_chinese_medicine/train/muli/muli_1042.jpg,牡蛎,性味咸微寒；归肝肾经；功效：重镇安神、潜阳补阴、软坚散结、收敛固涩。
external\cls_chinese_medicine/train/muli/muli_1258.jpg,牡蛎,性味咸微寒；归肝肾经；功效：重镇安神、潜阳补阴、软坚散结、收敛固涩。
external\cls_chinese_medicine/train/muli/muli_0180.jpg,牡蛎,性味咸微寒；归肝肾经；功效：重镇安神、潜阳补阴、软坚散结、收敛固涩。
external\cls_chinese_medicine/train/muli/muli_1543.jpg,牡蛎,性味咸微寒；归肝肾经；功效：重镇安神、潜阳补阴、软坚散结、收敛固涩。
external\cls_chinese_medicine/train/muli/muli_0837.jpg,牡蛎,性味咸微寒；归肝肾经；功效：重镇安神、潜阳补阴、软坚散结、收敛固涩。
external\cls_chinese_medicine/train/muli/muli_0296.jpg,牡蛎,性味咸微寒；归肝肾经；功效：重镇安神、潜阳补阴、软坚散结、收敛固涩。
external\cls_chinese_medicine/train/muli/muli_0118.jpg,牡蛎,性味咸微寒；归肝肾经；功效：重镇安神、潜阳补阴、软坚散结、收敛固涩。
external\cls_chinese_medicine/train/muli/muli_0340.jpg,牡蛎,性味咸微寒；归肝肾经；功效：重镇安神、潜阳补阴、软坚散结、收敛固涩。
external\cls_chinese_medicine/train/muli/muli_0842.jpg,牡蛎,性味咸微寒；归肝肾经；功效：重镇安神、潜阳补阴、软坚散结、收敛固涩。
external\cls_chinese_medicine/train/muli/muli_1571.jpg,牡蛎,性味咸微寒；归肝肾经；功效：重镇安神、潜阳补阴、软坚散结、收敛固涩。
external\cls_chinese_medicine/train/muli/muli_0826.jpg,牡蛎,性味咸微寒；归肝肾经；功效：重镇安神、潜阳补阴、软坚散结、收敛固涩。
external\cls_chinese_medicine/train/muli/muli_1380.jpg,牡蛎,性味咸微寒；归肝肾经；功效：重镇安神、潜阳补阴、软坚散结、收敛固涩。
external\cls_chinese_medicine/train/muli/muli_1163.jpg,牡蛎,性味咸微寒；归肝肾经；功效：重镇安神、潜阳补阴、软坚散结、收敛固涩。
external\cls_chinese_medicine/train/muli/muli_1351.jpg,牡蛎,性味咸微寒；归肝肾经；功效：重镇安神、潜阳补阴、软坚散结、收敛固涩。
external\cls_chinese_medicine/train/muli/muli_0080.jpg,牡蛎,性味咸微寒；归肝肾经；功效：重镇安神、潜阳补阴、软坚散结、收敛固涩。
external\cls_chinese_medicine/train/muli/muli_0832.jpg,牡蛎,性味咸微寒；归肝肾经；功效：重镇安神、潜阳补阴、软坚散结、收敛固涩。
external\cls_chinese_medicine/train/muli/muli_1492.jpg,牡蛎,性味咸微寒；归肝肾经；功效：重镇安神、潜阳补阴、软坚散结、收敛固涩。
external\cls_chinese_medicine/train/muli/muli_1065.jpg,牡蛎,性味咸微寒；归肝肾经；功效：重镇安神、潜阳补阴、软坚散结、收敛固涩。
external\cls_chinese_medicine/train/muli/muli_0190.jpg,牡蛎,性味咸微寒；归肝肾经；功效：重镇安神、潜阳补阴、软坚散结、收敛固涩。
external\cls_chinese_medicine/train/muli/muli_0347.jpg,牡蛎,性味咸微寒；归肝肾经；功效：重镇安神、潜阳补阴、软坚散结、收敛固涩。
external\cls_chinese_medicine/train/muli/muli_1550.jpg,牡蛎,性味咸微寒；归肝肾经；功效：重镇安神、潜阳补阴、软坚散结、收敛固涩。
external\cls_chinese_medicine/train/muli/muli_0017.jpg,牡蛎,性味咸微寒；归肝肾经；功效：重镇安神、潜阳补阴、软坚散结、收敛固涩。
external\cls_chinese_medicine/train/muli/muli_1392.jpg,牡蛎,性味咸微寒；归肝肾经；功效：重镇安神、潜阳补阴、软坚散结、收敛固涩。
external\cls_chinese_medicine/train/muli/muli_0778.jpg,牡蛎,性味咸微寒；归肝肾经；功效：重镇安神、潜阳补阴、软坚散结、收敛固涩。
external\cls_chinese_medicine/train/muli/muli_1283.jpg,牡蛎,性味咸微寒；归肝肾经；功效：重镇安神、潜阳补阴、软坚散结、收敛固涩。
external\cls_chinese_medicine/train/muli/muli_1563.jpg,牡蛎,性味咸微寒；归肝肾经；功效：重镇安神、潜阳补阴、软坚散结、收敛固涩。
external\cls_chinese_medicine/train/muli/muli_0243.jpg,牡蛎,性味咸微寒；归肝肾经；功效：重镇安神、潜阳补阴、软坚散结、收敛固涩。
external\cls_chinese_medicine/train/muli/muli_1033.jpg,牡蛎,性味咸微寒；归肝肾经；功效：重镇安神、潜阳补阴、软坚散结、收敛固涩。
external\cls_chinese_medicine/train/muli/muli_0691.jpg,牡蛎,性味咸微寒；归肝肾经；功效：重镇安神、潜阳补阴、软坚散结、收敛固涩。
external\cls_chinese_medicine/train/muli/muli_1226.jpg,牡蛎,性味咸微寒；归肝肾经；功效：重镇安神、潜阳补阴、软坚散结、收敛固涩。
external\cls_chinese_medicine/train/muli/muli_0617.jpg,牡蛎,性味咸微寒；归肝肾经；功效：重镇安神、潜阳补阴、软坚散结、收敛固涩。
external\cls_chinese_medicine/train/muli/muli_0602.jpg,牡蛎,性味咸微寒；归肝肾经；功效：重镇安神、潜阳补阴、软坚散结、收敛固涩。
external\cls_chinese_medicine/train/muli/muli_1024.jpg,牡蛎,性味咸微寒；归肝肾经；功效：重镇安神、潜阳补阴、软坚散结、收敛固涩。
external\cls_chinese_medicine/train/muli/muli_0427.jpg,牡蛎,性味咸微寒；归肝肾经；功效：重镇安神、潜阳补阴、软坚散结、收敛固涩。
external\cls_chinese_medicine/train/muli/muli_0245.jpg,牡蛎,性味咸微寒；归肝肾经；功效：重镇安神、潜阳补阴、软坚散结、收敛固涩。
external\cls_chinese_medicine/train/muli/muli_0426.jpg,牡蛎,性味咸微寒；归肝肾经；功效：重镇安神、潜阳补阴、软坚散结、收敛固涩。
external\cls_chinese_medicine/train/muli/muli_1010.jpg,牡蛎,性味咸微寒；归肝肾经；功效：重镇安神、潜阳补阴、软坚散结、收敛固涩。
external\cls_chinese_medicine/train/muli/muli_1127.jpg,牡蛎,性味咸微寒；归肝肾经；功效：重镇安神、潜阳补阴、软坚散结、收敛固涩。
external\cls_chinese_medicine/train/muli/muli_1555.jpg,牡蛎,性味咸微寒；归肝肾经；功效：重镇安神、潜阳补阴、软坚散结、收敛固涩。
external\cls_chinese_medicine/train/muli/muli_1097.jpg,牡蛎,性味咸微寒；归肝肾经；功效：重镇安神、潜阳补阴、软坚散结、收敛固涩。
external\cls_chinese_medicine/train/muli/muli_1321.jpg,牡蛎,性味咸微寒；归肝肾经；功效：重镇安神、潜阳补阴、软坚散结、收敛固涩。
external\cls_chinese_medicine/train/muli/muli_1176.jpg,牡蛎,性味咸微寒；归肝肾经；功效：重镇安神、潜阳补阴、软坚散结、收敛固涩。
external\cls_chinese_medicine/train/muli/muli_1456.jpg,牡蛎,性味咸微寒；归肝肾经；功效：重镇安神、潜阳补阴、软坚散结、收敛固涩。
external\cls_chinese_medicine/train/muli/muli_0058.jpg,牡蛎,性味咸微寒；归肝肾经；功效：重镇安神、潜阳补阴、软坚散结、收敛固涩。
external\cls_chinese_medicine/train/muli/muli_0075.jpg,牡蛎,性味咸微寒；归肝肾经；功效：重镇安神、潜阳补阴、软坚散结、收敛固涩。
external\cls_chinese_medicine/train/muli/muli_1296.jpg,牡蛎,性味咸微寒；归肝肾经；功效：重镇安神、潜阳补阴、软坚散结、收敛固涩。
external\cls_chinese_medicine/train/muli/muli_0424.jpg,牡蛎,性味咸微寒；归肝肾经；功效：重镇安神、潜阳补阴、软坚散结、收敛固涩。
external\cls_chinese_medicine/train/muli/muli_0422.jpg,牡蛎,性味咸微寒；归肝肾经；功效：重镇安神、潜阳补阴、软坚散结、收敛固涩。
external\cls_chinese_medicine/train/muli/muli_1099.jpg,牡蛎,性味咸微寒；归肝肾经；功效：重镇安神、潜阳补阴、软坚散结、收敛固涩。
external\cls_chinese_medicine/train/muli/muli_0045.jpg,牡蛎,性味咸微寒；归肝肾经；功效：重镇安神、潜阳补阴、软坚散结、收敛固涩。
external\cls_chinese_medicine/train/muli/muli_0628.jpg,牡蛎,性味咸微寒；归肝肾经；功效：重镇安神、潜阳补阴、软坚散结、收敛固涩。
external\cls_chinese_medicine/train/muli/muli_1094.jpg,牡蛎,性味咸微寒；归肝肾经；功效：重镇安神、潜阳补阴、软坚散结、收敛固涩。
external\cls_chinese_medicine/train/muli/muli_0966.jpg,牡蛎,性味咸微寒；归肝肾经；功效：重镇安神、潜阳补阴、软坚散结、收敛固涩。
external\cls_chinese_medicine/train/muli/muli_1512.jpg,牡蛎,性味咸微寒；归肝肾经；功效：重镇安神、潜阳补阴、软坚散结、收敛固涩。
external\cls_chinese_medicine/train/muli/muli_0103.jpg,牡蛎,性味咸微寒；归肝肾经；功效：重镇安神、潜阳补阴、软坚散结、收敛固涩。
external\cls_chinese_medicine/train/muli/muli_1583.jpg,牡蛎,性味咸微寒；归肝肾经；功效：重镇安神、潜阳补阴、软坚散结、收敛固涩。
external\cls_chinese_medicine/train/muli/muli_0953.jpg,牡蛎,性味咸微寒；归肝肾经；功效：重镇安神、潜阳补阴、软坚散结、收敛固涩。
external\cls_chinese_medicine/train/muli/muli_0110.jpg,牡蛎,性味咸微寒；归肝肾经；功效：重镇安神、潜阳补阴、软坚散结、收敛固涩。
external\cls_chinese_medicine/train/muli/muli_0390.jpg,牡蛎,性味咸微寒；归肝肾经；功效：重镇安神、潜阳补阴、软坚散结、收敛固涩。
external\cls_chinese_medicine/train/muli/muli_1129.jpg,牡蛎,性味咸微寒；归肝肾经；功效：重镇安神、潜阳补阴、软坚散结、收敛固涩。
external\cls_chinese_medicine/train/muli/muli_1186.jpg,牡蛎,性味咸微寒；归肝肾经；功效：重镇安神、潜阳补阴、软坚散结、收敛固涩。
external\cls_chinese_medicine/train/muli/muli_0646.jpg,牡蛎,性味咸微寒；归肝肾经；功效：重镇安神、潜阳补阴、软坚散结、收敛固涩。
external\cls_chinese_medicine/train/muli/muli_0358.jpg,牡蛎,性味咸微寒；归肝肾经；功效：重镇安神、潜阳补阴、软坚散结、收敛固涩。
external\cls_chinese_medicine/train/muli/muli_1546.jpg,牡蛎,性味咸微寒；归肝肾经；功效：重镇安神、潜阳补阴、软坚散结、收敛固涩。
external\cls_chinese_medicine/train/muli/muli_0517.jpg,牡蛎,性味咸微寒；归肝肾经；功效：重镇安神、潜阳补阴、软坚散结、收敛固涩。
external\cls_chinese_medicine/train/muli/muli_0782.jpg,牡蛎,性味咸微寒；归肝肾经；功效：重镇安神、潜阳补阴、软坚散结、收敛固涩。
external\cls_chinese_medicine/train/muli/muli_1260.jpg,牡蛎,性味咸微寒；归肝肾经；功效：重镇安神、潜阳补阴、软坚散结、收敛固涩。
external\cls_chinese_medicine/train/muli/muli_0131.jpg,牡蛎,性味咸微寒；归肝肾经；功效：重镇安神、潜阳补阴、软坚散结、收敛固涩。
external\cls_chinese_medicine/train/muli/muli_0822.jpg,牡蛎,性味咸微寒；归肝肾经；功效：重镇安神、潜阳补阴、软坚散结、收敛固涩。
external\cls_chinese_medicine/train/muli/muli_0310.jpg,牡蛎,性味咸微寒；归肝肾经；功效：重镇安神、潜阳补阴、软坚散结、收敛固涩。
external\cls_chinese_medicine/train/muli/muli_1137.jpg,牡蛎,性味咸微寒；归肝肾经；功效：重镇安神、潜阳补阴、软坚散结、收敛固涩。
external\cls_chinese_medicine/train/muli/muli_0761.jpg,牡蛎,性味咸微寒；归肝肾经；功效：重镇安神、潜阳补阴、软坚散结、收敛固涩。
external\cls_chinese_medicine/train/muli/muli_1214.jpg,牡蛎,性味咸微寒；归肝肾经；功效：重镇安神、潜阳补阴、软坚散结、收敛固涩。
external\cls_chinese_medicine/train/muli/muli_0867.jpg,牡蛎,性味咸微寒；归肝肾经；功效：重镇安神、潜阳补阴、软坚散结、收敛固涩。
external\cls_chinese_medicine/train/muli/muli_1046.jpg,牡蛎,性味咸微寒；归肝肾经；功效：重镇安神、潜阳补阴、软坚散结、收敛固涩。
external\cls_chinese_medicine/train/muli/muli_0603.jpg,牡蛎,性味咸微寒；归肝肾经；功效：重镇安神、潜阳补阴、软坚散结、收敛固涩。
external\cls_chinese_medicine/train/muli/muli_0246.jpg,牡蛎,性味咸微寒；归肝肾经；功效：重镇安神、潜阳补阴、软坚散结、收敛固涩。
external\cls_chinese_medicine/train/muli/muli_1359.jpg,牡蛎,性味咸微寒；归肝肾经；功效：重镇安神、潜阳补阴、软坚散结、收敛固涩。
external\cls_chinese_medicine/train/muli/muli_0276.jpg,牡蛎,性味咸微寒；归肝肾经；功效：重镇安神、潜阳补阴、软坚散结、收敛固涩。
external\cls_chinese_medicine/train/muli/muli_0324.jpg,牡蛎,性味咸微寒；归肝肾经；功效：重镇安神、潜阳补阴、软坚散结、收敛固涩。
external\cls_chinese_medicine/train/muli/muli_0304.jpg,牡蛎,性味咸微寒；归肝肾经；功效：重镇安神、潜阳补阴、软坚散结、收敛固涩。
external\cls_chinese_medicine/train/muli/muli_0404.jpg,牡蛎,性味咸微寒；归肝肾经；功效：重镇安神、潜阳补阴、软坚散结、收敛固涩。
external\cls_chinese_medicine/train/muli/muli_0490.jpg,牡蛎,性味咸微寒；归肝肾经；功效：重镇安神、潜阳补阴、软坚散结、收敛固涩。
external\cls_chinese_medicine/train/muli/muli_1220.jpg,牡蛎,性味咸微寒；归肝肾经；功效：重镇安神、潜阳补阴、软坚散结、收敛固涩。
external\cls_chinese_medicine/train/muli/muli_0369.jpg,牡蛎,性味咸微寒；归肝肾经；功效：重镇安神、潜阳补阴、软坚散结、收敛固涩。
external\cls_chinese_medicine/train/muli/muli_1147.jpg,牡蛎,性味咸微寒；归肝肾经；功效：重镇安神、潜阳补阴、软坚散结、收敛固涩。
external\cls_chinese_medicine/train/muli/muli_0034.jpg,牡蛎,性味咸微寒；归肝肾经；功效：重镇安神、潜阳补阴、软坚散结、收敛固涩。
external\cls_chinese_medicine/train/muli/muli_0740.jpg,牡蛎,性味咸微寒；归肝肾经；功效：重镇安神、潜阳补阴、软坚散结、收敛固涩。
external\cls_chinese_medicine/train/muli/muli_1465.jpg,牡蛎,性味咸微寒；归肝肾经；功效：重镇安神、潜阳补阴、软坚散结、收敛固涩。
external\cls_chinese_medicine/train/muli/muli_0606.jpg,牡蛎,性味咸微寒；归肝肾经；功效：重镇安神、潜阳补阴、软坚散结、收敛固涩。
external\cls_chinese_medicine/train/muli/muli_0746.jpg,牡蛎,性味咸微寒；归肝肾经；功效：重镇安神、潜阳补阴、软坚散结、收敛固涩。
external\cls_chinese_medicine/train/muli/muli_0952.jpg,牡蛎,性味咸微寒；归肝肾经；功效：重镇安神、潜阳补阴、软坚散结、收敛固涩。
external\cls_chinese_medicine/train/muli/muli_1421.jpg,牡蛎,性味咸微寒；归肝肾经；功效：重镇安神、潜阳补阴、软坚散结、收敛固涩。
external\cls_chinese_medicine/train/muli/muli_0383.jpg,牡蛎,性味咸微寒；归肝肾经；功效：重镇安神、潜阳补阴、软坚散结、收敛固涩。
external\cls_chinese_medicine/train/muli/muli_0280.jpg,牡蛎,性味咸微寒；归肝肾经；功效：重镇安神、潜阳补阴、软坚散结、收敛固涩。
external\cls_chinese_medicine/train/muli/muli_0450.jpg,牡蛎,性味咸微寒；归肝肾经；功效：重镇安神、潜阳补阴、软坚散结、收敛固涩。
external\cls_chinese_medicine/train/muli/muli_0984.jpg,牡蛎,性味咸微寒；归肝肾经；功效：重镇安神、潜阳补阴、软坚散结、收敛固涩。
external\cls_chinese_medicine/train/muli/muli_0237.jpg,牡蛎,性味咸微寒；归肝肾经；功效：重镇安神、潜阳补阴、软坚散结、收敛固涩。
external\cls_chinese_medicine/train/muli/muli_1389.jpg,牡蛎,性味咸微寒；归肝肾经；功效：重镇安神、潜阳补阴、软坚散结、收敛固涩。
external\cls_chinese_medicine/train/muli/muli_0932.jpg,牡蛎,性味咸微寒；归肝肾经；功效：重镇安神、潜阳补阴、软坚散结、收敛固涩。
external\cls_chinese_medicine/train/muli/muli_0167.jpg,牡蛎,性味咸微寒；归肝肾经；功效：重镇安神、潜阳补阴、软坚散结、收敛固涩。
external\cls_chinese_medicine/train/muli/muli_1597.jpg,牡蛎,性味咸微寒；归肝肾经；功效：重镇安神、潜阳补阴、软坚散结、收敛固涩。
external\cls_chinese_medicine/train/muli/muli_1069.jpg,牡蛎,性味咸微寒；归肝肾经；功效：重镇安神、潜阳补阴、软坚散结、收敛固涩。
external\cls_chinese_medicine/train/muli/muli_1077.jpg,牡蛎,性味咸微寒；归肝肾经；功效：重镇安神、潜阳补阴、软坚散结、收敛固涩。
external\cls_chinese_medicine/train/muli/muli_1608.jpg,牡蛎,性味咸微寒；归肝肾经；功效：重镇安神、潜阳补阴、软坚散结、收敛固涩。
external\cls_chinese_medicine/train/muli/muli_0197.jpg,牡蛎,性味咸微寒；归肝肾经；功效：重镇安神、潜阳补阴、软坚散结、收敛固涩。
external\cls_chinese_medicine/train/muli/muli_0541.jpg,牡蛎,性味咸微寒；归肝肾经；功效：重镇安神、潜阳补阴、软坚散结、收敛固涩。
external\cls_chinese_medicine/train/muli/muli_0065.jpg,牡蛎,性味咸微寒；归肝肾经；功效：重镇安神、潜阳补阴、软坚散结、收敛固涩。
external\cls_chinese_medicine/train/muli/muli_1197.jpg,牡蛎,性味咸微寒；归肝肾经；功效：重镇安神、潜阳补阴、软坚散结、收敛固涩。
external\cls_chinese_medicine/train/muli/muli_0957.jpg,牡蛎,性味咸微寒；归肝肾经；功效：重镇安神、潜阳补阴、软坚散结、收敛固涩。
external\cls_chinese_medicine/train/muli/muli_1578.jpg,牡蛎,性味咸微寒；归肝肾经；功效：重镇安神、潜阳补阴、软坚散结、收敛固涩。
external\cls_chinese_medicine/train/muli/muli_1269.jpg,牡蛎,性味咸微寒；归肝肾经；功效：重镇安神、潜阳补阴、软坚散结、收敛固涩。
external\cls_chinese_medicine/train/muli/muli_1607.jpg,牡蛎,性味咸微寒；归肝肾经；功效：重镇安神、潜阳补阴、软坚散结、收敛固涩。
external\cls_chinese_medicine/train/muli/muli_1180.jpg,牡蛎,性味咸微寒；归肝肾经；功效：重镇安神、潜阳补阴、软坚散结、收敛固涩。
external\cls_chinese_medicine/train/muli/muli_0375.jpg,牡蛎,性味咸微寒；归肝肾经；功效：重镇安神、潜阳补阴、软坚散结、收敛固涩。
external\cls_chinese_medicine/train/muli/muli_1503.jpg,牡蛎,性味咸微寒；归肝肾经；功效：重镇安神、潜阳补阴、软坚散结、收敛固涩。
external\cls_chinese_medicine/train/muli/muli_0223.jpg,牡蛎,性味咸微寒；归肝肾经；功效：重镇安神、潜阳补阴、软坚散结、收敛固涩。
external\cls_chinese_medicine/train/muli/muli_1507.jpg,牡蛎,性味咸微寒；归肝肾经；功效：重镇安神、潜阳补阴、软坚散结、收敛固涩。
external\cls_chinese_medicine/train/muli/muli_1313.jpg,牡蛎,性味咸微寒；归肝肾经；功效：重镇安神、潜阳补阴、软坚散结、收敛固涩。
external\cls_chinese_medicine/train/muli/muli_0881.jpg,牡蛎,性味咸微寒；归肝肾经；功效：重镇安神、潜阳补阴、软坚散结、收敛固涩。
external\cls_chinese_medicine/train/muli/muli_0998.jpg,牡蛎,性味咸微寒；归肝肾经；功效：重镇安神、潜阳补阴、软坚散结、收敛固涩。
external\cls_chinese_medicine/train/muli/muli_1088.jpg,牡蛎,性味咸微寒；归肝肾经；功效：重镇安神、潜阳补阴、软坚散结、收敛固涩。
external\cls_chinese_medicine/train/muli/muli_1339.jpg,牡蛎,性味咸微寒；归肝肾经；功效：重镇安神、潜阳补阴、软坚散结、收敛固涩。
external\cls_chinese_medicine/train/muli/muli_1457.jpg,牡蛎,性味咸微寒；归肝肾经；功效：重镇安神、潜阳补阴、软坚散结、收敛固涩。
external\cls_chinese_medicine/train/muli/muli_0682.jpg,牡蛎,性味咸微寒；归肝肾经；功效：重镇安神、潜阳补阴、软坚散结、收敛固涩。
external\cls_chinese_medicine/train/muli/muli_0693.jpg,牡蛎,性味咸微寒；归肝肾经；功效：重镇安神、潜阳补阴、软坚散结、收敛固涩。
external\cls_chinese_medicine/train/muli/muli_1166.jpg,牡蛎,性味咸微寒；归肝肾经；功效：重镇安神、潜阳补阴、软坚散结、收敛固涩。
external\cls_chinese_medicine/train/muli/muli_1128.jpg,牡蛎,性味咸微寒；归肝肾经；功效：重镇安神、潜阳补阴、软坚散结、收敛固涩。
external\cls_chinese_medicine/train/muli/muli_0352.jpg,牡蛎,性味咸微寒；归肝肾经；功效：重镇安神、潜阳补阴、软坚散结、收敛固涩。
external\cls_chinese_medicine/train/muli/muli_1257.jpg,牡蛎,性味咸微寒；归肝肾经；功效：重镇安神、潜阳补阴、软坚散结、收敛固涩。
external\cls_chinese_medicine/train/muli/muli_1556.jpg,牡蛎,性味咸微寒；归肝肾经；功效：重镇安神、潜阳补阴、软坚散结、收敛固涩。
external\cls_chinese_medicine/train/muli/muli_0728.jpg,牡蛎,性味咸微寒；归肝肾经；功效：重镇安神、潜阳补阴、软坚散结、收敛固涩。
external\cls_chinese_medicine/train/muli/muli_1299.jpg,牡蛎,性味咸微寒；归肝肾经；功效：重镇安神、潜阳补阴、软坚散结、收敛固涩。
external\cls_chinese_medicine/train/muli/muli_1141.jpg,牡蛎,性味咸微寒；归肝肾经；功效：重镇安神、潜阳补阴、软坚散结、收敛固涩。
external\cls_chinese_medicine/train/muli/muli_1327.jpg,牡蛎,性味咸微寒；归肝肾经；功效：重镇安神、潜阳补阴、软坚散结、收敛固涩。
external\cls_chinese_medicine/train/muli/muli_0436.jpg,牡蛎,性味咸微寒；归肝肾经；功效：重镇安神、潜阳补阴、软坚散结、收敛固涩。
external\cls_chinese_medicine/train/muli/muli_1203.jpg,牡蛎,性味咸微寒；归肝肾经；功效：重镇安神、潜阳补阴、软坚散结、收敛固涩。
external\cls_chinese_medicine/train/muli/muli_1071.jpg,牡蛎,性味咸微寒；归肝肾经；功效：重镇安神、潜阳补阴、软坚散结、收敛固涩。
external\cls_chinese_medicine/train/muli/muli_0283.jpg,牡蛎,性味咸微寒；归肝肾经；功效：重镇安神、潜阳补阴、软坚散结、收敛固涩。
external\cls_chinese_medicine/train/muli/muli_1302.jpg,牡蛎,性味咸微寒；归肝肾经；功效：重镇安神、潜阳补阴、软坚散结、收敛固涩。
external\cls_chinese_medicine/train/roucongrongpian/roucongrongpian_1150.jpg,肉苁蓉(roucongrongpian),性味甘咸温；归肾大肠经；功效：补肾阳、益精血、润肠通便。
external\cls_chinese_medicine/train/roucongrongpian/roucongrongpian_0830.jpg,肉苁蓉(roucongrongpian),性味甘咸温；归肾大肠经；功效：补肾阳、益精血、润肠通便。
external\cls_chinese_medicine/train/roucongrongpian/roucongrongpian_1378.jpg,肉苁蓉(roucongrongpian),性味甘咸温；归肾大肠经；功效：补肾阳、益精血、润肠通便。
external\cls_chinese_medicine/train/roucongrongpian/roucongrongpian_0548.jpg,肉苁蓉(roucongrongpian),性味甘咸温；归肾大肠经；功效：补肾阳、益精血、润肠通便。
external\cls_chinese_medicine/train/roucongrongpian/roucongrongpian_0528.jpg,肉苁蓉(roucongrongpian),性味甘咸温；归肾大肠经；功效：补肾阳、益精血、润肠通便。
external\cls_chinese_medicine/train/roucongrongpian/roucongrongpian_1569.jpg,肉苁蓉(roucongrongpian),性味甘咸温；归肾大肠经；功效：补肾阳、益精血、润肠通便。
external\cls_chinese_medicine/train/roucongrongpian/roucongrongpian_0536.jpg,肉苁蓉(roucongrongpian),性味甘咸温；归肾大肠经；功效：补肾阳、益精血、润肠通便。
external\cls_chinese_medicine/train/roucongrongpian/roucongrongpian_0284.jpg,肉苁蓉(roucongrongpian),性味甘咸温；归肾大肠经；功效：补肾阳、益精血、润肠通便。
external\cls_chinese_medicine/train/roucongrongpian/roucongrongpian_0508.jpg,肉苁蓉(roucongrongpian),性味甘咸温；归肾大肠经；功效：补肾阳、益精血、润肠通便。
external\cls_chinese_medicine/train/roucongrongpian/roucongrongpian_0067.jpg,肉苁蓉(roucongrongpian),性味甘咸温；归肾大肠经；功效：补肾阳、益精血、润肠通便。
external\cls_chinese_medicine/train/roucongrongpian/roucongrongpian_0685.jpg,肉苁蓉(roucongrongpian),性味甘咸温；归肾大肠经；功效：补肾阳、益精血、润肠通便。
external\cls_chinese_medicine/train/roucongrongpian/roucongrongpian_1581.jpg,肉苁蓉(roucongrongpian),性味甘咸温；归肾大肠经；功效：补肾阳、益精血、润肠通便。
external\cls_chinese_medicine/train/roucongrongpian/roucongrongpian_1523.jpg,肉苁蓉(roucongrongpian),性味甘咸温；归肾大肠经；功效：补肾阳、益精血、润肠通便。
external\cls_chinese_medicine/train/roucongrongpian/roucongrongpian_0796.jpg,肉苁蓉(roucongrongpian),性味甘咸温；归肾大肠经；功效：补肾阳、益精血、润肠通便。
external\cls_chinese_medicine/train/roucongrongpian/roucongrongpian_1038.jpg,肉苁蓉(roucongrongpian),性味甘咸温；归肾大肠经；功效：补肾阳、益精血、润肠通便。
external\cls_chinese_medicine/train/roucongrongpian/roucongrongpian_1478.jpg,肉苁蓉(roucongrongpian),性味甘咸温；归肾大肠经；功效：补肾阳、益精血、润肠通便。
external\cls_chinese_medicine/train/roucongrongpian/roucongrongpian_0362.jpg,肉苁蓉(roucongrongpian),性味甘咸温；归肾大肠经；功效：补肾阳、益精血、润肠通便。
external\cls_chinese_medicine/train/roucongrongpian/roucongrongpian_0870.jpg,肉苁蓉(roucongrongpian),性味甘咸温；归肾大肠经；功效：补肾阳、益精血、润肠通便。
external\cls_chinese_medicine/train/roucongrongpian/roucongrongpian_0030.jpg,肉苁蓉(roucongrongpian),性味甘咸温；归肾大肠经；功效：补肾阳、益精血、润肠通便。
external\cls_chinese_medicine/train/roucongrongpian/roucongrongpian_0031.jpg,肉苁蓉(roucongrongpian),性味甘咸温；归肾大肠经；功效：补肾阳、益精血、润肠通便。
external\cls_chinese_medicine/train/roucongrongpian/roucongrongpian_1590.jpg,肉苁蓉(roucongrongpian),性味甘咸温；归肾大肠经；功效：补肾阳、益精血、润肠通便。
external\cls_chinese_medicine/train/roucongrongpian/roucongrongpian_1612.jpg,肉苁蓉(roucongrongpian),性味甘咸温；归肾大肠经；功效：补肾阳、益精血、润肠通便。
external\cls_chinese_medicine/train/roucongrongpian/roucongrongpian_0541.jpg,肉苁蓉(roucongrongpian),性味甘咸温；归肾大肠经；功效：补肾阳、益精血、润肠通便。
external\cls_chinese_medicine/train/roucongrongpian/roucongrongpian_1568.jpg,肉苁蓉(roucongrongpian),性味甘咸温；归肾大肠经；功效：补肾阳、益精血、润肠通便。
external\cls_chinese_medicine/train/roucongrongpian/roucongrongpian_1092.jpg,肉苁蓉(roucongrongpian),性味甘咸温；归肾大肠经；功效：补肾阳、益精血、润肠通便。
external\cls_chinese_medicine/train/roucongrongpian/roucongrongpian_0822.jpg,肉苁蓉(roucongrongpian),性味甘咸温；归肾大肠经；功效：补肾阳、益精血、润肠通便。
external\cls_chinese_medicine/train/roucongrongpian/roucongrongpian_1113.jpg,肉苁蓉(roucongrongpian),性味甘咸温；归肾大肠经；功效：补肾阳、益精血、润肠通便。
external\cls_chinese_medicine/train/roucongrongpian/roucongrongpian_0334.jpg,肉苁蓉(roucongrongpian),性味甘咸温；归肾大肠经；功效：补肾阳、益精血、润肠通便。
external\cls_chinese_medicine/train/roucongrongpian/roucongrongpian_0723.jpg,肉苁蓉(roucongrongpian),性味甘咸温；归肾大肠经；功效：补肾阳、益精血、润肠通便。
external\cls_chinese_medicine/train/roucongrongpian/roucongrongpian_1116.jpg,肉苁蓉(roucongrongpian),性味甘咸温；归肾大肠经；功效：补肾阳、益精血、润肠通便。
external\cls_chinese_medicine/train/roucongrongpian/roucongrongpian_0061.jpg,肉苁蓉(roucongrongpian),性味甘咸温；归肾大肠经；功效：补肾阳、益精血、润肠通便。
external\cls_chinese_medicine/train/roucongrongpian/roucongrongpian_1298.jpg,肉苁蓉(roucongrongpian),性味甘咸温；归肾大肠经；功效：补肾阳、益精血、润肠通便。
external\cls_chinese_medicine/train/roucongrongpian/roucongrongpian_0718.jpg,肉苁蓉(roucongrongpian),性味甘咸温；归肾大肠经；功效：补肾阳、益精血、润肠通便。
external\cls_chinese_medicine/train/roucongrongpian/roucongrongpian_0836.jpg,肉苁蓉(roucongrongpian),性味甘咸温；归肾大肠经；功效：补肾阳、益精血、润肠通便。
external\cls_chinese_medicine/train/roucongrongpian/roucongrongpian_0909.jpg,肉苁蓉(roucongrongpian),性味甘咸温；归肾大肠经；功效：补肾阳、益精血、润肠通便。
external\cls_chinese_medicine/train/roucongrongpian/roucongrongpian_0721.jpg,肉苁蓉(roucongrongpian),性味甘咸温；归肾大肠经；功效：补肾阳、益精血、润肠通便。
external\cls_chinese_medicine/train/roucongrongpian/roucongrongpian_1212.jpg,肉苁蓉(roucongrongpian),性味甘咸温；归肾大肠经；功效：补肾阳、益精血、润肠通便。
external\cls_chinese_medicine/train/roucongrongpian/roucongrongpian_0694.jpg,肉苁蓉(roucongrongpian),性味甘咸温；归肾大肠经；功效：补肾阳、益精血、润肠通便。
external\cls_chinese_medicine/train/roucongrongpian/roucongrongpian_0514.jpg,肉苁蓉(roucongrongpian),性味甘咸温；归肾大肠经；功效：补肾阳、益精血、润肠通便。
external\cls_chinese_medicine/train/roucongrongpian/roucongrongpian_0024.jpg,肉苁蓉(roucongrongpian),性味甘咸温；归肾大肠经；功效：补肾阳、益精血、润肠通便。
external\cls_chinese_medicine/train/roucongrongpian/roucongrongpian_0385.jpg,肉苁蓉(roucongrongpian),性味甘咸温；归肾大肠经；功效：补肾阳、益精血、润肠通便。
external\cls_chinese_medicine/train/roucongrongpian/roucongrongpian_0033.jpg,肉苁蓉(roucongrongpian),性味甘咸温；归肾大肠经；功效：补肾阳、益精血、润肠通便。
external\cls_chinese_medicine/train/roucongrongpian/roucongrongpian_1029.jpg,肉苁蓉(roucongrongpian),性味甘咸温；归肾大肠经；功效：补肾阳、益精血、润肠通便。
external\cls_chinese_medicine/train/roucongrongpian/roucongrongpian_1338.jpg,肉苁蓉(roucongrongpian),性味甘咸温；归肾大肠经；功效：补肾阳、益精血、润肠通便。
external\cls_chinese_medicine/train/roucongrongpian/roucongrongpian_0615.jpg,肉苁蓉(roucongrongpian),性味甘咸温；归肾大肠经；功效：补肾阳、益精血、润肠通便。
external\cls_chinese_medicine/train/roucongrongpian/roucongrongpian_1052.jpg,肉苁蓉(roucongrongpian),性味甘咸温；归肾大肠经；功效：补肾阳、益精血、润肠通便。
external\cls_chinese_medicine/train/roucongrongpian/roucongrongpian_1492.jpg,肉苁蓉(roucongrongpian),性味甘咸温；归肾大肠经；功效：补肾阳、益精血、润肠通便。
external\cls_chinese_medicine/train/roucongrongpian/roucongrongpian_0354.jpg,肉苁蓉(roucongrongpian),性味甘咸温；归肾大肠经；功效：补肾阳、益精血、润肠通便。
external\cls_chinese_medicine/train/roucongrongpian/roucongrongpian_0818.jpg,肉苁蓉(roucongrongpian),性味甘咸温；归肾大肠经；功效：补肾阳、益精血、润肠通便。
external\cls_chinese_medicine/train/roucongrongpian/roucongrongpian_1216.jpg,肉苁蓉(roucongrongpian),性味甘咸温；归肾大肠经；功效：补肾阳、益精血、润肠通便。
external\cls_chinese_medicine/train/roucongrongpian/roucongrongpian_0182.jpg,肉苁蓉(roucongrongpian),性味甘咸温；归肾大肠经；功效：补肾阳、益精血、润肠通便。
external\cls_chinese_medicine/train/roucongrongpian/roucongrongpian_1022.jpg,肉苁蓉(roucongrongpian),性味甘咸温；归肾大肠经；功效：补肾阳、益精血、润肠通便。
external\cls_chinese_medicine/train/roucongrongpian/roucongrongpian_0391.jpg,肉苁蓉(roucongrongpian),性味甘咸温；归肾大肠经；功效：补肾阳、益精血、润肠通便。
external\cls_chinese_medicine/train/roucongrongpian/roucongrongpian_0641.jpg,肉苁蓉(roucongrongpian),性味甘咸温；归肾大肠经；功效：补肾阳、益精血、润肠通便。
external\cls_chinese_medicine/train/roucongrongpian/roucongrongpian_1013.jpg,肉苁蓉(roucongrongpian),性味甘咸温；归肾大肠经；功效：补肾阳、益精血、润肠通便。
external\cls_chinese_medicine/train/roucongrongpian/roucongrongpian_1344.jpg,肉苁蓉(roucongrongpian),性味甘咸温；归肾大肠经；功效：补肾阳、益精血、润肠通便。
external\cls_chinese_medicine/train/roucongrongpian/roucongrongpian_0840.jpg,肉苁蓉(roucongrongpian),性味甘咸温；归肾大肠经；功效：补肾阳、益精血、润肠通便。
external\cls_chinese_medicine/train/roucongrongpian/roucongrongpian_0148.jpg,肉苁蓉(roucongrongpian),性味甘咸温；归肾大肠经；功效：补肾阳、益精血、润肠通便。
external\cls_chinese_medicine/train/roucongrongpian/roucongrongpian_1306.jpg,肉苁蓉(roucongrongpian),性味甘咸温；归肾大肠经；功效：补肾阳、益精血、润肠通便。
external\cls_chinese_medicine/train/roucongrongpian/roucongrongpian_0248.jpg,肉苁蓉(roucongrongpian),性味甘咸温；归肾大肠经；功效：补肾阳、益精血、润肠通便。
external\cls_chinese_medicine/train/roucongrongpian/roucongrongpian_0908.jpg,肉苁蓉(roucongrongpian),性味甘咸温；归肾大肠经；功效：补肾阳、益精血、润肠通便。
external\cls_chinese_medicine/train/roucongrongpian/roucongrongpian_0170.jpg,肉苁蓉(roucongrongpian),性味甘咸温；归肾大肠经；功效：补肾阳、益精血、润肠通便。
external\cls_chinese_medicine/train/roucongrongpian/roucongrongpian_1012.jpg,肉苁蓉(roucongrongpian),性味甘咸温；归肾大肠经；功效：补肾阳、益精血、润肠通便。
external\cls_chinese_medicine/train/roucongrongpian/roucongrongpian_0955.jpg,肉苁蓉(roucongrongpian),性味甘咸温；归肾大肠经；功效：补肾阳、益精血、润肠通便。
external\cls_chinese_medicine/train/roucongrongpian/roucongrongpian_1614.jpg,肉苁蓉(roucongrongpian),性味甘咸温；归肾大肠经；功效：补肾阳、益精血、润肠通便。
external\cls_chinese_medicine/train/roucongrongpian/roucongrongpian_1609.jpg,肉苁蓉(roucongrongpian),性味甘咸温；归肾大肠经；功效：补肾阳、益精血、润肠通便。
external\cls_chinese_medicine/train/roucongrongpian/roucongrongpian_1213.jpg,肉苁蓉(roucongrongpian),性味甘咸温；归肾大肠经；功效：补肾阳、益精血、润肠通便。
external\cls_chinese_medicine/train/roucongrongpian/roucongrongpian_0229.jpg,肉苁蓉(roucongrongpian),性味甘咸温；归肾大肠经；功效：补肾阳、益精血、润肠通便。
external\cls_chinese_medicine/train/roucongrongpian/roucongrongpian_0936.jpg,肉苁蓉(roucongrongpian),性味甘咸温；归肾大肠经；功效：补肾阳、益精血、润肠通便。
external\cls_chinese_medicine/train/roucongrongpian/roucongrongpian_0452.jpg,肉苁蓉(roucongrongpian),性味甘咸温；归肾大肠经；功效：补肾阳、益精血、润肠通便。
external\cls_chinese_medicine/train/roucongrongpian/roucongrongpian_0394.jpg,肉苁蓉(roucongrongpian),性味甘咸温；归肾大肠经；功效：补肾阳、益精血、润肠通便。
external\cls_chinese_medicine/train/roucongrongpian/roucongrongpian_0308.jpg,肉苁蓉(roucongrongpian),性味甘咸温；归肾大肠经；功效：补肾阳、益精血、润肠通便。
external\cls_chinese_medicine/train/roucongrongpian/roucongrongpian_0256.jpg,肉苁蓉(roucongrongpian),性味甘咸温；归肾大肠经；功效：补肾阳、益精血、润肠通便。
external\cls_chinese_medicine/train/roucongrongpian/roucongrongpian_0727.jpg,肉苁蓉(roucongrongpian),性味甘咸温；归肾大肠经；功效：补肾阳、益精血、润肠通便。
external\cls_chinese_medicine/train/roucongrongpian/roucongrongpian_1223.jpg,肉苁蓉(roucongrongpian),性味甘咸温；归肾大肠经；功效：补肾阳、益精血、润肠通便。
external\cls_chinese_medicine/train/roucongrongpian/roucongrongpian_1416.jpg,肉苁蓉(roucongrongpian),性味甘咸温；归肾大肠经；功效：补肾阳、益精血、润肠通便。
external\cls_chinese_medicine/train/roucongrongpian/roucongrongpian_0271.jpg,肉苁蓉(roucongrongpian),性味甘咸温；归肾大肠经；功效：补肾阳、益精血、润肠通便。
external\cls_chinese_medicine/train/roucongrongpian/roucongrongpian_0527.jpg,肉苁蓉(roucongrongpian),性味甘咸温；归肾大肠经；功效：补肾阳、益精血、润肠通便。
external\cls_chinese_medicine/train/roucongrongpian/roucongrongpian_0342.jpg,肉苁蓉(roucongrongpian),性味甘咸温；归肾大肠经；功效：补肾阳、益精血、润肠通便。
external\cls_chinese_medicine/train/roucongrongpian/roucongrongpian_1388.jpg,肉苁蓉(roucongrongpian),性味甘咸温；归肾大肠经；功效：补肾阳、益精血、润肠通便。
external\cls_chinese_medicine/train/roucongrongpian/roucongrongpian_0482.jpg,肉苁蓉(roucongrongpian),性味甘咸温；归肾大肠经；功效：补肾阳、益精血、润肠通便。
external\cls_chinese_medicine/train/roucongrongpian/roucongrongpian_1318.jpg,肉苁蓉(roucongrongpian),性味甘咸温；归肾大肠经；功效：补肾阳、益精血、润肠通便。
external\cls_chinese_medicine/train/roucongrongpian/roucongrongpian_0549.jpg,肉苁蓉(roucongrongpian),性味甘咸温；归肾大肠经；功效：补肾阳、益精血、润肠通便。
external\cls_chinese_medicine/train/roucongrongpian/roucongrongpian_1263.jpg,肉苁蓉(roucongrongpian),性味甘咸温；归肾大肠经；功效：补肾阳、益精血、润肠通便。
external\cls_chinese_medicine/train/roucongrongpian/roucongrongpian_0349.jpg,肉苁蓉(roucongrongpian),性味甘咸温；归肾大肠经；功效：补肾阳、益精血、润肠通便。
external\cls_chinese_medicine/train/roucongrongpian/roucongrongpian_0565.jpg,肉苁蓉(roucongrongpian),性味甘咸温；归肾大肠经；功效：补肾阳、益精血、润肠通便。
external\cls_chinese_medicine/train/roucongrongpian/roucongrongpian_0446.jpg,肉苁蓉(roucongrongpian),性味甘咸温；归肾大肠经；功效：补肾阳、益精血、润肠通便。
external\cls_chinese_medicine/train/roucongrongpian/roucongrongpian_0806.jpg,肉苁蓉(roucongrongpian),性味甘咸温；归肾大肠经；功效：补肾阳、益精血、润肠通便。
external\cls_chinese_medicine/train/roucongrongpian/roucongrongpian_1163.jpg,肉苁蓉(roucongrongpian),性味甘咸温；归肾大肠经；功效：补肾阳、益精血、润肠通便。
external\cls_chinese_medicine/train/roucongrongpian/roucongrongpian_0051.jpg,肉苁蓉(roucongrongpian),性味甘咸温；归肾大肠经；功效：补肾阳、益精血、润肠通便。
external\cls_chinese_medicine/train/roucongrongpian/roucongrongpian_0253.jpg,肉苁蓉(roucongrongpian),性味甘咸温；归肾大肠经；功效：补肾阳、益精血、润肠通便。
external\cls_chinese_medicine/train/roucongrongpian/roucongrongpian_0546.jpg,肉苁蓉(roucongrongpian),性味甘咸温；归肾大肠经；功效：补肾阳、益精血、润肠通便。
external\cls_chinese_medicine/train/roucongrongpian/roucongrongpian_0365.jpg,肉苁蓉(roucongrongpian),性味甘咸温；归肾大肠经；功效：补肾阳、益精血、润肠通便。
external\cls_chinese_medicine/train/roucongrongpian/roucongrongpian_1348.jpg,肉苁蓉(roucongrongpian),性味甘咸温；归肾大肠经；功效：补肾阳、益精血、润肠通便。
external\cls_chinese_medicine/train/roucongrongpian/roucongrongpian_1141.jpg,肉苁蓉(roucongrongpian),性味甘咸温；归肾大肠经；功效：补肾阳、益精血、润肠通便。
external\cls_chinese_medicine/train/roucongrongpian/roucongrongpian_0307.jpg,肉苁蓉(roucongrongpian),性味甘咸温；归肾大肠经；功效：补肾阳、益精血、润肠通便。
external\cls_chinese_medicine/train/roucongrongpian/roucongrongpian_0616.jpg,肉苁蓉(roucongrongpian),性味甘咸温；归肾大肠经；功效：补肾阳、益精血、润肠通便。
external\cls_chinese_medicine/train/roucongrongpian/roucongrongpian_0212.jpg,肉苁蓉(roucongrongpian),性味甘咸温；归肾大肠经；功效：补肾阳、益精血、润肠通便。
external\cls_chinese_medicine/train/roucongrongpian/roucongrongpian_0105.jpg,肉苁蓉(roucongrongpian),性味甘咸温；归肾大肠经；功效：补肾阳、益精血、润肠通便。
external\cls_chinese_medicine/train/roucongrongpian/roucongrongpian_0612.jpg,肉苁蓉(roucongrongpian),性味甘咸温；归肾大肠经；功效：补肾阳、益精血、润肠通便。
external\cls_chinese_medicine/train/roucongrongpian/roucongrongpian_0665.jpg,肉苁蓉(roucongrongpian),性味甘咸温；归肾大肠经；功效：补肾阳、益精血、润肠通便。
external\cls_chinese_medicine/train/roucongrongpian/roucongrongpian_0636.jpg,肉苁蓉(roucongrongpian),性味甘咸温；归肾大肠经；功效：补肾阳、益精血、润肠通便。
external\cls_chinese_medicine/train/roucongrongpian/roucongrongpian_0313.jpg,肉苁蓉(roucongrongpian),性味甘咸温；归肾大肠经；功效：补肾阳、益精血、润肠通便。
external\cls_chinese_medicine/train/roucongrongpian/roucongrongpian_1370.jpg,肉苁蓉(roucongrongpian),性味甘咸温；归肾大肠经；功效：补肾阳、益精血、润肠通便。
external\cls_chinese_medicine/train/roucongrongpian/roucongrongpian_1528.jpg,肉苁蓉(roucongrongpian),性味甘咸温；归肾大肠经；功效：补肾阳、益精血、润肠通便。
external\cls_chinese_medicine/train/roucongrongpian/roucongrongpian_0465.jpg,肉苁蓉(roucongrongpian),性味甘咸温；归肾大肠经；功效：补肾阳、益精血、润肠通便。
external\cls_chinese_medicine/train/roucongrongpian/roucongrongpian_1196.jpg,肉苁蓉(roucongrongpian),性味甘咸温；归肾大肠经；功效：补肾阳、益精血、润肠通便。
external\cls_chinese_medicine/train/roucongrongpian/roucongrongpian_0495.jpg,肉苁蓉(roucongrongpian),性味甘咸温；归肾大肠经；功效：补肾阳、益精血、润肠通便。
external\cls_chinese_medicine/train/roucongrongpian/roucongrongpian_0392.jpg,肉苁蓉(roucongrongpian),性味甘咸温；归肾大肠经；功效：补肾阳、益精血、润肠通便。
external\cls_chinese_medicine/train/roucongrongpian/roucongrongpian_0130.jpg,肉苁蓉(roucongrongpian),性味甘咸温；归肾大肠经；功效：补肾阳、益精血、润肠通便。
external\cls_chinese_medicine/train/roucongrongpian/roucongrongpian_0285.jpg,肉苁蓉(roucongrongpian),性味甘咸温；归肾大肠经；功效：补肾阳、益精血、润肠通便。
external\cls_chinese_medicine/train/roucongrongpian/roucongrongpian_0352.jpg,肉苁蓉(roucongrongpian),性味甘咸温；归肾大肠经；功效：补肾阳、益精血、润肠通便。
external\cls_chinese_medicine/train/roucongrongpian/roucongrongpian_0194.jpg,肉苁蓉(roucongrongpian),性味甘咸温；归肾大肠经；功效：补肾阳、益精血、润肠通便。
external\cls_chinese_medicine/train/roucongrongpian/roucongrongpian_0193.jpg,肉苁蓉(roucongrongpian),性味甘咸温；归肾大肠经；功效：补肾阳、益精血、润肠通便。
external\cls_chinese_medicine/train/roucongrongpian/roucongrongpian_0310.jpg,肉苁蓉(roucongrongpian),性味甘咸温；归肾大肠经；功效：补肾阳、益精血、润肠通便。
external\cls_chinese_medicine/train/roucongrongpian/roucongrongpian_0053.jpg,肉苁蓉(roucongrongpian),性味甘咸温；归肾大肠经；功效：补肾阳、益精血、润肠通便。
external\cls_chinese_medicine/train/roucongrongpian/roucongrongpian_0072.jpg,肉苁蓉(roucongrongpian),性味甘咸温；归肾大肠经；功效：补肾阳、益精血、润肠通便。
external\cls_chinese_medicine/train/roucongrongpian/roucongrongpian_0963.jpg,肉苁蓉(roucongrongpian),性味甘咸温；归肾大肠经；功效：补肾阳、益精血、润肠通便。
external\cls_chinese_medicine/train/roucongrongpian/roucongrongpian_0695.jpg,肉苁蓉(roucongrongpian),性味甘咸温；归肾大肠经；功效：补肾阳、益精血、润肠通便。
external\cls_chinese_medicine/train/roucongrongpian/roucongrongpian_0078.jpg,肉苁蓉(roucongrongpian),性味甘咸温；归肾大肠经；功效：补肾阳、益精血、润肠通便。
external\cls_chinese_medicine/train/roucongrongpian/roucongrongpian_0532.jpg,肉苁蓉(roucongrongpian),性味甘咸温；归肾大肠经；功效：补肾阳、益精血、润肠通便。
external\cls_chinese_medicine/train/roucongrongpian/roucongrongpian_0748.jpg,肉苁蓉(roucongrongpian),性味甘咸温；归肾大肠经；功效：补肾阳、益精血、润肠通便。
external\cls_chinese_medicine/train/roucongrongpian/roucongrongpian_1273.jpg,肉苁蓉(roucongrongpian),性味甘咸温；归肾大肠经；功效：补肾阳、益精血、润肠通便。
external\cls_chinese_medicine/train/roucongrongpian/roucongrongpian_0260.jpg,肉苁蓉(roucongrongpian),性味甘咸温；归肾大肠经；功效：补肾阳、益精血、润肠通便。
external\cls_chinese_medicine/train/roucongrongpian/roucongrongpian_0651.jpg,肉苁蓉(roucongrongpian),性味甘咸温；归肾大肠经；功效：补肾阳、益精血、润肠通便。
external\cls_chinese_medicine/train/roucongrongpian/roucongrongpian_0745.jpg,肉苁蓉(roucongrongpian),性味甘咸温；归肾大肠经；功效：补肾阳、益精血、润肠通便。
external\cls_chinese_medicine/train/roucongrongpian/roucongrongpian_0831.jpg,肉苁蓉(roucongrongpian),性味甘咸温；归肾大肠经；功效：补肾阳、益精血、润肠通便。
external\cls_chinese_medicine/train/roucongrongpian/roucongrongpian_0071.jpg,肉苁蓉(roucongrongpian),性味甘咸温；归肾大肠经；功效：补肾阳、益精血、润肠通便。
external\cls_chinese_medicine/train/roucongrongpian/roucongrongpian_0129.jpg,肉苁蓉(roucongrongpian),性味甘咸温；归肾大肠经；功效：补肾阳、益精血、润肠通便。
external\cls_chinese_medicine/train/roucongrongpian/roucongrongpian_1559.jpg,肉苁蓉(roucongrongpian),性味甘咸温；归肾大肠经；功效：补肾阳、益精血、润肠通便。
external\cls_chinese_medicine/train/roucongrongpian/roucongrongpian_0141.jpg,肉苁蓉(roucongrongpian),性味甘咸温；归肾大肠经；功效：补肾阳、益精血、润肠通便。
external\cls_chinese_medicine/train/roucongrongpian/roucongrongpian_1505.jpg,肉苁蓉(roucongrongpian),性味甘咸温；归肾大肠经；功效：补肾阳、益精血、润肠通便。
external\cls_chinese_medicine/train/roucongrongpian/roucongrongpian_0710.jpg,肉苁蓉(roucongrongpian),性味甘咸温；归肾大肠经；功效：补肾阳、益精血、润肠通便。
external\cls_chinese_medicine/train/roucongrongpian/roucongrongpian_1312.jpg,肉苁蓉(roucongrongpian),性味甘咸温；归肾大肠经；功效：补肾阳、益精血、润肠通便。
external\cls_chinese_medicine/train/roucongrongpian/roucongrongpian_1482.jpg,肉苁蓉(roucongrongpian),性味甘咸温；归肾大肠经；功效：补肾阳、益精血、润肠通便。
external\cls_chinese_medicine/train/roucongrongpian/roucongrongpian_1086.jpg,肉苁蓉(roucongrongpian),性味甘咸温；归肾大肠经；功效：补肾阳、益精血、润肠通便。
external\cls_chinese_medicine/train/roucongrongpian/roucongrongpian_0069.jpg,肉苁蓉(roucongrongpian),性味甘咸温；归肾大肠经；功效：补肾阳、益精血、润肠通便。
external\cls_chinese_medicine/train/roucongrongpian/roucongrongpian_1051.jpg,肉苁蓉(roucongrongpian),性味甘咸温；归肾大肠经；功效：补肾阳、益精血、润肠通便。
external\cls_chinese_medicine/train/roucongrongpian/roucongrongpian_1169.jpg,肉苁蓉(roucongrongpian),性味甘咸温；归肾大肠经；功效：补肾阳、益精血、润肠通便。
external\cls_chinese_medicine/train/roucongrongpian/roucongrongpian_0921.jpg,肉苁蓉(roucongrongpian),性味甘咸温；归肾大肠经；功效：补肾阳、益精血、润肠通便。
external\cls_chinese_medicine/train/roucongrongpian/roucongrongpian_0667.jpg,肉苁蓉(roucongrongpian),性味甘咸温；归肾大肠经；功效：补肾阳、益精血、润肠通便。
external\cls_chinese_medicine/train/roucongrongpian/roucongrongpian_0568.jpg,肉苁蓉(roucongrongpian),性味甘咸温；归肾大肠经；功效：补肾阳、益精血、润肠通便。
external\cls_chinese_medicine/train/roucongrongpian/roucongrongpian_0467.jpg,肉苁蓉(roucongrongpian),性味甘咸温；归肾大肠经；功效：补肾阳、益精血、润肠通便。
external\cls_chinese_medicine/train/roucongrongpian/roucongrongpian_1507.jpg,肉苁蓉(roucongrongpian),性味甘咸温；归肾大肠经；功效：补肾阳、益精血、润肠通便。
external\cls_chinese_medicine/train/roucongrongpian/roucongrongpian_0763.jpg,肉苁蓉(roucongrongpian),性味甘咸温；归肾大肠经；功效：补肾阳、益精血、润肠通便。
external\cls_chinese_medicine/train/roucongrongpian/roucongrongpian_1139.jpg,肉苁蓉(roucongrongpian),性味甘咸温；归肾大肠经；功效：补肾阳、益精血、润肠通便。
external\cls_chinese_medicine/train/roucongrongpian/roucongrongpian_0246.jpg,肉苁蓉(roucongrongpian),性味甘咸温；归肾大肠经；功效：补肾阳、益精血、润肠通便。
external\cls_chinese_medicine/train/roucongrongpian/roucongrongpian_1143.jpg,肉苁蓉(roucongrongpian),性味甘咸温；归肾大肠经；功效：补肾阳、益精血、润肠通便。
external\cls_chinese_medicine/train/roucongrongpian/roucongrongpian_0363.jpg,肉苁蓉(roucongrongpian),性味甘咸温；归肾大肠经；功效：补肾阳、益精血、润肠通便。
external\cls_chinese_medicine/train/roucongrongpian/roucongrongpian_1061.jpg,肉苁蓉(roucongrongpian),性味甘咸温；归肾大肠经；功效：补肾阳、益精血、润肠通便。
external\cls_chinese_medicine/train/roucongrongpian/roucongrongpian_1398.jpg,肉苁蓉(roucongrongpian),性味甘咸温；归肾大肠经；功效：补肾阳、益精血、润肠通便。
external\cls_chinese_medicine/train/roucongrongpian/roucongrongpian_0382.jpg,肉苁蓉(roucongrongpian),性味甘咸温；归肾大肠经；功效：补肾阳、益精血、润肠通便。
external\cls_chinese_medicine/train/roucongrongpian/roucongrongpian_0427.jpg,肉苁蓉(roucongrongpian),性味甘咸温；归肾大肠经；功效：补肾阳、益精血、润肠通便。
external\cls_chinese_medicine/train/roucongrongpian/roucongrongpian_0773.jpg,肉苁蓉(roucongrongpian),性味甘咸温；归肾大肠经；功效：补肾阳、益精血、润肠通便。
external\cls_chinese_medicine/train/roucongrongpian/roucongrongpian_0629.jpg,肉苁蓉(roucongrongpian),性味甘咸温；归肾大肠经；功效：补肾阳、益精血、润肠通便。
external\cls_chinese_medicine/train/roucongrongpian/roucongrongpian_0938.jpg,肉苁蓉(roucongrongpian),性味甘咸温；归肾大肠经；功效：补肾阳、益精血、润肠通便。
external\cls_chinese_medicine/train/roucongrongpian/roucongrongpian_0937.jpg,肉苁蓉(roucongrongpian),性味甘咸温；归肾大肠经；功效：补肾阳、益精血、润肠通便。
external\cls_chinese_medicine/train/roucongrongpian/roucongrongpian_0962.jpg,肉苁蓉(roucongrongpian),性味甘咸温；归肾大肠经；功效：补肾阳、益精血、润肠通便。
external\cls_chinese_medicine/train/roucongrongpian/roucongrongpian_0177.jpg,肉苁蓉(roucongrongpian),性味甘咸温；归肾大肠经；功效：补肾阳、益精血、润肠通便。
external\cls_chinese_medicine/train/roucongrongpian/roucongrongpian_0207.jpg,肉苁蓉(roucongrongpian),性味甘咸温；归肾大肠经；功效：补肾阳、益精血、润肠通便。
external\cls_chinese_medicine/train/roucongrongpian/roucongrongpian_1405.jpg,肉苁蓉(roucongrongpian),性味甘咸温；归肾大肠经；功效：补肾阳、益精血、润肠通便。
external\cls_chinese_medicine/train/roucongrongpian/roucongrongpian_0440.jpg,肉苁蓉(roucongrongpian),性味甘咸温；归肾大肠经；功效：补肾阳、益精血、润肠通便。
external\cls_chinese_medicine/train/roucongrongpian/roucongrongpian_0649.jpg,肉苁蓉(roucongrongpian),性味甘咸温；归肾大肠经；功效：补肾阳、益精血、润肠通便。
external\cls_chinese_medicine/train/roucongrongpian/roucongrongpian_1602.jpg,肉苁蓉(roucongrongpian),性味甘咸温；归肾大肠经；功效：补肾阳、益精血、润肠通便。
external\cls_chinese_medicine/train/roucongrongpian/roucongrongpian_0686.jpg,肉苁蓉(roucongrongpian),性味甘咸温；归肾大肠经；功效：补肾阳、益精血、润肠通便。
external\cls_chinese_medicine/train/roucongrongpian/roucongrongpian_0341.jpg,肉苁蓉(roucongrongpian),性味甘咸温；归肾大肠经；功效：补肾阳、益精血、润肠通便。
external\cls_chinese_medicine/train/roucongrongpian/roucongrongpian_0670.jpg,肉苁蓉(roucongrongpian),性味甘咸温；归肾大肠经；功效：补肾阳、益精血、润肠通便。
external\cls_chinese_medicine/train/roucongrongpian/roucongrongpian_0326.jpg,肉苁蓉(roucongrongpian),性味甘咸温；归肾大肠经；功效：补肾阳、益精血、润肠通便。
external\cls_chinese_medicine/train/roucongrongpian/roucongrongpian_0423.jpg,肉苁蓉(roucongrongpian),性味甘咸温；归肾大肠经；功效：补肾阳、益精血、润肠通便。
external\cls_chinese_medicine/train/roucongrongpian/roucongrongpian_0778.jpg,肉苁蓉(roucongrongpian),性味甘咸温；归肾大肠经；功效：补肾阳、益精血、润肠通便。
external\cls_chinese_medicine/train/roucongrongpian/roucongrongpian_1102.jpg,肉苁蓉(roucongrongpian),性味甘咸温；归肾大肠经；功效：补肾阳、益精血、润肠通便。
external\cls_chinese_medicine/train/roucongrongpian/roucongrongpian_0269.jpg,肉苁蓉(roucongrongpian),性味甘咸温；归肾大肠经；功效：补肾阳、益精血、润肠通便。
external\cls_chinese_medicine/train/roucongrongpian/roucongrongpian_1151.jpg,肉苁蓉(roucongrongpian),性味甘咸温；归肾大肠经；功效：补肾阳、益精血、润肠通便。
external\cls_chinese_medicine/train/roucongrongpian/roucongrongpian_0046.jpg,肉苁蓉(roucongrongpian),性味甘咸温；归肾大肠经；功效：补肾阳、益精血、润肠通便。
external\cls_chinese_medicine/train/roucongrongpian/roucongrongpian_0249.jpg,肉苁蓉(roucongrongpian),性味甘咸温；归肾大肠经；功效：补肾阳、益精血、润肠通便。
external\cls_chinese_medicine/train/roucongrongpian/roucongrongpian_0299.jpg,肉苁蓉(roucongrongpian),性味甘咸温；归肾大肠经；功效：补肾阳、益精血、润肠通便。
external\cls_chinese_medicine/train/roucongrongpian/roucongrongpian_0974.jpg,肉苁蓉(roucongrongpian),性味甘咸温；归肾大肠经；功效：补肾阳、益精血、润肠通便。
external\cls_chinese_medicine/train/roucongrongpian/roucongrongpian_0864.jpg,肉苁蓉(roucongrongpian),性味甘咸温；归肾大肠经；功效：补肾阳、益精血、润肠通便。
external\cls_chinese_medicine/train/roucongrongpian/roucongrongpian_0558.jpg,肉苁蓉(roucongrongpian),性味甘咸温；归肾大肠经；功效：补肾阳、益精血、润肠通便。
external\cls_chinese_medicine/train/roucongrongpian/roucongrongpian_1575.jpg,肉苁蓉(roucongrongpian),性味甘咸温；归肾大肠经；功效：补肾阳、益精血、润肠通便。
external\cls_chinese_medicine/train/roucongrongpian/roucongrongpian_0316.jpg,肉苁蓉(roucongrongpian),性味甘咸温；归肾大肠经；功效：补肾阳、益精血、润肠通便。
external\cls_chinese_medicine/train/roucongrongpian/roucongrongpian_1120.jpg,肉苁蓉(roucongrongpian),性味甘咸温；归肾大肠经；功效：补肾阳、益精血、润肠通便。
external\cls_chinese_medicine/train/roucongrongpian/roucongrongpian_0121.jpg,肉苁蓉(roucongrongpian),性味甘咸温；归肾大肠经；功效：补肾阳、益精血、润肠通便。
external\cls_chinese_medicine/train/roucongrongpian/roucongrongpian_0361.jpg,肉苁蓉(roucongrongpian),性味甘咸温；归肾大肠经；功效：补肾阳、益精血、润肠通便。
external\cls_chinese_medicine/train/roucongrongpian/roucongrongpian_1546.jpg,肉苁蓉(roucongrongpian),性味甘咸温；归肾大肠经；功效：补肾阳、益精血、润肠通便。
external\cls_chinese_medicine/train/roucongrongpian/roucongrongpian_0868.jpg,肉苁蓉(roucongrongpian),性味甘咸温；归肾大肠经；功效：补肾阳、益精血、润肠通便。
external\cls_chinese_medicine/train/roucongrongpian/roucongrongpian_0184.jpg,肉苁蓉(roucongrongpian),性味甘咸温；归肾大肠经；功效：补肾阳、益精血、润肠通便。
external\cls_chinese_medicine/train/roucongrongpian/roucongrongpian_0850.jpg,肉苁蓉(roucongrongpian),性味甘咸温；归肾大肠经；功效：补肾阳、益精血、润肠通便。
external\cls_chinese_medicine/train/roucongrongpian/roucongrongpian_0497.jpg,肉苁蓉(roucongrongpian),性味甘咸温；归肾大肠经；功效：补肾阳、益精血、润肠通便。
external\cls_chinese_medicine/train/roucongrongpian/roucongrongpian_0372.jpg,肉苁蓉(roucongrongpian),性味甘咸温；归肾大肠经；功效：补肾阳、益精血、润肠通便。
external\cls_chinese_medicine/train/roucongrongpian/roucongrongpian_1549.jpg,肉苁蓉(roucongrongpian),性味甘咸温；归肾大肠经；功效：补肾阳、益精血、润肠通便。
external\cls_chinese_medicine/train/roucongrongpian/roucongrongpian_0080.jpg,肉苁蓉(roucongrongpian),性味甘咸温；归肾大肠经；功效：补肾阳、益精血、润肠通便。
external\cls_chinese_medicine/train/roucongrongpian/roucongrongpian_0690.jpg,肉苁蓉(roucongrongpian),性味甘咸温；归肾大肠经；功效：补肾阳、益精血、润肠通便。
external\cls_chinese_medicine/train/roucongrongpian/roucongrongpian_1494.jpg,肉苁蓉(roucongrongpian),性味甘咸温；归肾大肠经；功效：补肾阳、益精血、润肠通便。
external\cls_chinese_medicine/train/roucongrongpian/roucongrongpian_1353.jpg,肉苁蓉(roucongrongpian),性味甘咸温；归肾大肠经；功效：补肾阳、益精血、润肠通便。
external\cls_chinese_medicine/train/roucongrongpian/roucongrongpian_1002.jpg,肉苁蓉(roucongrongpian),性味甘咸温；归肾大肠经；功效：补肾阳、益精血、润肠通便。
external\cls_chinese_medicine/train/roucongrongpian/roucongrongpian_1077.jpg,肉苁蓉(roucongrongpian),性味甘咸温；归肾大肠经；功效：补肾阳、益精血、润肠通便。
external\cls_chinese_medicine/train/roucongrongpian/roucongrongpian_1107.jpg,肉苁蓉(roucongrongpian),性味甘咸温；归肾大肠经；功效：补肾阳、益精血、润肠通便。
external\cls_chinese_medicine/train/roucongrongpian/roucongrongpian_0016.jpg,肉苁蓉(roucongrongpian),性味甘咸温；归肾大肠经；功效：补肾阳、益精血、润肠通便。
external\cls_chinese_medicine/train/roucongrongpian/roucongrongpian_0632.jpg,肉苁蓉(roucongrongpian),性味甘咸温；归肾大肠经；功效：补肾阳、益精血、润肠通便。
external\cls_chinese_medicine/train/roucongrongpian/roucongrongpian_0434.jpg,肉苁蓉(roucongrongpian),性味甘咸温；归肾大肠经；功效：补肾阳、益精血、润肠通便。
external\cls_chinese_medicine/train/roucongrongpian/roucongrongpian_0393.jpg,肉苁蓉(roucongrongpian),性味甘咸温；归肾大肠经；功效：补肾阳、益精血、润肠通便。
external\cls_chinese_medicine/train/roucongrongpian/roucongrongpian_1037.jpg,肉苁蓉(roucongrongpian),性味甘咸温；归肾大肠经；功效：补肾阳、益精血、润肠通便。
external\cls_chinese_medicine/train/roucongrongpian/roucongrongpian_0732.jpg,肉苁蓉(roucongrongpian),性味甘咸温；归肾大肠经；功效：补肾阳、益精血、润肠通便。
external\cls_chinese_medicine/train/roucongrongpian/roucongrongpian_1142.jpg,肉苁蓉(roucongrongpian),性味甘咸温；归肾大肠经；功效：补肾阳、益精血、润肠通便。
external\cls_chinese_medicine/train/roucongrongpian/roucongrongpian_1610.jpg,肉苁蓉(roucongrongpian),性味甘咸温；归肾大肠经；功效：补肾阳、益精血、润肠通便。
external\cls_chinese_medicine/train/roucongrongpian/roucongrongpian_0597.jpg,肉苁蓉(roucongrongpian),性味甘咸温；归肾大肠经；功效：补肾阳、益精血、润肠通便。
external\cls_chinese_medicine/train/roucongrongpian/roucongrongpian_1135.jpg,肉苁蓉(roucongrongpian),性味甘咸温；归肾大肠经；功效：补肾阳、益精血、润肠通便。
external\cls_chinese_medicine/train/roucongrongpian/roucongrongpian_0621.jpg,肉苁蓉(roucongrongpian),性味甘咸温；归肾大肠经；功效：补肾阳、益精血、润肠通便。
external\cls_chinese_medicine/train/roucongrongpian/roucongrongpian_0699.jpg,肉苁蓉(roucongrongpian),性味甘咸温；归肾大肠经；功效：补肾阳、益精血、润肠通便。
external\cls_chinese_medicine/train/roucongrongpian/roucongrongpian_0208.jpg,肉苁蓉(roucongrongpian),性味甘咸温；归肾大肠经；功效：补肾阳、益精血、润肠通便。
external\cls_chinese_medicine/train/roucongrongpian/roucongrongpian_1164.jpg,肉苁蓉(roucongrongpian),性味甘咸温；归肾大肠经；功效：补肾阳、益精血、润肠通便。
external\cls_chinese_medicine/train/roucongrongpian/roucongrongpian_1350.jpg,肉苁蓉(roucongrongpian),性味甘咸温；归肾大肠经；功效：补肾阳、益精血、润肠通便。
external\cls_chinese_medicine/train/roucongrongpian/roucongrongpian_1065.jpg,肉苁蓉(roucongrongpian),性味甘咸温；归肾大肠经；功效：补肾阳、益精血、润肠通便。
external\cls_chinese_medicine/train/roucongrongpian/roucongrongpian_0319.jpg,肉苁蓉(roucongrongpian),性味甘咸温；归肾大肠经；功效：补肾阳、益精血、润肠通便。
external\cls_chinese_medicine/train/roucongrongpian/roucongrongpian_0826.jpg,肉苁蓉(roucongrongpian),性味甘咸温；归肾大肠经；功效：补肾阳、益精血、润肠通便。
external\cls_chinese_medicine/train/roucongrongpian/roucongrongpian_1297.jpg,肉苁蓉(roucongrongpian),性味甘咸温；归肾大肠经；功效：补肾阳、益精血、润肠通便。
external\cls_chinese_medicine/train/roucongrongpian/roucongrongpian_1401.jpg,肉苁蓉(roucongrongpian),性味甘咸温；归肾大肠经；功效：补肾阳、益精血、润肠通便。
external\cls_chinese_medicine/train/roucongrongpian/roucongrongpian_0885.jpg,肉苁蓉(roucongrongpian),性味甘咸温；归肾大肠经；功效：补肾阳、益精血、润肠通便。
external\cls_chinese_medicine/train/roucongrongpian/roucongrongpian_0557.jpg,肉苁蓉(roucongrongpian),性味甘咸温；归肾大肠经；功效：补肾阳、益精血、润肠通便。
external\cls_chinese_medicine/train/roucongrongpian/roucongrongpian_1226.jpg,肉苁蓉(roucongrongpian),性味甘咸温；归肾大肠经；功效：补肾阳、益精血、润肠通便。
external\cls_chinese_medicine/train/roucongrongpian/roucongrongpian_1097.jpg,肉苁蓉(roucongrongpian),性味甘咸温；归肾大肠经；功效：补肾阳、益精血、润肠通便。
external\cls_chinese_medicine/train/roucongrongpian/roucongrongpian_0961.jpg,肉苁蓉(roucongrongpian),性味甘咸温；归肾大肠经；功效：补肾阳、益精血、润肠通便。
external\cls_chinese_medicine/train/roucongrongpian/roucongrongpian_0552.jpg,肉苁蓉(roucongrongpian),性味甘咸温；归肾大肠经；功效：补肾阳、益精血、润肠通便。
external\cls_chinese_medicine/train/roucongrongpian/roucongrongpian_0604.jpg,肉苁蓉(roucongrongpian),性味甘咸温；归肾大肠经；功效：补肾阳、益精血、润肠通便。
external\cls_chinese_medicine/train/roucongrongpian/roucongrongpian_0058.jpg,肉苁蓉(roucongrongpian),性味甘咸温；归肾大肠经；功效：补肾阳、益精血、润肠通便。
external\cls_chinese_medicine/train/roucongrongpian/roucongrongpian_0075.jpg,肉苁蓉(roucongrongpian),性味甘咸温；归肾大肠经；功效：补肾阳、益精血、润肠通便。
external\cls_chinese_medicine/train/roucongrongpian/roucongrongpian_0543.jpg,肉苁蓉(roucongrongpian),性味甘咸温；归肾大肠经；功效：补肾阳、益精血、润肠通便。
external\cls_chinese_medicine/train/roucongrongpian/roucongrongpian_0447.jpg,肉苁蓉(roucongrongpian),性味甘咸温；归肾大肠经；功效：补肾阳、益精血、润肠通便。
external\cls_chinese_medicine/train/roucongrongpian/roucongrongpian_1202.jpg,肉苁蓉(roucongrongpian),性味甘咸温；归肾大肠经；功效：补肾阳、益精血、润肠通便。
external\cls_chinese_medicine/train/roucongrongpian/roucongrongpian_1429.jpg,肉苁蓉(roucongrongpian),性味甘咸温；归肾大肠经；功效：补肾阳、益精血、润肠通便。
external\cls_chinese_medicine/train/roucongrongpian/roucongrongpian_0045.jpg,肉苁蓉(roucongrongpian),性味甘咸温；归肾大肠经；功效：补肾阳、益精血、润肠通便。
external\cls_chinese_medicine/train/roucongrongpian/roucongrongpian_0584.jpg,肉苁蓉(roucongrongpian),性味甘咸温；归肾大肠经；功效：补肾阳、益精血、润肠通便。
external\cls_chinese_medicine/train/roucongrongpian/roucongrongpian_0428.jpg,肉苁蓉(roucongrongpian),性味甘咸温；归肾大肠经；功效：补肾阳、益精血、润肠通便。
external\cls_chinese_medicine/train/roucongrongpian/roucongrongpian_1415.jpg,肉苁蓉(roucongrongpian),性味甘咸温；归肾大肠经；功效：补肾阳、益精血、润肠通便。
external\cls_chinese_medicine/train/roucongrongpian/roucongrongpian_0280.jpg,肉苁蓉(roucongrongpian),性味甘咸温；归肾大肠经；功效：补肾阳、益精血、润肠通便。
external\cls_chinese_medicine/train/roucongrongpian/roucongrongpian_0107.jpg,肉苁蓉(roucongrongpian),性味甘咸温；归肾大肠经；功效：补肾阳、益精血、润肠通便。
external\cls_chinese_medicine/train/roucongrongpian/roucongrongpian_1479.jpg,肉苁蓉(roucongrongpian),性味甘咸温；归肾大肠经；功效：补肾阳、益精血、润肠通便。
external\cls_chinese_medicine/train/roucongrongpian/roucongrongpian_1563.jpg,肉苁蓉(roucongrongpian),性味甘咸温；归肾大肠经；功效：补肾阳、益精血、润肠通便。
external\cls_chinese_medicine/train/roucongrongpian/roucongrongpian_1117.jpg,肉苁蓉(roucongrongpian),性味甘咸温；归肾大肠经；功效：补肾阳、益精血、润肠通便。
external\cls_chinese_medicine/train/roucongrongpian/roucongrongpian_0113.jpg,肉苁蓉(roucongrongpian),性味甘咸温；归肾大肠经；功效：补肾阳、益精血、润肠通便。
external\cls_chinese_medicine/train/roucongrongpian/roucongrongpian_0437.jpg,肉苁蓉(roucongrongpian),性味甘咸温；归肾大肠经；功效：补肾阳、益精血、润肠通便。
external\cls_chinese_medicine/train/roucongrongpian/roucongrongpian_0928.jpg,肉苁蓉(roucongrongpian),性味甘咸温；归肾大肠经；功效：补肾阳、益精血、润肠通便。
external\cls_chinese_medicine/train/roucongrongpian/roucongrongpian_1244.jpg,肉苁蓉(roucongrongpian),性味甘咸温；归肾大肠经；功效：补肾阳、益精血、润肠通便。
external\cls_chinese_medicine/train/roucongrongpian/roucongrongpian_1127.jpg,肉苁蓉(roucongrongpian),性味甘咸温；归肾大肠经；功效：补肾阳、益精血、润肠通便。
external\cls_chinese_medicine/train/roucongrongpian/roucongrongpian_1075.jpg,肉苁蓉(roucongrongpian),性味甘咸温；归肾大肠经；功效：补肾阳、益精血、润肠通便。
external\cls_chinese_medicine/train/roucongrongpian/roucongrongpian_1033.jpg,肉苁蓉(roucongrongpian),性味甘咸温；归肾大肠经；功效：补肾阳、益精血、润肠通便。
external\cls_chinese_medicine/train/roucongrongpian/roucongrongpian_1129.jpg,肉苁蓉(roucongrongpian),性味甘咸温；归肾大肠经；功效：补肾阳、益精血、润肠通便。
external\cls_chinese_medicine/train/roucongrongpian/roucongrongpian_1456.jpg,肉苁蓉(roucongrongpian),性味甘咸温；归肾大肠经；功效：补肾阳、益精血、润肠通便。
external\cls_chinese_medicine/train/roucongrongpian/roucongrongpian_0179.jpg,肉苁蓉(roucongrongpian),性味甘咸温；归肾大肠经；功效：补肾阳、益精血、润肠通便。
external\cls_chinese_medicine/train/roucongrongpian/roucongrongpian_0786.jpg,肉苁蓉(roucongrongpian),性味甘咸温；归肾大肠经；功效：补肾阳、益精血、润肠通便。
external\cls_chinese_medicine/train/roucongrongpian/roucongrongpian_1078.jpg,肉苁蓉(roucongrongpian),性味甘咸温；归肾大肠经；功效：补肾阳、益精血、润肠通便。
external\cls_chinese_medicine/train/roucongrongpian/roucongrongpian_0134.jpg,肉苁蓉(roucongrongpian),性味甘咸温；归肾大肠经；功效：补肾阳、益精血、润肠通便。
external\cls_chinese_medicine/train/roucongrongpian/roucongrongpian_0377.jpg,肉苁蓉(roucongrongpian),性味甘咸温；归肾大肠经；功效：补肾阳、益精血、润肠通便。
external\cls_chinese_medicine/train/roucongrongpian/roucongrongpian_1428.jpg,肉苁蓉(roucongrongpian),性味甘咸温；归肾大肠经；功效：补肾阳、益精血、润肠通便。
external\cls_chinese_medicine/train/roucongrongpian/roucongrongpian_0634.jpg,肉苁蓉(roucongrongpian),性味甘咸温；归肾大肠经；功效：补肾阳、益精血、润肠通便。
external\cls_chinese_medicine/train/roucongrongpian/roucongrongpian_1457.jpg,肉苁蓉(roucongrongpian),性味甘咸温；归肾大肠经；功效：补肾阳、益精血、润肠通便。
external\cls_chinese_medicine/train/roucongrongpian/roucongrongpian_1424.jpg,肉苁蓉(roucongrongpian),性味甘咸温；归肾大肠经；功效：补肾阳、益精血、润肠通便。
external\cls_chinese_medicine/train/roucongrongpian/roucongrongpian_0417.jpg,肉苁蓉(roucongrongpian),性味甘咸温；归肾大肠经；功效：补肾阳、益精血、润肠通便。
external\cls_chinese_medicine/train/roucongrongpian/roucongrongpian_1586.jpg,肉苁蓉(roucongrongpian),性味甘咸温；归肾大肠经；功效：补肾阳、益精血、润肠通便。
external\cls_chinese_medicine/train/roucongrongpian/roucongrongpian_0281.jpg,肉苁蓉(roucongrongpian),性味甘咸温；归肾大肠经；功效：补肾阳、益精血、润肠通便。
external\cls_chinese_medicine/train/roucongrongpian/roucongrongpian_1514.jpg,肉苁蓉(roucongrongpian),性味甘咸温；归肾大肠经；功效：补肾阳、益精血、润肠通便。
external\cls_chinese_medicine/train/roucongrongpian/roucongrongpian_0405.jpg,肉苁蓉(roucongrongpian),性味甘咸温；归肾大肠经；功效：补肾阳、益精血、润肠通便。
external\cls_chinese_medicine/train/roucongrongpian/roucongrongpian_0364.jpg,肉苁蓉(roucongrongpian),性味甘咸温；归肾大肠经；功效：补肾阳、益精血、润肠通便。
external\cls_chinese_medicine/train/roucongrongpian/roucongrongpian_0865.jpg,肉苁蓉(roucongrongpian),性味甘咸温；归肾大肠经；功效：补肾阳、益精血、润肠通便。
external\cls_chinese_medicine/train/roucongrongpian/roucongrongpian_0644.jpg,肉苁蓉(roucongrongpian),性味甘咸温；归肾大肠经；功效：补肾阳、益精血、润肠通便。
external\cls_chinese_medicine/train/roucongrongpian/roucongrongpian_1262.jpg,肉苁蓉(roucongrongpian),性味甘咸温；归肾大肠经；功效：补肾阳、益精血、润肠通便。
external\cls_chinese_medicine/train/roucongrongpian/roucongrongpian_0499.jpg,肉苁蓉(roucongrongpian),性味甘咸温；归肾大肠经；功效：补肾阳、益精血、润肠通便。
external\cls_chinese_medicine/train/roucongrongpian/roucongrongpian_1423.jpg,肉苁蓉(roucongrongpian),性味甘咸温；归肾大肠经；功效：补肾阳、益精血、润肠通便。
external\cls_chinese_medicine/train/roucongrongpian/roucongrongpian_1470.jpg,肉苁蓉(roucongrongpian),性味甘咸温；归肾大肠经；功效：补肾阳、益精血、润肠通便。
external\cls_chinese_medicine/train/roucongrongpian/roucongrongpian_0970.jpg,肉苁蓉(roucongrongpian),性味甘咸温；归肾大肠经；功效：补肾阳、益精血、润肠通便。
external\cls_chinese_medicine/train/roucongrongpian/roucongrongpian_0998.jpg,肉苁蓉(roucongrongpian),性味甘咸温；归肾大肠经；功效：补肾阳、益精血、润肠通便。
external\cls_chinese_medicine/train/roucongrongpian/roucongrongpian_0240.jpg,肉苁蓉(roucongrongpian),性味甘咸温；归肾大肠经；功效：补肾阳、益精血、润肠通便。
external\cls_chinese_medicine/train/roucongrongpian/roucongrongpian_1385.jpg,肉苁蓉(roucongrongpian),性味甘咸温；归肾大肠经；功效：补肾阳、益精血、润肠通便。
external\cls_chinese_medicine/train/roucongrongpian/roucongrongpian_0598.jpg,肉苁蓉(roucongrongpian),性味甘咸温；归肾大肠经；功效：补肾阳、益精血、润肠通便。
external\cls_chinese_medicine/train/roucongrongpian/roucongrongpian_0171.jpg,肉苁蓉(roucongrongpian),性味甘咸温；归肾大肠经；功效：补肾阳、益精血、润肠通便。
external\cls_chinese_medicine/train/roucongrongpian/roucongrongpian_1238.jpg,肉苁蓉(roucongrongpian),性味甘咸温；归肾大肠经；功效：补肾阳、益精血、润肠通便。
external\cls_chinese_medicine/train/roucongrongpian/roucongrongpian_0520.jpg,肉苁蓉(roucongrongpian),性味甘咸温；归肾大肠经；功效：补肾阳、益精血、润肠通便。
external\cls_chinese_medicine/train/roucongrongpian/roucongrongpian_0915.jpg,肉苁蓉(roucongrongpian),性味甘咸温；归肾大肠经；功效：补肾阳、益精血、润肠通便。
external\cls_chinese_medicine/train/roucongrongpian/roucongrongpian_1027.jpg,肉苁蓉(roucongrongpian),性味甘咸温；归肾大肠经；功效：补肾阳、益精血、润肠通便。
external\cls_chinese_medicine/train/roucongrongpian/roucongrongpian_1283.jpg,肉苁蓉(roucongrongpian),性味甘咸温；归肾大肠经；功效：补肾阳、益精血、润肠通便。
external\cls_chinese_medicine/train/roucongrongpian/roucongrongpian_0201.jpg,肉苁蓉(roucongrongpian),性味甘咸温；归肾大肠经；功效：补肾阳、益精血、润肠通便。
external\cls_chinese_medicine/train/roucongrongpian/roucongrongpian_1171.jpg,肉苁蓉(roucongrongpian),性味甘咸温；归肾大肠经；功效：补肾阳、益精血、润肠通便。
external\cls_chinese_medicine/train/roucongrongpian/roucongrongpian_0065.jpg,肉苁蓉(roucongrongpian),性味甘咸温；归肾大肠经；功效：补肾阳、益精血、润肠通便。
external\cls_chinese_medicine/train/roucongrongpian/roucongrongpian_0771.jpg,肉苁蓉(roucongrongpian),性味甘咸温；归肾大肠经；功效：补肾阳、益精血、润肠通便。
external\cls_chinese_medicine/train/roucongrongpian/roucongrongpian_0967.jpg,肉苁蓉(roucongrongpian),性味甘咸温；归肾大肠经；功效：补肾阳、益精血、润肠通便。
external\cls_chinese_medicine/train/roucongrongpian/roucongrongpian_1173.jpg,肉苁蓉(roucongrongpian),性味甘咸温；归肾大肠经；功效：补肾阳、益精血、润肠通便。
external\cls_chinese_medicine/train/roucongrongpian/roucongrongpian_1203.jpg,肉苁蓉(roucongrongpian),性味甘咸温；归肾大肠经；功效：补肾阳、益精血、润肠通便。
external\cls_chinese_medicine/train/roucongrongpian/roucongrongpian_1565.jpg,肉苁蓉(roucongrongpian),性味甘咸温；归肾大肠经；功效：补肾阳、益精血、润肠通便。
external\cls_chinese_medicine/train/roucongrongpian/roucongrongpian_0859.jpg,肉苁蓉(roucongrongpian),性味甘咸温；归肾大肠经；功效：补肾阳、益精血、润肠通便。
external\cls_chinese_medicine/train/roucongrongpian/roucongrongpian_0711.jpg,肉苁蓉(roucongrongpian),性味甘咸温；归肾大肠经；功效：补肾阳、益精血、润肠通便。
external\cls_chinese_medicine/train/roucongrongpian/roucongrongpian_0628.jpg,肉苁蓉(roucongrongpian),性味甘咸温；归肾大肠经；功效：补肾阳、益精血、润肠通便。
external\cls_chinese_medicine/train/roucongrongpian/roucongrongpian_0227.jpg,肉苁蓉(roucongrongpian),性味甘咸温；归肾大肠经；功效：补肾阳、益精血、润肠通便。
external\cls_chinese_medicine/train/roucongrongpian/roucongrongpian_0542.jpg,肉苁蓉(roucongrongpian),性味甘咸温；归肾大肠经；功效：补肾阳、益精血、润肠通便。
external\cls_chinese_medicine/train/roucongrongpian/roucongrongpian_0296.jpg,肉苁蓉(roucongrongpian),性味甘咸温；归肾大肠经；功效：补肾阳、益精血、润肠通便。
external\cls_chinese_medicine/train/roucongrongpian/roucongrongpian_1309.jpg,肉苁蓉(roucongrongpian),性味甘咸温；归肾大肠经；功效：补肾阳、益精血、润肠通便。
external\cls_chinese_medicine/train/roucongrongpian/roucongrongpian_0493.jpg,肉苁蓉(roucongrongpian),性味甘咸温；归肾大肠经；功效：补肾阳、益精血、润肠通便。
external\cls_chinese_medicine/train/roucongrongpian/roucongrongpian_1134.jpg,肉苁蓉(roucongrongpian),性味甘咸温；归肾大肠经；功效：补肾阳、益精血、润肠通便。
external\cls_chinese_medicine/train/roucongrongpian/roucongrongpian_1541.jpg,肉苁蓉(roucongrongpian),性味甘咸温；归肾大肠经；功效：补肾阳、益精血、润肠通便。
external\cls_chinese_medicine/train/roucongrongpian/roucongrongpian_1566.jpg,肉苁蓉(roucongrongpian),性味甘咸温；归肾大肠经；功效：补肾阳、益精血、润肠通便。
external\cls_chinese_medicine/train/lianqiao/lianqiao_1585.jpg,连翘,性味苦微寒；归肺心小肠经；功效：清热解毒、疏散风热、消肿散结。
external\cls_chinese_medicine/train/lianqiao/lianqiao_1072.jpg,连翘,性味苦微寒；归肺心小肠经；功效：清热解毒、疏散风热、消肿散结。
external\cls_chinese_medicine/train/lianqiao/lianqiao_0371.jpg,连翘,性味苦微寒；归肺心小肠经；功效：清热解毒、疏散风热、消肿散结。
external\cls_chinese_medicine/train/lianqiao/lianqiao_0698.jpg,连翘,性味苦微寒；归肺心小肠经；功效：清热解毒、疏散风热、消肿散结。
external\cls_chinese_medicine/train/lianqiao/lianqiao_0672.jpg,连翘,性味苦微寒；归肺心小肠经；功效：清热解毒、疏散风热、消肿散结。
external\cls_chinese_medicine/train/lianqiao/lianqiao_0255.jpg,连翘,性味苦微寒；归肺心小肠经；功效：清热解毒、疏散风热、消肿散结。
external\cls_chinese_medicine/train/lianqiao/lianqiao_0061.jpg,连翘,性味苦微寒；归肺心小肠经；功效：清热解毒、疏散风热、消肿散结。
external\cls_chinese_medicine/train/lianqiao/lianqiao_0621.jpg,连翘,性味苦微寒；归肺心小肠经；功效：清热解毒、疏散风热、消肿散结。
external\cls_chinese_medicine/train/lianqiao/lianqiao_0247.jpg,连翘,性味苦微寒；归肺心小肠经；功效：清热解毒、疏散风热、消肿散结。
external\cls_chinese_medicine/train/lianqiao/lianqiao_0520.jpg,连翘,性味苦微寒；归肺心小肠经；功效：清热解毒、疏散风热、消肿散结。
external\cls_chinese_medicine/train/lianqiao/lianqiao_0032.jpg,连翘,性味苦微寒；归肺心小肠经；功效：清热解毒、疏散风热、消肿散结。
external\cls_chinese_medicine/train/lianqiao/lianqiao_0369.jpg,连翘,性味苦微寒；归肺心小肠经；功效：清热解毒、疏散风热、消肿散结。
external\cls_chinese_medicine/train/lianqiao/lianqiao_1420.jpg,连翘,性味苦微寒；归肺心小肠经；功效：清热解毒、疏散风热、消肿散结。
external\cls_chinese_medicine/train/lianqiao/lianqiao_1589.jpg,连翘,性味苦微寒；归肺心小肠经；功效：清热解毒、疏散风热、消肿散结。
external\cls_chinese_medicine/train/lianqiao/lianqiao_0877.jpg,连翘,性味苦微寒；归肺心小肠经；功效：清热解毒、疏散风热、消肿散结。
external\cls_chinese_medicine/train/lianqiao/lianqiao_0317.jpg,连翘,性味苦微寒；归肺心小肠经；功效：清热解毒、疏散风热、消肿散结。
external\cls_chinese_medicine/train/lianqiao/lianqiao_0501.jpg,连翘,性味苦微寒；归肺心小肠经；功效：清热解毒、疏散风热、消肿散结。
external\cls_chinese_medicine/train/lianqiao/lianqiao_1096.jpg,连翘,性味苦微寒；归肺心小肠经；功效：清热解毒、疏散风热、消肿散结。
external\cls_chinese_medicine/train/lianqiao/lianqiao_1568.jpg,连翘,性味苦微寒；归肺心小肠经；功效：清热解毒、疏散风热、消肿散结。
external\cls_chinese_medicine/train/lianqiao/lianqiao_0538.jpg,连翘,性味苦微寒；归肺心小肠经；功效：清热解毒、疏散风热、消肿散结。
external\cls_chinese_medicine/train/lianqiao/lianqiao_1482.jpg,连翘,性味苦微寒；归肺心小肠经；功效：清热解毒、疏散风热、消肿散结。
external\cls_chinese_medicine/train/lianqiao/lianqiao_0181.jpg,连翘,性味苦微寒；归肺心小肠经；功效：清热解毒、疏散风热、消肿散结。
external\cls_chinese_medicine/train/lianqiao/lianqiao_0229.jpg,连翘,性味苦微寒；归肺心小肠经；功效：清热解毒、疏散风热、消肿散结。
external\cls_chinese_medicine/train/lianqiao/lianqiao_0683.jpg,连翘,性味苦微寒；归肺心小肠经；功效：清热解毒、疏散风热、消肿散结。
external\cls_chinese_medicine/train/lianqiao/lianqiao_1444.jpg,连翘,性味苦微寒；归肺心小肠经；功效：清热解毒、疏散风热、消肿散结。
external\cls_chinese_medicine/train/lianqiao/lianqiao_0400.jpg,连翘,性味苦微寒；归肺心小肠经；功效：清热解毒、疏散风热、消肿散结。
external\cls_chinese_medicine/train/lianqiao/lianqiao_1090.jpg,连翘,性味苦微寒；归肺心小肠经；功效：清热解毒、疏散风热、消肿散结。
external\cls_chinese_medicine/train/lianqiao/lianqiao_0288.jpg,连翘,性味苦微寒；归肺心小肠经；功效：清热解毒、疏散风热、消肿散结。
external\cls_chinese_medicine/train/lianqiao/lianqiao_1316.jpg,连翘,性味苦微寒；归肺心小肠经；功效：清热解毒、疏散风热、消肿散结。
external\cls_chinese_medicine/train/lianqiao/lianqiao_1110.jpg,连翘,性味苦微寒；归肺心小肠经；功效：清热解毒、疏散风热、消肿散结。
external\cls_chinese_medicine/train/lianqiao/lianqiao_1154.jpg,连翘,性味苦微寒；归肺心小肠经；功效：清热解毒、疏散风热、消肿散结。
external\cls_chinese_medicine/train/lianqiao/lianqiao_0128.jpg,连翘,性味苦微寒；归肺心小肠经；功效：清热解毒、疏散风热、消肿散结。
external\cls_chinese_medicine/train/lianqiao/lianqiao_0311.jpg,连翘,性味苦微寒；归肺心小肠经；功效：清热解毒、疏散风热、消肿散结。
external\cls_chinese_medicine/train/lianqiao/lianqiao_0613.jpg,连翘,性味苦微寒；归肺心小肠经；功效：清热解毒、疏散风热、消肿散结。
external\cls_chinese_medicine/train/lianqiao/lianqiao_1188.jpg,连翘,性味苦微寒；归肺心小肠经；功效：清热解毒、疏散风热、消肿散结。
external\cls_chinese_medicine/train/lianqiao/lianqiao_1457.jpg,连翘,性味苦微寒；归肺心小肠经；功效：清热解毒、疏散风热、消肿散结。
external\cls_chinese_medicine/train/lianqiao/lianqiao_1030.jpg,连翘,性味苦微寒；归肺心小肠经；功效：清热解毒、疏散风热、消肿散结。
external\cls_chinese_medicine/train/lianqiao/lianqiao_1483.jpg,连翘,性味苦微寒；归肺心小肠经；功效：清热解毒、疏散风热、消肿散结。
external\cls_chinese_medicine/train/lianqiao/lianqiao_0847.jpg,连翘,性味苦微寒；归肺心小肠经；功效：清热解毒、疏散风热、消肿散结。
external\cls_chinese_medicine/train/lianqiao/lianqiao_0582.jpg,连翘,性味苦微寒；归肺心小肠经；功效：清热解毒、疏散风热、消肿散结。
external\cls_chinese_medicine/train/lianqiao/lianqiao_0067.jpg,连翘,性味苦微寒；归肺心小肠经；功效：清热解毒、疏散风热、消肿散结。
external\cls_chinese_medicine/train/lianqiao/lianqiao_0145.jpg,连翘,性味苦微寒；归肺心小肠经；功效：清热解毒、疏散风热、消肿散结。
external\cls_chinese_medicine/train/lianqiao/lianqiao_0819.jpg,连翘,性味苦微寒；归肺心小肠经；功效：清热解毒、疏散风热、消肿散结。
external\cls_chinese_medicine/train/lianqiao/lianqiao_0413.jpg,连翘,性味苦微寒；归肺心小肠经；功效：清热解毒、疏散风热、消肿散结。
external\cls_chinese_medicine/train/lianqiao/lianqiao_0287.jpg,连翘,性味苦微寒；归肺心小肠经；功效：清热解毒、疏散风热、消肿散结。
external\cls_chinese_medicine/train/lianqiao/lianqiao_1145.jpg,连翘,性味苦微寒；归肺心小肠经；功效：清热解毒、疏散风热、消肿散结。
external\cls_chinese_medicine/train/lianqiao/lianqiao_0656.jpg,连翘,性味苦微寒；归肺心小肠经；功效：清热解毒、疏散风热、消肿散结。
external\cls_chinese_medicine/train/lianqiao/lianqiao_0792.jpg,连翘,性味苦微寒；归肺心小肠经；功效：清热解毒、疏散风热、消肿散结。
external\cls_chinese_medicine/train/lianqiao/lianqiao_0370.jpg,连翘,性味苦微寒；归肺心小肠经；功效：清热解毒、疏散风热、消肿散结。
external\cls_chinese_medicine/train/lianqiao/lianqiao_0168.jpg,连翘,性味苦微寒；归肺心小肠经；功效：清热解毒、疏散风热、消肿散结。
external\cls_chinese_medicine/train/lianqiao/lianqiao_1353.jpg,连翘,性味苦微寒；归肺心小肠经；功效：清热解毒、疏散风热、消肿散结。
external\cls_chinese_medicine/train/lianqiao/lianqiao_0191.jpg,连翘,性味苦微寒；归肺心小肠经；功效：清热解毒、疏散风热、消肿散结。
external\cls_chinese_medicine/train/lianqiao/lianqiao_1305.jpg,连翘,性味苦微寒；归肺心小肠经；功效：清热解毒、疏散风热、消肿散结。
external\cls_chinese_medicine/train/lianqiao/lianqiao_1268.jpg,连翘,性味苦微寒；归肺心小肠经；功效：清热解毒、疏散风热、消肿散结。
external\cls_chinese_medicine/train/lianqiao/lianqiao_0211.jpg,连翘,性味苦微寒；归肺心小肠经；功效：清热解毒、疏散风热、消肿散结。
external\cls_chinese_medicine/train/lianqiao/lianqiao_0534.jpg,连翘,性味苦微寒；归肺心小肠经；功效：清热解毒、疏散风热、消肿散结。
external\cls_chinese_medicine/train/lianqiao/lianqiao_0820.jpg,连翘,性味苦微寒；归肺心小肠经；功效：清热解毒、疏散风热、消肿散结。
external\cls_chinese_medicine/train/lianqiao/lianqiao_0639.jpg,连翘,性味苦微寒；归肺心小肠经；功效：清热解毒、疏散风热、消肿散结。
external\cls_chinese_medicine/train/lianqiao/lianqiao_1465.jpg,连翘,性味苦微寒；归肺心小肠经；功效：清热解毒、疏散风热、消肿散结。
external\cls_chinese_medicine/train/lianqiao/lianqiao_1165.jpg,连翘,性味苦微寒；归肺心小肠经；功效：清热解毒、疏散风热、消肿散结。
external\cls_chinese_medicine/train/lianqiao/lianqiao_0273.jpg,连翘,性味苦微寒；归肺心小肠经；功效：清热解毒、疏散风热、消肿散结。
external\cls_chinese_medicine/train/lianqiao/lianqiao_0575.jpg,连翘,性味苦微寒；归肺心小肠经；功效：清热解毒、疏散风热、消肿散结。
external\cls_chinese_medicine/train/lianqiao/lianqiao_0024.jpg,连翘,性味苦微寒；归肺心小肠经；功效：清热解毒、疏散风热、消肿散结。
external\cls_chinese_medicine/train/lianqiao/lianqiao_1336.jpg,连翘,性味苦微寒；归肺心小肠经；功效：清热解毒、疏散风热、消肿散结。
external\cls_chinese_medicine/train/lianqiao/lianqiao_1532.jpg,连翘,性味苦微寒；归肺心小肠经；功效：清热解毒、疏散风热、消肿散结。
external\cls_chinese_medicine/train/lianqiao/lianqiao_0051.jpg,连翘,性味苦微寒；归肺心小肠经；功效：清热解毒、疏散风热、消肿散结。
external\cls_chinese_medicine/train/lianqiao/lianqiao_0320.jpg,连翘,性味苦微寒；归肺心小肠经；功效：清热解毒、疏散风热、消肿散结。
external\cls_chinese_medicine/train/lianqiao/lianqiao_0103.jpg,连翘,性味苦微寒；归肺心小肠经；功效：清热解毒、疏散风热、消肿散结。
external\cls_chinese_medicine/train/lianqiao/lianqiao_1140.jpg,连翘,性味苦微寒；归肺心小肠经；功效：清热解毒、疏散风热、消肿散结。
external\cls_chinese_medicine/train/lianqiao/lianqiao_1412.jpg,连翘,性味苦微寒；归肺心小肠经；功效：清热解毒、疏散风热、消肿散结。
external\cls_chinese_medicine/train/lianqiao/lianqiao_1514.jpg,连翘,性味苦微寒；归肺心小肠经；功效：清热解毒、疏散风热、消肿散结。
external\cls_chinese_medicine/train/lianqiao/lianqiao_0448.jpg,连翘,性味苦微寒；归肺心小肠经；功效：清热解毒、疏散风热、消肿散结。
external\cls_chinese_medicine/train/lianqiao/lianqiao_0726.jpg,连翘,性味苦微寒；归肺心小肠经；功效：清热解毒、疏散风热、消肿散结。
external\cls_chinese_medicine/train/lianqiao/lianqiao_0868.jpg,连翘,性味苦微寒；归肺心小肠经；功效：清热解毒、疏散风热、消肿散结。
external\cls_chinese_medicine/train/lianqiao/lianqiao_0513.jpg,连翘,性味苦微寒；归肺心小肠经；功效：清热解毒、疏散风热、消肿散结。
external\cls_chinese_medicine/train/lianqiao/lianqiao_1029.jpg,连翘,性味苦微寒；归肺心小肠经；功效：清热解毒、疏散风热、消肿散结。
external\cls_chinese_medicine/train/lianqiao/lianqiao_0174.jpg,连翘,性味苦微寒；归肺心小肠经；功效：清热解毒、疏散风热、消肿散结。
external\cls_chinese_medicine/train/lianqiao/lianqiao_1428.jpg,连翘,性味苦微寒；归肺心小肠经；功效：清热解毒、疏散风热、消肿散结。
external\cls_chinese_medicine/train/lianqiao/lianqiao_0556.jpg,连翘,性味苦微寒；归肺心小肠经；功效：清热解毒、疏散风热、消肿散结。
external\cls_chinese_medicine/train/lianqiao/lianqiao_0392.jpg,连翘,性味苦微寒；归肺心小肠经；功效：清热解毒、疏散风热、消肿散结。
external\cls_chinese_medicine/train/lianqiao/lianqiao_1230.jpg,连翘,性味苦微寒；归肺心小肠经；功效：清热解毒、疏散风热、消肿散结。
external\cls_chinese_medicine/train/lianqiao/lianqiao_0587.jpg,连翘,性味苦微寒；归肺心小肠经；功效：清热解毒、疏散风热、消肿散结。
external\cls_chinese_medicine/train/lianqiao/lianqiao_0665.jpg,连翘,性味苦微寒；归肺心小肠经；功效：清热解毒、疏散风热、消肿散结。
external\cls_chinese_medicine/train/lianqiao/lianqiao_1183.jpg,连翘,性味苦微寒；归肺心小肠经；功效：清热解毒、疏散风热、消肿散结。
external\cls_chinese_medicine/train/lianqiao/lianqiao_0710.jpg,连翘,性味苦微寒；归肺心小肠经；功效：清热解毒、疏散风热、消肿散结。
external\cls_chinese_medicine/train/lianqiao/lianqiao_0249.jpg,连翘,性味苦微寒；归肺心小肠经；功效：清热解毒、疏散风热、消肿散结。
external\cls_chinese_medicine/train/lianqiao/lianqiao_0053.jpg,连翘,性味苦微寒；归肺心小肠经；功效：清热解毒、疏散风热、消肿散结。
external\cls_chinese_medicine/train/lianqiao/lianqiao_0072.jpg,连翘,性味苦微寒；归肺心小肠经；功效：清热解毒、疏散风热、消肿散结。
external\cls_chinese_medicine/train/lianqiao/lianqiao_0653.jpg,连翘,性味苦微寒；归肺心小肠经；功效：清热解毒、疏散风热、消肿散结。
external\cls_chinese_medicine/train/lianqiao/lianqiao_0078.jpg,连翘,性味苦微寒；归肺心小肠经；功效：清热解毒、疏散风热、消肿散结。
external\cls_chinese_medicine/train/lianqiao/lianqiao_0906.jpg,连翘,性味苦微寒；归肺心小肠经；功效：清热解毒、疏散风热、消肿散结。
external\cls_chinese_medicine/train/lianqiao/lianqiao_0630.jpg,连翘,性味苦微寒；归肺心小肠经；功效：清热解毒、疏散风热、消肿散结。
external\cls_chinese_medicine/train/lianqiao/lianqiao_0903.jpg,连翘,性味苦微寒；归肺心小肠经；功效：清热解毒、疏散风热、消肿散结。
external\cls_chinese_medicine/train/lianqiao/lianqiao_0179.jpg,连翘,性味苦微寒；归肺心小肠经；功效：清热解毒、疏散风热、消肿散结。
external\cls_chinese_medicine/train/lianqiao/lianqiao_0431.jpg,连翘,性味苦微寒；归肺心小肠经；功效：清热解毒、疏散风热、消肿散结。
external\cls_chinese_medicine/train/lianqiao/lianqiao_1133.jpg,连翘,性味苦微寒；归肺心小肠经；功效：清热解毒、疏散风热、消肿散结。
external\cls_chinese_medicine/train/lianqiao/lianqiao_0139.jpg,连翘,性味苦微寒；归肺心小肠经；功效：清热解毒、疏散风热、消肿散结。
external\cls_chinese_medicine/train/lianqiao/lianqiao_1224.jpg,连翘,性味苦微寒；归肺心小肠经；功效：清热解毒、疏散风热、消肿散结。
external\cls_chinese_medicine/train/lianqiao/lianqiao_1602.jpg,连翘,性味苦微寒；归肺心小肠经；功效：清热解毒、疏散风热、消肿散结。
external\cls_chinese_medicine/train/lianqiao/lianqiao_0358.jpg,连翘,性味苦微寒；归肺心小肠经；功效：清热解毒、疏散风热、消肿散结。
external\cls_chinese_medicine/train/lianqiao/lianqiao_1131.jpg,连翘,性味苦微寒；归肺心小肠经；功效：清热解毒、疏散风热、消肿散结。
external\cls_chinese_medicine/train/lianqiao/lianqiao_0402.jpg,连翘,性味苦微寒；归肺心小肠经；功效：清热解毒、疏散风热、消肿散结。
external\cls_chinese_medicine/train/lianqiao/lianqiao_1610.jpg,连翘,性味苦微寒；归肺心小肠经；功效：清热解毒、疏散风热、消肿散结。
external\cls_chinese_medicine/train/lianqiao/lianqiao_0818.jpg,连翘,性味苦微寒；归肺心小肠经；功效：清热解毒、疏散风热、消肿散结。
external\cls_chinese_medicine/train/lianqiao/lianqiao_1569.jpg,连翘,性味苦微寒；归肺心小肠经；功效：清热解毒、疏散风热、消肿散结。
external\cls_chinese_medicine/train/lianqiao/lianqiao_0127.jpg,连翘,性味苦微寒；归肺心小肠经；功效：清热解毒、疏散风热、消肿散结。
external\cls_chinese_medicine/train/lianqiao/lianqiao_0739.jpg,连翘,性味苦微寒；归肺心小肠经；功效：清热解毒、疏散风热、消肿散结。
external\cls_chinese_medicine/train/lianqiao/lianqiao_0967.jpg,连翘,性味苦微寒；归肺心小肠经；功效：清热解毒、疏散风热、消肿散结。
external\cls_chinese_medicine/train/lianqiao/lianqiao_0502.jpg,连翘,性味苦微寒；归肺心小肠经；功效：清热解毒、疏散风热、消肿散结。
external\cls_chinese_medicine/train/lianqiao/lianqiao_1015.jpg,连翘,性味苦微寒；归肺心小肠经；功效：清热解毒、疏散风热、消肿散结。
external\cls_chinese_medicine/train/lianqiao/lianqiao_1545.jpg,连翘,性味苦微寒；归肺心小肠经；功效：清热解毒、疏散风热、消肿散结。
external\cls_chinese_medicine/train/lianqiao/lianqiao_0759.jpg,连翘,性味苦微寒；归肺心小肠经；功效：清热解毒、疏散风热、消肿散结。
external\cls_chinese_medicine/train/lianqiao/lianqiao_0708.jpg,连翘,性味苦微寒；归肺心小肠经；功效：清热解毒、疏散风热、消肿散结。
external\cls_chinese_medicine/train/lianqiao/lianqiao_1079.jpg,连翘,性味苦微寒；归肺心小肠经；功效：清热解毒、疏散风热、消肿散结。
external\cls_chinese_medicine/train/lianqiao/lianqiao_0517.jpg,连翘,性味苦微寒；归肺心小肠经；功效：清热解毒、疏散风热、消肿散结。
external\cls_chinese_medicine/train/lianqiao/lianqiao_0904.jpg,连翘,性味苦微寒；归肺心小肠经；功效：清热解毒、疏散风热、消肿散结。
external\cls_chinese_medicine/train/lianqiao/lianqiao_0069.jpg,连翘,性味苦微寒；归肺心小肠经；功效：清热解毒、疏散风热、消肿散结。
external\cls_chinese_medicine/train/lianqiao/lianqiao_1045.jpg,连翘,性味苦微寒；归肺心小肠经；功效：清热解毒、疏散风热、消肿散结。
external\cls_chinese_medicine/train/lianqiao/lianqiao_0030.jpg,连翘,性味苦微寒；归肺心小肠经；功效：清热解毒、疏散风热、消肿散结。
external\cls_chinese_medicine/train/lianqiao/lianqiao_1497.jpg,连翘,性味苦微寒；归肺心小肠经；功效：清热解毒、疏散风热、消肿散结。
external\cls_chinese_medicine/train/lianqiao/lianqiao_1150.jpg,连翘,性味苦微寒；归肺心小肠经；功效：清热解毒、疏散风热、消肿散结。
external\cls_chinese_medicine/train/lianqiao/lianqiao_0977.jpg,连翘,性味苦微寒；归肺心小肠经；功效：清热解毒、疏散风热、消肿散结。
external\cls_chinese_medicine/train/lianqiao/lianqiao_0733.jpg,连翘,性味苦微寒；归肺心小肠经；功效：清热解毒、疏散风热、消肿散结。
external\cls_chinese_medicine/train/lianqiao/lianqiao_0810.jpg,连翘,性味苦微寒；归肺心小肠经；功效：清热解毒、疏散风热、消肿散结。
external\cls_chinese_medicine/train/lianqiao/lianqiao_1222.jpg,连翘,性味苦微寒；归肺心小肠经；功效：清热解毒、疏散风热、消肿散结。
external\cls_chinese_medicine/train/lianqiao/lianqiao_1337.jpg,连翘,性味苦微寒；归肺心小肠经；功效：清热解毒、疏散风热、消肿散结。
external\cls_chinese_medicine/train/lianqiao/lianqiao_0598.jpg,连翘,性味苦微寒；归肺心小肠经；功效：清热解毒、疏散风热、消肿散结。
external\cls_chinese_medicine/train/lianqiao/lianqiao_1160.jpg,连翘,性味苦微寒；归肺心小肠经；功效：清热解毒、疏散风热、消肿散结。
external\cls_chinese_medicine/train/lianqiao/lianqiao_0852.jpg,连翘,性味苦微寒；归肺心小肠经；功效：清热解毒、疏散风热、消肿散结。
external\cls_chinese_medicine/train/lianqiao/lianqiao_0505.jpg,连翘,性味苦微寒；归肺心小肠经；功效：清热解毒、疏散风热、消肿散结。
external\cls_chinese_medicine/train/lianqiao/lianqiao_0765.jpg,连翘,性味苦微寒；归肺心小肠经；功效：清热解毒、疏散风热、消肿散结。
external\cls_chinese_medicine/train/lianqiao/lianqiao_0440.jpg,连翘,性味苦微寒；归肺心小肠经；功效：清热解毒、疏散风热、消肿散结。
external\cls_chinese_medicine/train/lianqiao/lianqiao_0966.jpg,连翘,性味苦微寒；归肺心小肠经；功效：清热解毒、疏散风热、消肿散结。
external\cls_chinese_medicine/train/lianqiao/lianqiao_0384.jpg,连翘,性味苦微寒；归肺心小肠经；功效：清热解毒、疏散风热、消肿散结。
external\cls_chinese_medicine/train/lianqiao/lianqiao_1152.jpg,连翘,性味苦微寒；归肺心小肠经；功效：清热解毒、疏散风热、消肿散结。
external\cls_chinese_medicine/train/lianqiao/lianqiao_0435.jpg,连翘,性味苦微寒；归肺心小肠经；功效：清热解毒、疏散风热、消肿散结。
external\cls_chinese_medicine/train/lianqiao/lianqiao_1401.jpg,连翘,性味苦微寒；归肺心小肠经；功效：清热解毒、疏散风热、消肿散结。
external\cls_chinese_medicine/train/lianqiao/lianqiao_0366.jpg,连翘,性味苦微寒；归肺心小肠经；功效：清热解毒、疏散风热、消肿散结。
external\cls_chinese_medicine/train/lianqiao/lianqiao_1379.jpg,连翘,性味苦微寒；归肺心小肠经；功效：清热解毒、疏散风热、消肿散结。
external\cls_chinese_medicine/train/lianqiao/lianqiao_0859.jpg,连翘,性味苦微寒；归肺心小肠经；功效：清热解毒、疏散风热、消肿散结。
external\cls_chinese_medicine/train/lianqiao/lianqiao_0950.jpg,连翘,性味苦微寒；归肺心小肠经；功效：清热解毒、疏散风热、消肿散结。
external\cls_chinese_medicine/train/lianqiao/lianqiao_0207.jpg,连翘,性味苦微寒；归肺心小肠经；功效：清热解毒、疏散风热、消肿散结。
external\cls_chinese_medicine/train/lianqiao/lianqiao_1512.jpg,连翘,性味苦微寒；归肺心小肠经；功效：清热解毒、疏散风热、消肿散结。
external\cls_chinese_medicine/train/lianqiao/lianqiao_1537.jpg,连翘,性味苦微寒；归肺心小肠经；功效：清热解毒、疏散风热、消肿散结。
external\cls_chinese_medicine/train/lianqiao/lianqiao_0995.jpg,连翘,性味苦微寒；归肺心小肠经；功效：清热解毒、疏散风热、消肿散结。
external\cls_chinese_medicine/train/lianqiao/lianqiao_1298.jpg,连翘,性味苦微寒；归肺心小肠经；功效：清热解毒、疏散风热、消肿散结。
external\cls_chinese_medicine/train/lianqiao/lianqiao_0791.jpg,连翘,性味苦微寒；归肺心小肠经；功效：清热解毒、疏散风热、消肿散结。
external\cls_chinese_medicine/train/lianqiao/lianqiao_1590.jpg,连翘,性味苦微寒；归肺心小肠经；功效：清热解毒、疏散风热、消肿散结。
external\cls_chinese_medicine/train/lianqiao/lianqiao_1231.jpg,连翘,性味苦微寒；归肺心小肠经；功效：清热解毒、疏散风热、消肿散结。
external\cls_chinese_medicine/train/lianqiao/lianqiao_0780.jpg,连翘,性味苦微寒；归肺心小肠经；功效：清热解毒、疏散风热、消肿散结。
external\cls_chinese_medicine/train/lianqiao/lianqiao_0533.jpg,连翘,性味苦微寒；归肺心小肠经；功效：清热解毒、疏散风热、消肿散结。
external\cls_chinese_medicine/train/lianqiao/lianqiao_1227.jpg,连翘,性味苦微寒；归肺心小肠经；功效：清热解毒、疏散风热、消肿散结。
external\cls_chinese_medicine/train/lianqiao/lianqiao_1513.jpg,连翘,性味苦微寒；归肺心小肠经；功效：清热解毒、疏散风热、消肿散结。
external\cls_chinese_medicine/train/lianqiao/lianqiao_0555.jpg,连翘,性味苦微寒；归肺心小肠经；功效：清热解毒、疏散风热、消肿散结。
external\cls_chinese_medicine/train/lianqiao/lianqiao_0250.jpg,连翘,性味苦微寒；归肺心小肠经；功效：清热解毒、疏散风热、消肿散结。
external\cls_chinese_medicine/train/lianqiao/lianqiao_0046.jpg,连翘,性味苦微寒；归肺心小肠经；功效：清热解毒、疏散风热、消肿散结。
external\cls_chinese_medicine/train/lianqiao/lianqiao_1480.jpg,连翘,性味苦微寒；归肺心小肠经；功效：清热解毒、疏散风热、消肿散结。
external\cls_chinese_medicine/train/lianqiao/lianqiao_0258.jpg,连翘,性味苦微寒；归肺心小肠经；功效：清热解毒、疏散风热、消肿散结。
external\cls_chinese_medicine/train/lianqiao/lianqiao_1427.jpg,连翘,性味苦微寒；归肺心小肠经；功效：清热解毒、疏散风热、消肿散结。
external\cls_chinese_medicine/train/lianqiao/lianqiao_1212.jpg,连翘,性味苦微寒；归肺心小肠经；功效：清热解毒、疏散风热、消肿散结。
external\cls_chinese_medicine/train/lianqiao/lianqiao_0994.jpg,连翘,性味苦微寒；归肺心小肠经；功效：清热解毒、疏散风热、消肿散结。
external\cls_chinese_medicine/train/lianqiao/lianqiao_1050.jpg,连翘,性味苦微寒；归肺心小肠经；功效：清热解毒、疏散风热、消肿散结。
external\cls_chinese_medicine/train/lianqiao/lianqiao_0510.jpg,连翘,性味苦微寒；归肺心小肠经；功效：清热解毒、疏散风热、消肿散结。
external\cls_chinese_medicine/train/lianqiao/lianqiao_0119.jpg,连翘,性味苦微寒；归肺心小肠经；功效：清热解毒、疏散风热、消肿散结。
external\cls_chinese_medicine/train/lianqiao/lianqiao_0355.jpg,连翘,性味苦微寒；归肺心小肠经；功效：清热解毒、疏散风热、消肿散结。
external\cls_chinese_medicine/train/lianqiao/lianqiao_0192.jpg,连翘,性味苦微寒；归肺心小肠经；功效：清热解毒、疏散风热、消肿散结。
external\cls_chinese_medicine/train/lianqiao/lianqiao_1256.jpg,连翘,性味苦微寒；归肺心小肠经；功效：清热解毒、疏散风热、消肿散结。
external\cls_chinese_medicine/train/lianqiao/lianqiao_1324.jpg,连翘,性味苦微寒；归肺心小肠经；功效：清热解毒、疏散风热、消肿散结。
external\cls_chinese_medicine/train/lianqiao/lianqiao_0611.jpg,连翘,性味苦微寒；归肺心小肠经；功效：清热解毒、疏散风热、消肿散结。
external\cls_chinese_medicine/train/lianqiao/lianqiao_1167.jpg,连翘,性味苦微寒；归肺心小肠经；功效：清热解毒、疏散风热、消肿散结。
external\cls_chinese_medicine/train/lianqiao/lianqiao_1248.jpg,连翘,性味苦微寒；归肺心小肠经；功效：清热解毒、疏散风热、消肿散结。
external\cls_chinese_medicine/train/lianqiao/lianqiao_0080.jpg,连翘,性味苦微寒；归肺心小肠经；功效：清热解毒、疏散风热、消肿散结。
external\cls_chinese_medicine/train/lianqiao/lianqiao_0379.jpg,连翘,性味苦微寒；归肺心小肠经；功效：清热解毒、疏散风热、消肿散结。
external\cls_chinese_medicine/train/lianqiao/lianqiao_1598.jpg,连翘,性味苦微寒；归肺心小肠经；功效：清热解毒、疏散风热、消肿散结。
external\cls_chinese_medicine/train/lianqiao/lianqiao_1577.jpg,连翘,性味苦微寒；归肺心小肠经；功效：清热解毒、疏散风热、消肿散结。
external\cls_chinese_medicine/train/lianqiao/lianqiao_0801.jpg,连翘,性味苦微寒；归肺心小肠经；功效：清热解毒、疏散风热、消肿散结。
external\cls_chinese_medicine/train/lianqiao/lianqiao_0618.jpg,连翘,性味苦微寒；归肺心小肠经；功效：清热解毒、疏散风热、消肿散结。
external\cls_chinese_medicine/train/lianqiao/lianqiao_0823.jpg,连翘,性味苦微寒；归肺心小肠经；功效：清热解毒、疏散风热、消肿散结。
external\cls_chinese_medicine/train/lianqiao/lianqiao_0016.jpg,连翘,性味苦微寒；归肺心小肠经；功效：清热解毒、疏散风热、消肿散结。
external\cls_chinese_medicine/train/lianqiao/lianqiao_1447.jpg,连翘,性味苦微寒；归肺心小肠经；功效：清热解毒、疏散风热、消肿散结。
external\cls_chinese_medicine/train/lianqiao/lianqiao_1249.jpg,连翘,性味苦微寒；归肺心小肠经；功效：清热解毒、疏散风热、消肿散结。
external\cls_chinese_medicine/train/lianqiao/lianqiao_0206.jpg,连翘,性味苦微寒；归肺心小肠经；功效：清热解毒、疏散风热、消肿散结。
external\cls_chinese_medicine/train/lianqiao/lianqiao_1271.jpg,连翘,性味苦微寒；归肺心小肠经；功效：清热解毒、疏散风热、消肿散结。
external\cls_chinese_medicine/train/lianqiao/lianqiao_0339.jpg,连翘,性味苦微寒；归肺心小肠经；功效：清热解毒、疏散风热、消肿散结。
external\cls_chinese_medicine/train/lianqiao/lianqiao_0569.jpg,连翘,性味苦微寒；归肺心小肠经；功效：清热解毒、疏散风热、消肿散结。
external\cls_chinese_medicine/train/lianqiao/lianqiao_0323.jpg,连翘,性味苦微寒；归肺心小肠经；功效：清热解毒、疏散风热、消肿散结。
external\cls_chinese_medicine/train/lianqiao/lianqiao_1549.jpg,连翘,性味苦微寒；归肺心小肠经；功效：清热解毒、疏散风热、消肿散结。
external\cls_chinese_medicine/train/lianqiao/lianqiao_0449.jpg,连翘,性味苦微寒；归肺心小肠经；功效：清热解毒、疏散风热、消肿散结。
external\cls_chinese_medicine/train/lianqiao/lianqiao_0591.jpg,连翘,性味苦微寒；归肺心小肠经；功效：清热解毒、疏散风热、消肿散结。
external\cls_chinese_medicine/train/lianqiao/lianqiao_1616.jpg,连翘,性味苦微寒；归肺心小肠经；功效：清热解毒、疏散风热、消肿散结。
external\cls_chinese_medicine/train/lianqiao/lianqiao_0433.jpg,连翘,性味苦微寒；归肺心小肠经；功效：清热解毒、疏散风热、消肿散结。
external\cls_chinese_medicine/train/lianqiao/lianqiao_1503.jpg,连翘,性味苦微寒；归肺心小肠经；功效：清热解毒、疏散风热、消肿散结。
external\cls_chinese_medicine/train/lianqiao/lianqiao_0271.jpg,连翘,性味苦微寒；归肺心小肠经；功效：清热解毒、疏散风热、消肿散结。
external\cls_chinese_medicine/train/lianqiao/lianqiao_0385.jpg,连翘,性味苦微寒；归肺心小肠经；功效：清热解毒、疏散风热、消肿散结。
external\cls_chinese_medicine/train/lianqiao/lianqiao_0886.jpg,连翘,性味苦微寒；归肺心小肠经；功效：清热解毒、疏散风热、消肿散结。
external\cls_chinese_medicine/train/lianqiao/lianqiao_0997.jpg,连翘,性味苦微寒；归肺心小肠经；功效：清热解毒、疏散风热、消肿散结。
external\cls_chinese_medicine/train/lianqiao/lianqiao_1456.jpg,连翘,性味苦微寒；归肺心小肠经；功效：清热解毒、疏散风热、消肿散结。
external\cls_chinese_medicine/train/lianqiao/lianqiao_0989.jpg,连翘,性味苦微寒；归肺心小肠经；功效：清热解毒、疏散风热、消肿散结。
external\cls_chinese_medicine/train/lianqiao/lianqiao_0550.jpg,连翘,性味苦微寒；归肺心小肠经；功效：清热解毒、疏散风热、消肿散结。
external\cls_chinese_medicine/train/lianqiao/lianqiao_0863.jpg,连翘,性味苦微寒；归肺心小肠经；功效：清热解毒、疏散风热、消肿散结。
external\cls_chinese_medicine/train/lianqiao/lianqiao_0058.jpg,连翘,性味苦微寒；归肺心小肠经；功效：清热解毒、疏散风热、消肿散结。
external\cls_chinese_medicine/train/lianqiao/lianqiao_0075.jpg,连翘,性味苦微寒；归肺心小肠经；功效：清热解毒、疏散风热、消肿散结。
external\cls_chinese_medicine/train/lianqiao/lianqiao_0960.jpg,连翘,性味苦微寒；归肺心小肠经；功效：清热解毒、疏散风热、消肿散结。
external\cls_chinese_medicine/train/lianqiao/lianqiao_0547.jpg,连翘,性味苦微寒；归肺心小肠经；功效：清热解毒、疏散风热、消肿散结。
external\cls_chinese_medicine/train/lianqiao/lianqiao_1011.jpg,连翘,性味苦微寒；归肺心小肠经；功效：清热解毒、疏散风热、消肿散结。
external\cls_chinese_medicine/train/lianqiao/lianqiao_0401.jpg,连翘,性味苦微寒；归肺心小肠经；功效：清热解毒、疏散风热、消肿散结。
external\cls_chinese_medicine/train/lianqiao/lianqiao_0045.jpg,连翘,性味苦微寒；归肺心小肠经；功效：清热解毒、疏散风热、消肿散结。
external\cls_chinese_medicine/train/lianqiao/lianqiao_0620.jpg,连翘,性味苦微寒；归肺心小肠经；功效：清热解毒、疏散风热、消肿散结。
external\cls_chinese_medicine/train/lianqiao/lianqiao_0707.jpg,连翘,性味苦微寒；归肺心小肠经；功效：清热解毒、疏散风热、消肿散结。
external\cls_chinese_medicine/train/lianqiao/lianqiao_1278.jpg,连翘,性味苦微寒；归肺心小肠经；功效：清热解毒、疏散风热、消肿散结。
external\cls_chinese_medicine/train/lianqiao/lianqiao_1380.jpg,连翘,性味苦微寒；归肺心小肠经；功效：清热解毒、疏散风热、消肿散结。
external\cls_chinese_medicine/train/lianqiao/lianqiao_0105.jpg,连翘,性味苦微寒；归肺心小肠经；功效：清热解毒、疏散风热、消肿散结。
external\cls_chinese_medicine/train/lianqiao/lianqiao_0752.jpg,连翘,性味苦微寒；归肺心小肠经；功效：清热解毒、疏散风热、消肿散结。
external\cls_chinese_medicine/train/lianqiao/lianqiao_1132.jpg,连翘,性味苦微寒；归肺心小肠经；功效：清热解毒、疏散风热、消肿散结。
external\cls_chinese_medicine/train/lianqiao/lianqiao_0111.jpg,连翘,性味苦微寒；归肺心小肠经；功效：清热解毒、疏散风热、消肿散结。
external\cls_chinese_medicine/train/lianqiao/lianqiao_1302.jpg,连翘,性味苦微寒；归肺心小肠经；功效：清热解毒、疏散风热、消肿散结。
external\cls_chinese_medicine/train/lianqiao/lianqiao_1138.jpg,连翘,性味苦微寒；归肺心小肠经；功效：清热解毒、疏散风热、消肿散结。
external\cls_chinese_medicine/train/lianqiao/lianqiao_0678.jpg,连翘,性味苦微寒；归肺心小肠经；功效：清热解毒、疏散风热、消肿散结。
external\cls_chinese_medicine/train/lianqiao/lianqiao_1195.jpg,连翘,性味苦微寒；归肺心小肠经；功效：清热解毒、疏散风热、消肿散结。
external\cls_chinese_medicine/train/lianqiao/lianqiao_0347.jpg,连翘,性味苦微寒；归肺心小肠经；功效：清热解毒、疏散风热、消肿散结。
external\cls_chinese_medicine/train/lianqiao/lianqiao_0796.jpg,连翘,性味苦微寒；归肺心小肠经；功效：清热解毒、疏散风热、消肿散结。
external\cls_chinese_medicine/train/lianqiao/lianqiao_0725.jpg,连翘,性味苦微寒；归肺心小肠经；功效：清热解毒、疏散风热、消肿散结。
external\cls_chinese_medicine/train/lianqiao/lianqiao_0789.jpg,连翘,性味苦微寒；归肺心小肠经；功效：清热解毒、疏散风热、消肿散结。
external\cls_chinese_medicine/train/lianqiao/lianqiao_0952.jpg,连翘,性味苦微寒；归肺心小肠经；功效：清热解毒、疏散风热、消肿散结。
external\cls_chinese_medicine/train/lianqiao/lianqiao_0132.jpg,连翘,性味苦微寒；归肺心小肠经；功效：清热解毒、疏散风热、消肿散结。
external\cls_chinese_medicine/train/lianqiao/lianqiao_0689.jpg,连翘,性味苦微寒；归肺心小肠经；功效：清热解毒、疏散风热、消肿散结。
external\cls_chinese_medicine/train/lianqiao/lianqiao_1052.jpg,连翘,性味苦微寒；归肺心小肠经；功效：清热解毒、疏散风热、消肿散结。
external\cls_chinese_medicine/train/lianqiao/lianqiao_1509.jpg,连翘,性味苦微寒；归肺心小肠经；功效：清热解毒、疏散风热、消肿散结。
external\cls_chinese_medicine/train/lianqiao/lianqiao_0932.jpg,连翘,性味苦微寒；归肺心小肠经；功效：清热解毒、疏散风热、消肿散结。
external\cls_chinese_medicine/train/lianqiao/lianqiao_1564.jpg,连翘,性味苦微寒；归肺心小肠经；功效：清热解毒、疏散风热、消肿散结。
external\cls_chinese_medicine/train/lianqiao/lianqiao_0605.jpg,连翘,性味苦微寒；归肺心小肠经；功效：清热解毒、疏散风热、消肿散结。
external\cls_chinese_medicine/train/lianqiao/lianqiao_0310.jpg,连翘,性味苦微寒；归肺心小肠经；功效：清热解毒、疏散风热、消肿散结。
external\cls_chinese_medicine/train/lianqiao/lianqiao_0330.jpg,连翘,性味苦微寒；归肺心小肠经；功效：清热解毒、疏散风热、消肿散结。
external\cls_chinese_medicine/train/lianqiao/lianqiao_0368.jpg,连翘,性味苦微寒；归肺心小肠经；功效：清热解毒、疏散风热、消肿散结。
external\cls_chinese_medicine/train/lianqiao/lianqiao_0283.jpg,连翘,性味苦微寒；归肺心小肠经；功效：清热解毒、疏散风热、消肿散结。
external\cls_chinese_medicine/train/lianqiao/lianqiao_1277.jpg,连翘,性味苦微寒；归肺心小肠经；功效：清热解毒、疏散风热、消肿散结。
external\cls_chinese_medicine/train/lianqiao/lianqiao_0588.jpg,连翘,性味苦微寒；归肺心小肠经；功效：清热解毒、疏散风热、消肿散结。
external\cls_chinese_medicine/train/lianqiao/lianqiao_1094.jpg,连翘,性味苦微寒；归肺心小肠经；功效：清热解毒、疏散风热、消肿散结。
external\cls_chinese_medicine/train/lianqiao/lianqiao_1438.jpg,连翘,性味苦微寒；归肺心小肠经；功效：清热解毒、疏散风热、消肿散结。
external\cls_chinese_medicine/train/lianqiao/lianqiao_1504.jpg,连翘,性味苦微寒；归肺心小肠经；功效：清热解毒、疏散风热、消肿散结。
external\cls_chinese_medicine/train/lianqiao/lianqiao_1318.jpg,连翘,性味苦微寒；归肺心小肠经；功效：清热解毒、疏散风热、消肿散结。
external\cls_chinese_medicine/train/lianqiao/lianqiao_0348.jpg,连翘,性味苦微寒；归肺心小肠经；功效：清热解毒、疏散风热、消肿散结。
external\cls_chinese_medicine/train/lianqiao/lianqiao_0034.jpg,连翘,性味苦微寒；归肺心小肠经；功效：清热解毒、疏散风热、消肿散结。
external\cls_chinese_medicine/train/lianqiao/lianqiao_0888.jpg,连翘,性味苦微寒；归肺心小肠经；功效：清热解毒、疏散风热、消肿散结。
external\cls_chinese_medicine/train/lianqiao/lianqiao_0543.jpg,连翘,性味苦微寒；归肺心小肠经；功效：清热解毒、疏散风热、消肿散结。
external\cls_chinese_medicine/train/lianqiao/lianqiao_0484.jpg,连翘,性味苦微寒；归肺心小肠经；功效：清热解毒、疏散风热、消肿散结。
external\cls_chinese_medicine/train/lianqiao/lianqiao_0503.jpg,连翘,性味苦微寒；归肺心小肠经；功效：清热解毒、疏散风热、消肿散结。
external\cls_chinese_medicine/train/lianqiao/lianqiao_0452.jpg,连翘,性味苦微寒；归肺心小肠经；功效：清热解毒、疏散风热、消肿散结。
external\cls_chinese_medicine/train/lianqiao/lianqiao_0526.jpg,连翘,性味苦微寒；归肺心小肠经；功效：清热解毒、疏散风热、消肿散结。
external\cls_chinese_medicine/train/lianqiao/lianqiao_0389.jpg,连翘,性味苦微寒；归肺心小肠经；功效：清热解毒、疏散风热、消肿散结。
external\cls_chinese_medicine/train/lianqiao/lianqiao_0284.jpg,连翘,性味苦微寒；归肺心小肠经；功效：清热解毒、疏散风热、消肿散结。
external\cls_chinese_medicine/train/lianqiao/lianqiao_0436.jpg,连翘,性味苦微寒；归肺心小肠经；功效：清热解毒、疏散风热、消肿散结。
external\cls_chinese_medicine/train/lianqiao/lianqiao_1542.jpg,连翘,性味苦微寒；归肺心小肠经；功效：清热解毒、疏散风热、消肿散结。
external\cls_chinese_medicine/train/lianqiao/lianqiao_0241.jpg,连翘,性味苦微寒；归肺心小肠经；功效：清热解毒、疏散风热、消肿散结。
external\cls_chinese_medicine/train/lianqiao/lianqiao_0638.jpg,连翘,性味苦微寒；归肺心小肠经；功效：清热解毒、疏散风热、消肿散结。
external\cls_chinese_medicine/train/lianqiao/lianqiao_1388.jpg,连翘,性味苦微寒；归肺心小肠经；功效：清热解毒、疏散风热、消肿散结。
external\cls_chinese_medicine/train/lianqiao/lianqiao_1019.jpg,连翘,性味苦微寒；归肺心小肠经；功效：清热解毒、疏散风热、消肿散结。
external\cls_chinese_medicine/train/lianqiao/lianqiao_0169.jpg,连翘,性味苦微寒；归肺心小肠经；功效：清热解毒、疏散风热、消肿散结。
external\cls_chinese_medicine/train/lianqiao/lianqiao_0646.jpg,连翘,性味苦微寒；归肺心小肠经；功效：清热解毒、疏散风热、消肿散结。
external\cls_chinese_medicine/train/lianqiao/lianqiao_0482.jpg,连翘,性味苦微寒；归肺心小肠经；功效：清热解毒、疏散风热、消肿散结。
external\cls_chinese_medicine/train/lianqiao/lianqiao_0781.jpg,连翘,性味苦微寒；归肺心小肠经；功效：清热解毒、疏散风热、消肿散结。
external\cls_chinese_medicine/train/lianqiao/lianqiao_1287.jpg,连翘,性味苦微寒；归肺心小肠经；功效：清热解毒、疏散风热、消肿散结。
external\cls_chinese_medicine/train/lianqiao/lianqiao_0199.jpg,连翘,性味苦微寒；归肺心小肠经；功效：清热解毒、疏散风热、消肿散结。
external\cls_chinese_medicine/train/lianqiao/lianqiao_0548.jpg,连翘,性味苦微寒；归肺心小肠经；功效：清热解毒、疏散风热、消肿散结。
external\cls_chinese_medicine/train/lianqiao/lianqiao_0065.jpg,连翘,性味苦微寒；归肺心小肠经；功效：清热解毒、疏散风热、消肿散结。
external\cls_chinese_medicine/train/lianqiao/lianqiao_1573.jpg,连翘,性味苦微寒；归肺心小肠经；功效：清热解毒、疏散风热、消肿散结。
external\cls_chinese_medicine/train/lianqiao/lianqiao_0962.jpg,连翘,性味苦微寒；归肺心小肠经；功效：清热解毒、疏散风热、消肿散结。
external\cls_chinese_medicine/train/lianqiao/lianqiao_1299.jpg,连翘,性味苦微寒；归肺心小肠经；功效：清热解毒、疏散风热、消肿散结。
external\cls_chinese_medicine/train/lianqiao/lianqiao_0679.jpg,连翘,性味苦微寒；归肺心小肠经；功效：清热解毒、疏散风热、消肿散结。
external\cls_chinese_medicine/train/lianqiao/lianqiao_0965.jpg,连翘,性味苦微寒；归肺心小肠经；功效：清热解毒、疏散风热、消肿散结。
external\cls_chinese_medicine/train/lianqiao/lianqiao_0857.jpg,连翘,性味苦微寒；归肺心小肠经；功效：清热解毒、疏散风热、消肿散结。
external\cls_chinese_medicine/train/lianqiao/lianqiao_0302.jpg,连翘,性味苦微寒；归肺心小肠经；功效：清热解毒、疏散风热、消肿散结。
external\cls_chinese_medicine/train/lianqiao/lianqiao_0625.jpg,连翘,性味苦微寒；归肺心小肠经；功效：清热解毒、疏散风热、消肿散结。
external\cls_chinese_medicine/train/lianqiao/lianqiao_0227.jpg,连翘,性味苦微寒；归肺心小肠经；功效：清热解毒、疏散风热、消肿散结。
external\cls_chinese_medicine/train/lianqiao/lianqiao_1161.jpg,连翘,性味苦微寒；归肺心小肠经；功效：清热解毒、疏散风热、消肿散结。
external\cls_chinese_medicine/train/lianqiao/lianqiao_1313.jpg,连翘,性味苦微寒；归肺心小肠经；功效：清热解毒、疏散风热、消肿散结。
external\cls_chinese_medicine/train/lianqiao/lianqiao_1095.jpg,连翘,性味苦微寒；归肺心小肠经；功效：清热解毒、疏散风热、消肿散结。
external\cls_chinese_medicine/train/lianqiao/lianqiao_1402.jpg,连翘,性味苦微寒；归肺心小肠经；功效：清热解毒、疏散风热、消肿散结。
external\cls_chinese_medicine/train/lianqiao/lianqiao_1097.jpg,连翘,性味苦微寒；归肺心小肠经；功效：清热解毒、疏散风热、消肿散结。
external\cls_chinese_medicine/train/lianqiao/lianqiao_1339.jpg,连翘,性味苦微寒；归肺心小肠经；功效：清热解毒、疏散风热、消肿散结。
external\cls_chinese_medicine/train/lianqiao/lianqiao_0360.jpg,连翘,性味苦微寒；归肺心小肠经；功效：清热解毒、疏散风热、消肿散结。
external\cls_chinese_medicine/train/lianqiao/lianqiao_0459.jpg,连翘,性味苦微寒；归肺心小肠经；功效：清热解毒、疏散风热、消肿散结。
external\cls_chinese_medicine/train/lianqiao/lianqiao_0697.jpg,连翘,性味苦微寒；归肺心小肠经；功效：清热解毒、疏散风热、消肿散结。
external\cls_chinese_medicine/train/lianqiao/lianqiao_0951.jpg,连翘,性味苦微寒；归肺心小肠经；功效：清热解毒、疏散风热、消肿散结。
external\cls_chinese_medicine/train/lianqiao/lianqiao_0604.jpg,连翘,性味苦微寒；归肺心小肠经；功效：清热解毒、疏散风热、消肿散结。
external\cls_chinese_medicine/train/lianqiao/lianqiao_0832.jpg,连翘,性味苦微寒；归肺心小肠经；功效：清热解毒、疏散风热、消肿散结。
external\cls_chinese_medicine/train/lianqiao/lianqiao_0929.jpg,连翘,性味苦微寒；归肺心小肠经；功效：清热解毒、疏散风热、消肿散结。
external\cls_chinese_medicine/train/lianqiao/lianqiao_0907.jpg,连翘,性味苦微寒；归肺心小肠经；功效：清热解毒、疏散风热、消肿散结。
external\cls_chinese_medicine/train/lianqiao/lianqiao_0581.jpg,连翘,性味苦微寒；归肺心小肠经；功效：清热解毒、疏散风热、消肿散结。
external\cls_chinese_medicine/train/lianqiao/lianqiao_0975.jpg,连翘,性味苦微寒；归肺心小肠经；功效：清热解毒、疏散风热、消肿散结。
external\cls_chinese_medicine/train/lianqiao/lianqiao_0703.jpg,连翘,性味苦微寒；归肺心小肠经；功效：清热解毒、疏散风热、消肿散结。
external\cls_chinese_medicine/train/lianqiao/lianqiao_0506.jpg,连翘,性味苦微寒；归肺心小肠经；功效：清热解毒、疏散风热、消肿散结。
external\cls_chinese_medicine/train/lianqiao/lianqiao_0442.jpg,连翘,性味苦微寒；归肺心小肠经；功效：清热解毒、疏散风热、消肿散结。
external\cls_chinese_medicine/train/lianqiao/lianqiao_1159.jpg,连翘,性味苦微寒；归肺心小肠经；功效：清热解毒、疏散风热、消肿散结。
external\cls_chinese_medicine/train/lianqiao/lianqiao_1080.jpg,连翘,性味苦微寒；归肺心小肠经；功效：清热解毒、疏散风热、消肿散结。
external\cls_chinese_medicine/train/lianqiao/lianqiao_0290.jpg,连翘,性味苦微寒；归肺心小肠经；功效：清热解毒、疏散风热、消肿散结。
external\cls_chinese_medicine/train/lianqiao/lianqiao_1264.jpg,连翘,性味苦微寒；归肺心小肠经；功效：清热解毒、疏散风热、消肿散结。
external\cls_chinese_medicine/train/lianqiao/lianqiao_1255.jpg,连翘,性味苦微寒；归肺心小肠经；功效：清热解毒、疏散风热、消肿散结。
external\cls_chinese_medicine/train/lianqiao/lianqiao_0825.jpg,连翘,性味苦微寒；归肺心小肠经；功效：清热解毒、疏散风热、消肿散结。
external\cls_chinese_medicine/train/lianqiao/lianqiao_0246.jpg,连翘,性味苦微寒；归肺心小肠经；功效：清热解毒、疏散风热、消肿散结。
external\cls_chinese_medicine/train/shouwutengkuai/shouwutengkuai_1284.jpg,首乌藤(shouwutengkuai),性味甘平；归心肝经；功效：养血安神、祛风通络。
external\cls_chinese_medicine/train/shouwutengkuai/shouwutengkuai_0838.jpg,首乌藤(shouwutengkuai),性味甘平；归心肝经；功效：养血安神、祛风通络。
external\cls_chinese_medicine/train/shouwutengkuai/shouwutengkuai_1211.jpg,首乌藤(shouwutengkuai),性味甘平；归心肝经；功效：养血安神、祛风通络。
external\cls_chinese_medicine/train/shouwutengkuai/shouwutengkuai_0548.jpg,首乌藤(shouwutengkuai),性味甘平；归心肝经；功效：养血安神、祛风通络。
external\cls_chinese_medicine/train/shouwutengkuai/shouwutengkuai_0528.jpg,首乌藤(shouwutengkuai),性味甘平；归心肝经；功效：养血安神、祛风通络。
external\cls_chinese_medicine/train/shouwutengkuai/shouwutengkuai_1569.jpg,首乌藤(shouwutengkuai),性味甘平；归心肝经；功效：养血安神、祛风通络。
external\cls_chinese_medicine/train/shouwutengkuai/shouwutengkuai_0536.jpg,首乌藤(shouwutengkuai),性味甘平；归心肝经；功效：养血安神、祛风通络。
external\cls_chinese_medicine/train/shouwutengkuai/shouwutengkuai_0282.jpg,首乌藤(shouwutengkuai),性味甘平；归心肝经；功效：养血安神、祛风通络。
external\cls_chinese_medicine/train/shouwutengkuai/shouwutengkuai_0508.jpg,首乌藤(shouwutengkuai),性味甘平；归心肝经；功效：养血安神、祛风通络。
external\cls_chinese_medicine/train/shouwutengkuai/shouwutengkuai_0066.jpg,首乌藤(shouwutengkuai),性味甘平；归心肝经；功效：养血安神、祛风通络。
external\cls_chinese_medicine/train/shouwutengkuai/shouwutengkuai_0693.jpg,首乌藤(shouwutengkuai),性味甘平；归心肝经；功效：养血安神、祛风通络。
external\cls_chinese_medicine/train/shouwutengkuai/shouwutengkuai_1010.jpg,首乌藤(shouwutengkuai),性味甘平；归心肝经；功效：养血安神、祛风通络。
external\cls_chinese_medicine/train/shouwutengkuai/shouwutengkuai_0744.jpg,首乌藤(shouwutengkuai),性味甘平；归心肝经；功效：养血安神、祛风通络。
external\cls_chinese_medicine/train/shouwutengkuai/shouwutengkuai_0805.jpg,首乌藤(shouwutengkuai),性味甘平；归心肝经；功效：养血安神、祛风通络。
external\cls_chinese_medicine/train/shouwutengkuai/shouwutengkuai_1045.jpg,首乌藤(shouwutengkuai),性味甘平；归心肝经；功效：养血安神、祛风通络。
external\cls_chinese_medicine/train/shouwutengkuai/shouwutengkuai_0689.jpg,首乌藤(shouwutengkuai),性味甘平；归心肝经；功效：养血安神、祛风通络。
external\cls_chinese_medicine/train/shouwutengkuai/shouwutengkuai_0362.jpg,首乌藤(shouwutengkuai),性味甘平；归心肝经；功效：养血安神、祛风通络。
external\cls_chinese_medicine/train/shouwutengkuai/shouwutengkuai_1508.jpg,首乌藤(shouwutengkuai),性味甘平；归心肝经；功效：养血安神、祛风通络。
external\cls_chinese_medicine/train/shouwutengkuai/shouwutengkuai_0030.jpg,首乌藤(shouwutengkuai),性味甘平；归心肝经；功效：养血安神、祛风通络。
external\cls_chinese_medicine/train/shouwutengkuai/shouwutengkuai_0031.jpg,首乌藤(shouwutengkuai),性味甘平；归心肝经；功效：养血安神、祛风通络。
external\cls_chinese_medicine/train/shouwutengkuai/shouwutengkuai_1590.jpg,首乌藤(shouwutengkuai),性味甘平；归心肝经；功效：养血安神、祛风通络。
external\cls_chinese_medicine/train/shouwutengkuai/shouwutengkuai_1612.jpg,首乌藤(shouwutengkuai),性味甘平；归心肝经；功效：养血安神、祛风通络。
external\cls_chinese_medicine/train/shouwutengkuai/shouwutengkuai_0541.jpg,首乌藤(shouwutengkuai),性味甘平；归心肝经；功效：养血安神、祛风通络。
external\cls_chinese_medicine/train/shouwutengkuai/shouwutengkuai_0684.jpg,首乌藤(shouwutengkuai),性味甘平；归心肝经；功效：养血安神、祛风通络。
external\cls_chinese_medicine/train/shouwutengkuai/shouwutengkuai_1571.jpg,首乌藤(shouwutengkuai),性味甘平；归心肝经；功效：养血安神、祛风通络。
external\cls_chinese_medicine/train/shouwutengkuai/shouwutengkuai_0845.jpg,首乌藤(shouwutengkuai),性味甘平；归心肝经；功效：养血安神、祛风通络。
external\cls_chinese_medicine/train/shouwutengkuai/shouwutengkuai_1055.jpg,首乌藤(shouwutengkuai),性味甘平；归心肝经；功效：养血安神、祛风通络。
external\cls_chinese_medicine/train/shouwutengkuai/shouwutengkuai_0333.jpg,首乌藤(shouwutengkuai),性味甘平；归心肝经；功效：养血安神、祛风通络。
external\cls_chinese_medicine/train/shouwutengkuai/shouwutengkuai_1432.jpg,首乌藤(shouwutengkuai),性味甘平；归心肝经；功效：养血安神、祛风通络。
external\cls_chinese_medicine/train/shouwutengkuai/shouwutengkuai_0596.jpg,首乌藤(shouwutengkuai),性味甘平；归心肝经；功效：养血安神、祛风通络。
external\cls_chinese_medicine/train/shouwutengkuai/shouwutengkuai_0060.jpg,首乌藤(shouwutengkuai),性味甘平；归心肝经；功效：养血安神、祛风通络。
external\cls_chinese_medicine/train/shouwutengkuai/shouwutengkuai_1205.jpg,首乌藤(shouwutengkuai),性味甘平；归心肝经；功效：养血安神、祛风通络。
external\cls_chinese_medicine/train/shouwutengkuai/shouwutengkuai_0726.jpg,首乌藤(shouwutengkuai),性味甘平；归心肝经；功效：养血安神、祛风通络。
external\cls_chinese_medicine/train/shouwutengkuai/shouwutengkuai_0844.jpg,首乌藤(shouwutengkuai),性味甘平；归心肝经；功效：养血安神、祛风通络。
external\cls_chinese_medicine/train/shouwutengkuai/shouwutengkuai_0812.jpg,首乌藤(shouwutengkuai),性味甘平；归心肝经；功效：养血安神、祛风通络。
external\cls_chinese_medicine/train/shouwutengkuai/shouwutengkuai_0729.jpg,首乌藤(shouwutengkuai),性味甘平；归心肝经；功效：养血安神、祛风通络。
external\cls_chinese_medicine/train/shouwutengkuai/shouwutengkuai_0917.jpg,首乌藤(shouwutengkuai),性味甘平；归心肝经；功效：养血安神、祛风通络。
external\cls_chinese_medicine/train/shouwutengkuai/shouwutengkuai_0634.jpg,首乌藤(shouwutengkuai),性味甘平；归心肝经；功效：养血安神、祛风通络。
external\cls_chinese_medicine/train/shouwutengkuai/shouwutengkuai_0514.jpg,首乌藤(shouwutengkuai),性味甘平；归心肝经；功效：养血安神、祛风通络。
external\cls_chinese_medicine/train/shouwutengkuai/shouwutengkuai_0024.jpg,首乌藤(shouwutengkuai),性味甘平；归心肝经；功效：养血安神、祛风通络。
external\cls_chinese_medicine/train/shouwutengkuai/shouwutengkuai_0386.jpg,首乌藤(shouwutengkuai),性味甘平；归心肝经；功效：养血安神、祛风通络。
external\cls_chinese_medicine/train/shouwutengkuai/shouwutengkuai_0033.jpg,首乌藤(shouwutengkuai),性味甘平；归心肝经；功效：养血安神、祛风通络。
external\cls_chinese_medicine/train/shouwutengkuai/shouwutengkuai_0968.jpg,首乌藤(shouwutengkuai),性味甘平；归心肝经；功效：养血安神、祛风通络。
external\cls_chinese_medicine/train/shouwutengkuai/shouwutengkuai_1341.jpg,首乌藤(shouwutengkuai),性味甘平；归心肝经；功效：养血安神、祛风通络。
external\cls_chinese_medicine/train/shouwutengkuai/shouwutengkuai_0621.jpg,首乌藤(shouwutengkuai),性味甘平；归心肝经；功效：养血安神、祛风通络。
external\cls_chinese_medicine/train/shouwutengkuai/shouwutengkuai_1058.jpg,首乌藤(shouwutengkuai),性味甘平；归心肝经；功效：养血安神、祛风通络。
external\cls_chinese_medicine/train/shouwutengkuai/shouwutengkuai_0807.jpg,首乌藤(shouwutengkuai),性味甘平；归心肝经；功效：养血安神、祛风通络。
external\cls_chinese_medicine/train/shouwutengkuai/shouwutengkuai_0355.jpg,首乌藤(shouwutengkuai),性味甘平；归心肝经；功效：养血安神、祛风通络。
external\cls_chinese_medicine/train/shouwutengkuai/shouwutengkuai_1161.jpg,首乌藤(shouwutengkuai),性味甘平；归心肝经；功效：养血安神、祛风通络。
external\cls_chinese_medicine/train/shouwutengkuai/shouwutengkuai_1165.jpg,首乌藤(shouwutengkuai),性味甘平；归心肝经；功效：养血安神、祛风通络。
external\cls_chinese_medicine/train/shouwutengkuai/shouwutengkuai_0177.jpg,首乌藤(shouwutengkuai),性味甘平；归心肝经；功效：养血安神、祛风通络。
external\cls_chinese_medicine/train/shouwutengkuai/shouwutengkuai_1029.jpg,首乌藤(shouwutengkuai),性味甘平；归心肝经；功效：养血安神、祛风通络。
external\cls_chinese_medicine/train/shouwutengkuai/shouwutengkuai_0392.jpg,首乌藤(shouwutengkuai),性味甘平；归心肝经；功效：养血安神、祛风通络。
external\cls_chinese_medicine/train/shouwutengkuai/shouwutengkuai_0647.jpg,首乌藤(shouwutengkuai),性味甘平；归心肝经；功效：养血安神、祛风通络。
external\cls_chinese_medicine/train/shouwutengkuai/shouwutengkuai_1020.jpg,首乌藤(shouwutengkuai),性味甘平；归心肝经；功效：养血安神、祛风通络。
external\cls_chinese_medicine/train/shouwutengkuai/shouwutengkuai_0648.jpg,首乌藤(shouwutengkuai),性味甘平；归心肝经；功效：养血安神、祛风通络。
external\cls_chinese_medicine/train/shouwutengkuai/shouwutengkuai_0728.jpg,首乌藤(shouwutengkuai),性味甘平；归心肝经；功效：养血安神、祛风通络。
external\cls_chinese_medicine/train/shouwutengkuai/shouwutengkuai_0145.jpg,首乌藤(shouwutengkuai),性味甘平；归心肝经；功效：养血安神、祛风通络。
external\cls_chinese_medicine/train/shouwutengkuai/shouwutengkuai_1309.jpg,首乌藤(shouwutengkuai),性味甘平；归心肝经；功效：养血安神、祛风通络。
external\cls_chinese_medicine/train/shouwutengkuai/shouwutengkuai_0244.jpg,首乌藤(shouwutengkuai),性味甘平；归心肝经；功效：养血安神、祛风通络。
external\cls_chinese_medicine/train/shouwutengkuai/shouwutengkuai_1091.jpg,首乌藤(shouwutengkuai),性味甘平；归心肝经；功效：养血安神、祛风通络。
external\cls_chinese_medicine/train/shouwutengkuai/shouwutengkuai_0166.jpg,首乌藤(shouwutengkuai),性味甘平；归心肝经；功效：养血安神、祛风通络。
external\cls_chinese_medicine/train/shouwutengkuai/shouwutengkuai_1019.jpg,首乌藤(shouwutengkuai),性味甘平；归心肝经；功效：养血安神、祛风通络。
external\cls_chinese_medicine/train/shouwutengkuai/shouwutengkuai_1468.jpg,首乌藤(shouwutengkuai),性味甘平；归心肝经；功效：养血安神、祛风通络。
external\cls_chinese_medicine/train/shouwutengkuai/shouwutengkuai_1079.jpg,首乌藤(shouwutengkuai),性味甘平；归心肝经；功效：养血安神、祛风通络。
external\cls_chinese_medicine/train/shouwutengkuai/shouwutengkuai_1317.jpg,首乌藤(shouwutengkuai),性味甘平；归心肝经；功效：养血安神、祛风通络。
external\cls_chinese_medicine/train/shouwutengkuai/shouwutengkuai_1026.jpg,首乌藤(shouwutengkuai),性味甘平；归心肝经；功效：养血安神、祛风通络。
external\cls_chinese_medicine/train/shouwutengkuai/shouwutengkuai_0224.jpg,首乌藤(shouwutengkuai),性味甘平；归心肝经；功效：养血安神、祛风通络。
external\cls_chinese_medicine/train/shouwutengkuai/shouwutengkuai_1307.jpg,首乌藤(shouwutengkuai),性味甘平；归心肝经；功效：养血安神、祛风通络。
external\cls_chinese_medicine/train/shouwutengkuai/shouwutengkuai_0452.jpg,首乌藤(shouwutengkuai),性味甘平；归心肝经；功效：养血安神、祛风通络。
external\cls_chinese_medicine/train/shouwutengkuai/shouwutengkuai_0395.jpg,首乌藤(shouwutengkuai),性味甘平；归心肝经；功效：养血安神、祛风通络。
external\cls_chinese_medicine/train/shouwutengkuai/shouwutengkuai_0307.jpg,首乌藤(shouwutengkuai),性味甘平；归心肝经；功效：养血安神、祛风通络。
external\cls_chinese_medicine/train/shouwutengkuai/shouwutengkuai_0252.jpg,首乌藤(shouwutengkuai),性味甘平；归心肝经；功效：养血安神、祛风通络。
external\cls_chinese_medicine/train/shouwutengkuai/shouwutengkuai_1583.jpg,首乌藤(shouwutengkuai),性味甘平；归心肝经；功效：养血安神、祛风通络。
external\cls_chinese_medicine/train/shouwutengkuai/shouwutengkuai_1228.jpg,首乌藤(shouwutengkuai),性味甘平；归心肝经；功效：养血安神、祛风通络。
external\cls_chinese_medicine/train/shouwutengkuai/shouwutengkuai_1175.jpg,首乌藤(shouwutengkuai),性味甘平；归心肝经；功效：养血安神、祛风通络。
external\cls_chinese_medicine/train/shouwutengkuai/shouwutengkuai_0268.jpg,首乌藤(shouwutengkuai),性味甘平；归心肝经；功效：养血安神、祛风通络。
external\cls_chinese_medicine/train/shouwutengkuai/shouwutengkuai_0527.jpg,首乌藤(shouwutengkuai),性味甘平；归心肝经；功效：养血安神、祛风通络。
external\cls_chinese_medicine/train/shouwutengkuai/shouwutengkuai_0342.jpg,首乌藤(shouwutengkuai),性味甘平；归心肝经；功效：养血安神、祛风通络。
external\cls_chinese_medicine/train/shouwutengkuai/shouwutengkuai_0918.jpg,首乌藤(shouwutengkuai),性味甘平；归心肝经；功效：养血安神、祛风通络。
external\cls_chinese_medicine/train/shouwutengkuai/shouwutengkuai_0482.jpg,首乌藤(shouwutengkuai),性味甘平；归心肝经；功效：养血安神、祛风通络。
external\cls_chinese_medicine/train/shouwutengkuai/shouwutengkuai_1033.jpg,首乌藤(shouwutengkuai),性味甘平；归心肝经；功效：养血安神、祛风通络。
external\cls_chinese_medicine/train/shouwutengkuai/shouwutengkuai_0549.jpg,首乌藤(shouwutengkuai),性味甘平；归心肝经；功效：养血安神、祛风通络。
external\cls_chinese_medicine/train/shouwutengkuai/shouwutengkuai_1267.jpg,首乌藤(shouwutengkuai),性味甘平；归心肝经；功效：养血安神、祛风通络。
external\cls_chinese_medicine/train/shouwutengkuai/shouwutengkuai_0350.jpg,首乌藤(shouwutengkuai),性味甘平；归心肝经；功效：养血安神、祛风通络。
external\cls_chinese_medicine/train/shouwutengkuai/shouwutengkuai_0566.jpg,首乌藤(shouwutengkuai),性味甘平；归心肝经；功效：养血安神、祛风通络。
external\cls_chinese_medicine/train/shouwutengkuai/shouwutengkuai_0446.jpg,首乌藤(shouwutengkuai),性味甘平；归心肝经；功效：养血安神、祛风通络。
external\cls_chinese_medicine/train/shouwutengkuai/shouwutengkuai_1201.jpg,首乌藤(shouwutengkuai),性味甘平；归心肝经；功效：养血安神、祛风通络。
external\cls_chinese_medicine/train/shouwutengkuai/shouwutengkuai_0935.jpg,首乌藤(shouwutengkuai),性味甘平；归心肝经；功效：养血安神、祛风通络。
external\cls_chinese_medicine/train/shouwutengkuai/shouwutengkuai_0050.jpg,首乌藤(shouwutengkuai),性味甘平；归心肝经；功效：养血安神、祛风通络。
external\cls_chinese_medicine/train/shouwutengkuai/shouwutengkuai_0249.jpg,首乌藤(shouwutengkuai),性味甘平；归心肝经；功效：养血安神、祛风通络。
external\cls_chinese_medicine/train/shouwutengkuai/shouwutengkuai_0546.jpg,首乌藤(shouwutengkuai),性味甘平；归心肝经；功效：养血安神、祛风通络。
external\cls_chinese_medicine/train/shouwutengkuai/shouwutengkuai_0365.jpg,首乌藤(shouwutengkuai),性味甘平；归心肝经；功效：养血安神、祛风通络。
external\cls_chinese_medicine/train/shouwutengkuai/shouwutengkuai_1351.jpg,首乌藤(shouwutengkuai),性味甘平；归心肝经；功效：养血安神、祛风通络。
external\cls_chinese_medicine/train/shouwutengkuai/shouwutengkuai_1150.jpg,首乌藤(shouwutengkuai),性味甘平；归心肝经；功效：养血安神、祛风通络。
external\cls_chinese_medicine/train/shouwutengkuai/shouwutengkuai_0306.jpg,首乌藤(shouwutengkuai),性味甘平；归心肝经；功效：养血安神、祛风通络。
external\cls_chinese_medicine/train/shouwutengkuai/shouwutengkuai_0788.jpg,首乌藤(shouwutengkuai),性味甘平；归心肝经；功效：养血安神、祛风通络。
external\cls_chinese_medicine/train/shouwutengkuai/shouwutengkuai_0207.jpg,首乌藤(shouwutengkuai),性味甘平；归心肝经；功效：养血安神、祛风通络。
external\cls_chinese_medicine/train/shouwutengkuai/shouwutengkuai_0102.jpg,首乌藤(shouwutengkuai),性味甘平；归心肝经；功效：养血安神、祛风通络。
external\cls_chinese_medicine/train/shouwutengkuai/shouwutengkuai_0606.jpg,首乌藤(shouwutengkuai),性味甘平；归心肝经；功效：养血安神、祛风通络。
external\cls_chinese_medicine/train/shouwutengkuai/shouwutengkuai_1156.jpg,首乌藤(shouwutengkuai),性味甘平；归心肝经；功效：养血安神、祛风通络。
external\cls_chinese_medicine/train/shouwutengkuai/shouwutengkuai_0743.jpg,首乌藤(shouwutengkuai),性味甘平；归心肝经；功效：养血安神、祛风通络。
external\cls_chinese_medicine/train/shouwutengkuai/shouwutengkuai_0312.jpg,首乌藤(shouwutengkuai),性味甘平；归心肝经；功效：养血安神、祛风通络。
external\cls_chinese_medicine/train/shouwutengkuai/shouwutengkuai_1374.jpg,首乌藤(shouwutengkuai),性味甘平；归心肝经；功效：养血安神、祛风通络。
external\cls_chinese_medicine/train/shouwutengkuai/shouwutengkuai_1336.jpg,首乌藤(shouwutengkuai),性味甘平；归心肝经；功效：养血安神、祛风通络。
external\cls_chinese_medicine/train/shouwutengkuai/shouwutengkuai_0465.jpg,首乌藤(shouwutengkuai),性味甘平；归心肝经；功效：养血安神、祛风通络。
external\cls_chinese_medicine/train/shouwutengkuai/shouwutengkuai_0767.jpg,首乌藤(shouwutengkuai),性味甘平；归心肝经；功效：养血安神、祛风通络。
external\cls_chinese_medicine/train/shouwutengkuai/shouwutengkuai_0495.jpg,首乌藤(shouwutengkuai),性味甘平；归心肝经；功效：养血安神、祛风通络。
external\cls_chinese_medicine/train/shouwutengkuai/shouwutengkuai_0393.jpg,首乌藤(shouwutengkuai),性味甘平；归心肝经；功效：养血安神、祛风通络。
external\cls_chinese_medicine/train/shouwutengkuai/shouwutengkuai_0128.jpg,首乌藤(shouwutengkuai),性味甘平；归心肝经；功效：养血安神、祛风通络。
external\cls_chinese_medicine/train/shouwutengkuai/shouwutengkuai_0283.jpg,首乌藤(shouwutengkuai),性味甘平；归心肝经；功效：养血安神、祛风通络。
external\cls_chinese_medicine/train/shouwutengkuai/shouwutengkuai_0353.jpg,首乌藤(shouwutengkuai),性味甘平；归心肝经；功效：养血安神、祛风通络。
external\cls_chinese_medicine/train/shouwutengkuai/shouwutengkuai_0189.jpg,首乌藤(shouwutengkuai),性味甘平；归心肝经；功效：养血安神、祛风通络。
external\cls_chinese_medicine/train/shouwutengkuai/shouwutengkuai_0188.jpg,首乌藤(shouwutengkuai),性味甘平；归心肝经；功效：养血安神、祛风通络。
external\cls_chinese_medicine/train/shouwutengkuai/shouwutengkuai_0309.jpg,首乌藤(shouwutengkuai),性味甘平；归心肝经；功效：养血安神、祛风通络。
external\cls_chinese_medicine/train/shouwutengkuai/shouwutengkuai_0052.jpg,首乌藤(shouwutengkuai),性味甘平；归心肝经；功效：养血安神、祛风通络。
external\cls_chinese_medicine/train/shouwutengkuai/shouwutengkuai_0072.jpg,首乌藤(shouwutengkuai),性味甘平；归心肝经；功效：养血安神、祛风通络。
external\cls_chinese_medicine/train/shouwutengkuai/shouwutengkuai_0669.jpg,首乌藤(shouwutengkuai),性味甘平；归心肝经；功效：养血安神、祛风通络。
external\cls_chinese_medicine/train/shouwutengkuai/shouwutengkuai_0703.jpg,首乌藤(shouwutengkuai),性味甘平；归心肝经；功效：养血安神、祛风通络。
external\cls_chinese_medicine/train/shouwutengkuai/shouwutengkuai_0078.jpg,首乌藤(shouwutengkuai),性味甘平；归心肝经；功效：养血安神、祛风通络。
external\cls_chinese_medicine/train/shouwutengkuai/shouwutengkuai_0532.jpg,首乌藤(shouwutengkuai),性味甘平；归心肝经；功效：养血安神、祛风通络。
external\cls_chinese_medicine/train/shouwutengkuai/shouwutengkuai_0688.jpg,首乌藤(shouwutengkuai),性味甘平；归心肝经；功效：养血安神、祛风通络。
external\cls_chinese_medicine/train/shouwutengkuai/shouwutengkuai_0961.jpg,首乌藤(shouwutengkuai),性味甘平；归心肝经；功效：养血安神、祛风通络。
external\cls_chinese_medicine/train/shouwutengkuai/shouwutengkuai_0257.jpg,首乌藤(shouwutengkuai),性味甘平；归心肝经；功效：养血安神、祛风通络。
external\cls_chinese_medicine/train/shouwutengkuai/shouwutengkuai_0956.jpg,首乌藤(shouwutengkuai),性味甘平；归心肝经；功效：养血安神、祛风通络。
external\cls_chinese_medicine/train/shouwutengkuai/shouwutengkuai_0753.jpg,首乌藤(shouwutengkuai),性味甘平；归心肝经；功效：养血安神、祛风通络。
external\cls_chinese_medicine/train/shouwutengkuai/shouwutengkuai_0945.jpg,首乌藤(shouwutengkuai),性味甘平；归心肝经；功效：养血安神、祛风通络。
external\cls_chinese_medicine/train/shouwutengkuai/shouwutengkuai_0071.jpg,首乌藤(shouwutengkuai),性味甘平；归心肝经；功效：养血安神、祛风通络。
external\cls_chinese_medicine/train/shouwutengkuai/shouwutengkuai_0127.jpg,首乌藤(shouwutengkuai),性味甘平；归心肝经；功效：养血安神、祛风通络。
external\cls_chinese_medicine/train/shouwutengkuai/shouwutengkuai_1493.jpg,首乌藤(shouwutengkuai),性味甘平；归心肝经；功效：养血安神、祛风通络。
external\cls_chinese_medicine/train/shouwutengkuai/shouwutengkuai_0139.jpg,首乌藤(shouwutengkuai),性味甘平；归心肝经；功效：养血安神、祛风通络。
external\cls_chinese_medicine/train/shouwutengkuai/shouwutengkuai_1123.jpg,首乌藤(shouwutengkuai),性味甘平；归心肝经；功效：养血安神、祛风通络。
external\cls_chinese_medicine/train/shouwutengkuai/shouwutengkuai_1179.jpg,首乌藤(shouwutengkuai),性味甘平；归心肝经；功效：养血安神、祛风通络。
external\cls_chinese_medicine/train/shouwutengkuai/shouwutengkuai_1316.jpg,首乌藤(shouwutengkuai),性味甘平；归心肝经；功效：养血安神、祛风通络。
external\cls_chinese_medicine/train/shouwutengkuai/shouwutengkuai_0994.jpg,首乌藤(shouwutengkuai),性味甘平；归心肝经；功效：养血安神、祛风通络。
external\cls_chinese_medicine/train/shouwutengkuai/shouwutengkuai_1290.jpg,首乌藤(shouwutengkuai),性味甘平；归心肝经；功效：养血安神、祛风通络。
external\cls_chinese_medicine/train/shouwutengkuai/shouwutengkuai_0068.jpg,首乌藤(shouwutengkuai),性味甘平；归心肝经；功效：养血安神、祛风通络。
external\cls_chinese_medicine/train/shouwutengkuai/shouwutengkuai_0733.jpg,首乌藤(shouwutengkuai),性味甘平；归心肝经；功效：养血安神、祛风通络。
external\cls_chinese_medicine/train/shouwutengkuai/shouwutengkuai_0887.jpg,首乌藤(shouwutengkuai),性味甘平；归心肝经；功效：养血安神、祛风通络。
external\cls_chinese_medicine/train/shouwutengkuai/shouwutengkuai_1254.jpg,首乌藤(shouwutengkuai),性味甘平；归心肝经；功效：养血安神、祛风通络。
external\cls_chinese_medicine/train/shouwutengkuai/shouwutengkuai_0673.jpg,首乌藤(shouwutengkuai),性味甘平；归心肝经；功效：养血安神、祛风通络。
external\cls_chinese_medicine/train/shouwutengkuai/shouwutengkuai_0569.jpg,首乌藤(shouwutengkuai),性味甘平；归心肝经；功效：养血安神、祛风通络。
external\cls_chinese_medicine/train/shouwutengkuai/shouwutengkuai_0467.jpg,首乌藤(shouwutengkuai),性味甘平；归心肝经；功效：养血安神、祛风通络。
external\cls_chinese_medicine/train/shouwutengkuai/shouwutengkuai_1352.jpg,首乌藤(shouwutengkuai),性味甘平；归心肝经；功效：养血安神、祛风通络。
external\cls_chinese_medicine/train/shouwutengkuai/shouwutengkuai_1461.jpg,首乌藤(shouwutengkuai),性味甘平；归心肝经；功效：养血安神、祛风通络。
external\cls_chinese_medicine/train/shouwutengkuai/shouwutengkuai_1148.jpg,首乌藤(shouwutengkuai),性味甘平；归心肝经；功效：养血安神、祛风通络。
external\cls_chinese_medicine/train/shouwutengkuai/shouwutengkuai_0242.jpg,首乌藤(shouwutengkuai),性味甘平；归心肝经；功效：养血安神、祛风通络。
external\cls_chinese_medicine/train/shouwutengkuai/shouwutengkuai_1152.jpg,首乌藤(shouwutengkuai),性味甘平；归心肝经；功效：养血安神、祛风通络。
external\cls_chinese_medicine/train/shouwutengkuai/shouwutengkuai_0363.jpg,首乌藤(shouwutengkuai),性味甘平；归心肝经；功效：养血安神、祛风通络。
external\cls_chinese_medicine/train/shouwutengkuai/shouwutengkuai_1068.jpg,首乌藤(shouwutengkuai),性味甘平；归心肝经；功效：养血安神、祛风通络。
external\cls_chinese_medicine/train/shouwutengkuai/shouwutengkuai_1402.jpg,首乌藤(shouwutengkuai),性味甘平；归心肝经；功效：养血安神、祛风通络。
external\cls_chinese_medicine/train/shouwutengkuai/shouwutengkuai_0383.jpg,首乌藤(shouwutengkuai),性味甘平；归心肝经；功效：养血安神、祛风通络。
external\cls_chinese_medicine/train/shouwutengkuai/shouwutengkuai_0428.jpg,首乌藤(shouwutengkuai),性味甘平；归心肝经；功效：养血安神、祛风通络。
external\cls_chinese_medicine/train/shouwutengkuai/shouwutengkuai_0781.jpg,首乌藤(shouwutengkuai),性味甘平；归心肝经；功效：养血安神、祛风通络。
external\cls_chinese_medicine/train/shouwutengkuai/shouwutengkuai_0636.jpg,首乌藤(shouwutengkuai),性味甘平；归心肝经；功效：养血安神、祛风通络。
external\cls_chinese_medicine/train/shouwutengkuai/shouwutengkuai_1585.jpg,首乌藤(shouwutengkuai),性味甘平；归心肝经；功效：养血安神、祛风通络。
external\cls_chinese_medicine/train/shouwutengkuai/shouwutengkuai_0912.jpg,首乌藤(shouwutengkuai),性味甘平；归心肝经；功效：养血安神、祛风通络。
external\cls_chinese_medicine/train/shouwutengkuai/shouwutengkuai_0722.jpg,首乌藤(shouwutengkuai),性味甘平；归心肝经；功效：养血安神、祛风通络。
external\cls_chinese_medicine/train/shouwutengkuai/shouwutengkuai_0172.jpg,首乌藤(shouwutengkuai),性味甘平；归心肝经；功效：养血安神、祛风通络。
external\cls_chinese_medicine/train/shouwutengkuai/shouwutengkuai_0202.jpg,首乌藤(shouwutengkuai),性味甘平；归心肝经；功效：养血安神、祛风通络。
external\cls_chinese_medicine/train/shouwutengkuai/shouwutengkuai_1443.jpg,首乌藤(shouwutengkuai),性味甘平；归心肝经；功效：养血安神、祛风通络。
external\cls_chinese_medicine/train/shouwutengkuai/shouwutengkuai_0441.jpg,首乌藤(shouwutengkuai),性味甘平；归心肝经；功效：养血安神、祛风通络。
external\cls_chinese_medicine/train/shouwutengkuai/shouwutengkuai_0655.jpg,首乌藤(shouwutengkuai),性味甘平；归心肝经；功效：养血安神、祛风通络。
external\cls_chinese_medicine/train/shouwutengkuai/shouwutengkuai_0796.jpg,首乌藤(shouwutengkuai),性味甘平；归心肝经；功效：养血安神、祛风通络。
external\cls_chinese_medicine/train/shouwutengkuai/shouwutengkuai_0874.jpg,首乌藤(shouwutengkuai),性味甘平；归心肝经；功效：养血安神、祛风通络。
external\cls_chinese_medicine/train/shouwutengkuai/shouwutengkuai_0341.jpg,首乌藤(shouwutengkuai),性味甘平；归心肝经；功效：养血安神、祛风通络。
external\cls_chinese_medicine/train/shouwutengkuai/shouwutengkuai_1100.jpg,首乌藤(shouwutengkuai),性味甘平；归心肝经；功效：养血安神、祛风通络。
external\cls_chinese_medicine/train/shouwutengkuai/shouwutengkuai_0325.jpg,首乌藤(shouwutengkuai),性味甘平；归心肝经；功效：养血安神、祛风通络。
external\cls_chinese_medicine/train/shouwutengkuai/shouwutengkuai_0424.jpg,首乌藤(shouwutengkuai),性味甘平；归心肝经；功效：养血安神、祛风通络。
external\cls_chinese_medicine/train/shouwutengkuai/shouwutengkuai_0863.jpg,首乌藤(shouwutengkuai),性味甘平；归心肝经；功效：养血安神、祛风通络。
external\cls_chinese_medicine/train/shouwutengkuai/shouwutengkuai_1110.jpg,首乌藤(shouwutengkuai),性味甘平；归心肝经；功效：养血安神、祛风通络。
external\cls_chinese_medicine/train/shouwutengkuai/shouwutengkuai_0266.jpg,首乌藤(shouwutengkuai),性味甘平；归心肝经；功效：养血安神、祛风通络。
external\cls_chinese_medicine/train/shouwutengkuai/shouwutengkuai_1615.jpg,首乌藤(shouwutengkuai),性味甘平；归心肝经；功效：养血安神、祛风通络。
external\cls_chinese_medicine/train/shouwutengkuai/shouwutengkuai_0045.jpg,首乌藤(shouwutengkuai),性味甘平；归心肝经；功效：养血安神、祛风通络。
external\cls_chinese_medicine/train/shouwutengkuai/shouwutengkuai_0245.jpg,首乌藤(shouwutengkuai),性味甘平；归心肝经；功效：养血安神、祛风通络。
external\cls_chinese_medicine/train/shouwutengkuai/shouwutengkuai_0298.jpg,首乌藤(shouwutengkuai),性味甘平；归心肝经；功效：养血安神、祛风通络。
external\cls_chinese_medicine/train/shouwutengkuai/shouwutengkuai_0778.jpg,首乌藤(shouwutengkuai),性味甘平；归心肝经；功效：养血安神、祛风通络。
external\cls_chinese_medicine/train/shouwutengkuai/shouwutengkuai_1475.jpg,首乌藤(shouwutengkuai),性味甘平；归心肝经；功效：养血安神、祛风通络。
external\cls_chinese_medicine/train/shouwutengkuai/shouwutengkuai_0558.jpg,首乌藤(shouwutengkuai),性味甘平；归心肝经；功效：养血安神、祛风通络。
external\cls_chinese_medicine/train/shouwutengkuai/shouwutengkuai_1124.jpg,首乌藤(shouwutengkuai),性味甘平；归心肝经；功效：养血安神、祛风通络。
external\cls_chinese_medicine/train/shouwutengkuai/shouwutengkuai_0315.jpg,首乌藤(shouwutengkuai),性味甘平；归心肝经；功效：养血安神、祛风通络。
external\cls_chinese_medicine/train/shouwutengkuai/shouwutengkuai_1056.jpg,首乌藤(shouwutengkuai),性味甘平；归心肝经；功效：养血安神、祛风通络。
external\cls_chinese_medicine/train/shouwutengkuai/shouwutengkuai_0118.jpg,首乌藤(shouwutengkuai),性味甘平；归心肝经；功效：养血安神、祛风通络。
external\cls_chinese_medicine/train/shouwutengkuai/shouwutengkuai_0361.jpg,首乌藤(shouwutengkuai),性味甘平；归心肝经；功效：养血安神、祛风通络。
external\cls_chinese_medicine/train/shouwutengkuai/shouwutengkuai_1547.jpg,首乌藤(shouwutengkuai),性味甘平；归心肝经；功效：养血安神、祛风通络。
external\cls_chinese_medicine/train/shouwutengkuai/shouwutengkuai_1324.jpg,首乌藤(shouwutengkuai),性味甘平；归心肝经；功效：养血安神、祛风通络。
external\cls_chinese_medicine/train/shouwutengkuai/shouwutengkuai_0179.jpg,首乌藤(shouwutengkuai),性味甘平；归心肝经；功效：养血安神、祛风通络。
external\cls_chinese_medicine/train/shouwutengkuai/shouwutengkuai_1382.jpg,首乌藤(shouwutengkuai),性味甘平；归心肝经；功效：养血安神、祛风通络。
external\cls_chinese_medicine/train/shouwutengkuai/shouwutengkuai_0497.jpg,首乌藤(shouwutengkuai),性味甘平；归心肝经；功效：养血安神、祛风通络。
external\cls_chinese_medicine/train/shouwutengkuai/shouwutengkuai_0372.jpg,首乌藤(shouwutengkuai),性味甘平；归心肝经；功效：养血安神、祛风通络。
external\cls_chinese_medicine/train/shouwutengkuai/shouwutengkuai_1550.jpg,首乌藤(shouwutengkuai),性味甘平；归心肝经；功效：养血安神、祛风通络。
external\cls_chinese_medicine/train/shouwutengkuai/shouwutengkuai_0080.jpg,首乌藤(shouwutengkuai),性味甘平；归心肝经；功效：养血安神、祛风通络。
external\cls_chinese_medicine/train/shouwutengkuai/shouwutengkuai_0698.jpg,首乌藤(shouwutengkuai),性味甘平；归心肝经；功效：养血安神、祛风通络。
external\cls_chinese_medicine/train/shouwutengkuai/shouwutengkuai_1495.jpg,首乌藤(shouwutengkuai),性味甘平；归心肝经；功效：养血安神、祛风通络。
external\cls_chinese_medicine/train/shouwutengkuai/shouwutengkuai_1538.jpg,首乌藤(shouwutengkuai),性味甘平；归心肝经；功效：养血安神、祛风通络。
external\cls_chinese_medicine/train/shouwutengkuai/shouwutengkuai_1114.jpg,首乌藤(shouwutengkuai),性味甘平；归心肝经；功效：养血安神、祛风通络。
external\cls_chinese_medicine/train/shouwutengkuai/shouwutengkuai_0981.jpg,首乌藤(shouwutengkuai),性味甘平；归心肝经；功效：养血安神、祛风通络。
external\cls_chinese_medicine/train/shouwutengkuai/shouwutengkuai_0764.jpg,首乌藤(shouwutengkuai),性味甘平；归心肝经；功效：养血安神、祛风通络。
external\cls_chinese_medicine/train/shouwutengkuai/shouwutengkuai_0016.jpg,首乌藤(shouwutengkuai),性味甘平；归心肝经；功效：养血安神、祛风通络。
external\cls_chinese_medicine/train/shouwutengkuai/shouwutengkuai_0639.jpg,首乌藤(shouwutengkuai),性味甘平；归心肝经；功效：养血安神、祛风通络。
external\cls_chinese_medicine/train/shouwutengkuai/shouwutengkuai_0436.jpg,首乌藤(shouwutengkuai),性味甘平；归心肝经；功效：养血安神、祛风通络。
external\cls_chinese_medicine/train/shouwutengkuai/shouwutengkuai_0394.jpg,首乌藤(shouwutengkuai),性味甘平；归心肝经；功效：养血安神、祛风通络。
external\cls_chinese_medicine/train/shouwutengkuai/shouwutengkuai_1325.jpg,首乌藤(shouwutengkuai),性味甘平；归心肝经；功效：养血安神、祛风通络。
external\cls_chinese_medicine/train/shouwutengkuai/shouwutengkuai_1231.jpg,首乌藤(shouwutengkuai),性味甘平；归心肝经；功效：养血安神、祛风通络。
external\cls_chinese_medicine/train/shouwutengkuai/shouwutengkuai_1243.jpg,首乌藤(shouwutengkuai),性味甘平；归心肝经；功效：养血安神、祛风通络。
external\cls_chinese_medicine/train/shouwutengkuai/shouwutengkuai_1610.jpg,首乌藤(shouwutengkuai),性味甘平；归心肝经；功效：养血安神、祛风通络。
external\cls_chinese_medicine/train/shouwutengkuai/shouwutengkuai_0602.jpg,首乌藤(shouwutengkuai),性味甘平；归心肝经；功效：养血安神、祛风通络。
external\cls_chinese_medicine/train/shouwutengkuai/shouwutengkuai_0919.jpg,首乌藤(shouwutengkuai),性味甘平；归心肝经；功效：养血安神、祛风通络。
external\cls_chinese_medicine/train/shouwutengkuai/shouwutengkuai_0979.jpg,首乌藤(shouwutengkuai),性味甘平；归心肝经；功效：养血安神、祛风通络。
external\cls_chinese_medicine/train/shouwutengkuai/shouwutengkuai_1271.jpg,首乌藤(shouwutengkuai),性味甘平；归心肝经；功效：养血安神、祛风通络。
external\cls_chinese_medicine/train/shouwutengkuai/shouwutengkuai_0203.jpg,首乌藤(shouwutengkuai),性味甘平；归心肝经；功效：养血安神、祛风通络。
external\cls_chinese_medicine/train/shouwutengkuai/shouwutengkuai_1342.jpg,首乌藤(shouwutengkuai),性味甘平；归心肝经；功效：养血安神、祛风通络。
external\cls_chinese_medicine/train/shouwutengkuai/shouwutengkuai_1353.jpg,首乌藤(shouwutengkuai),性味甘平；归心肝经；功效：养血安神、祛风通络。
external\cls_chinese_medicine/train/shouwutengkuai/shouwutengkuai_0691.jpg,首乌藤(shouwutengkuai),性味甘平；归心肝经；功效：养血安神、祛风通络。
external\cls_chinese_medicine/train/shouwutengkuai/shouwutengkuai_0318.jpg,首乌藤(shouwutengkuai),性味甘平；归心肝经；功效：养血安神、祛风通络。
external\cls_chinese_medicine/train/shouwutengkuai/shouwutengkuai_0834.jpg,首乌藤(shouwutengkuai),性味甘平；归心肝经；功效：养血安神、祛风通络。
external\cls_chinese_medicine/train/shouwutengkuai/shouwutengkuai_1109.jpg,首乌藤(shouwutengkuai),性味甘平；归心肝经；功效：养血安神、祛风通络。
external\cls_chinese_medicine/train/shouwutengkuai/shouwutengkuai_0865.jpg,首乌藤(shouwutengkuai),性味甘平；归心肝经；功效：养血安神、祛风通络。
external\cls_chinese_medicine/train/shouwutengkuai/shouwutengkuai_0896.jpg,首乌藤(shouwutengkuai),性味甘平；归心肝经；功效：养血安神、祛风通络。
external\cls_chinese_medicine/train/shouwutengkuai/shouwutengkuai_0557.jpg,首乌藤(shouwutengkuai),性味甘平；归心肝经；功效：养血安神、祛风通络。
external\cls_chinese_medicine/train/shouwutengkuai/shouwutengkuai_1278.jpg,首乌藤(shouwutengkuai),性味甘平；归心肝经；功效：养血安神、祛风通络。
external\cls_chinese_medicine/train/shouwutengkuai/shouwutengkuai_1177.jpg,首乌藤(shouwutengkuai),性味甘平；归心肝经；功效：养血安神、祛风通络。
external\cls_chinese_medicine/train/shouwutengkuai/shouwutengkuai_0970.jpg,首乌藤(shouwutengkuai),性味甘平；归心肝经；功效：养血安神、祛风通络。
external\cls_chinese_medicine/train/shouwutengkuai/shouwutengkuai_0552.jpg,首乌藤(shouwutengkuai),性味甘平；归心肝经；功效：养血安神、祛风通络。
external\cls_chinese_medicine/train/shouwutengkuai/shouwutengkuai_0609.jpg,首乌藤(shouwutengkuai),性味甘平；归心肝经；功效：养血安神、祛风通络。
external\cls_chinese_medicine/train/shouwutengkuai/shouwutengkuai_0057.jpg,首乌藤(shouwutengkuai),性味甘平；归心肝经；功效：养血安神、祛风通络。
external\cls_chinese_medicine/train/shouwutengkuai/shouwutengkuai_0075.jpg,首乌藤(shouwutengkuai),性味甘平；归心肝经；功效：养血安神、祛风通络。
external\cls_chinese_medicine/train/shouwutengkuai/shouwutengkuai_0543.jpg,首乌藤(shouwutengkuai),性味甘平；归心肝经；功效：养血安神、祛风通络。
external\cls_chinese_medicine/train/shouwutengkuai/shouwutengkuai_0447.jpg,首乌藤(shouwutengkuai),性味甘平；归心肝经；功效：养血安神、祛风通络。
external\cls_chinese_medicine/train/shouwutengkuai/shouwutengkuai_1168.jpg,首乌藤(shouwutengkuai),性味甘平；归心肝经；功效：养血安神、祛风通络。
external\cls_chinese_medicine/train/shouwutengkuai/shouwutengkuai_0734.jpg,首乌藤(shouwutengkuai),性味甘平；归心肝经；功效：养血安神、祛风通络。
external\cls_chinese_medicine/train/shouwutengkuai/shouwutengkuai_0044.jpg,首乌藤(shouwutengkuai),性味甘平；归心肝经；功效：养血安神、祛风通络。
external\cls_chinese_medicine/train/shouwutengkuai/shouwutengkuai_0586.jpg,首乌藤(shouwutengkuai),性味甘平；归心肝经；功效：养血安神、祛风通络。
external\cls_chinese_medicine/train/shouwutengkuai/shouwutengkuai_0429.jpg,首乌藤(shouwutengkuai),性味甘平；归心肝经；功效：养血安神、祛风通络。
external\cls_chinese_medicine/train/shouwutengkuai/shouwutengkuai_1321.jpg,首乌藤(shouwutengkuai),性味甘平；归心肝经；功效：养血安神、祛风通络。
external\cls_chinese_medicine/train/shouwutengkuai/shouwutengkuai_0277.jpg,首乌藤(shouwutengkuai),性味甘平；归心肝经；功效：养血安神、祛风通络。
external\cls_chinese_medicine/train/shouwutengkuai/shouwutengkuai_0104.jpg,首乌藤(shouwutengkuai),性味甘平；归心肝经；功效：养血安神、祛风通络。
external\cls_chinese_medicine/train/shouwutengkuai/shouwutengkuai_1063.jpg,首乌藤(shouwutengkuai),性味甘平；归心肝经；功效：养血安神、祛风通络。
external\cls_chinese_medicine/train/shouwutengkuai/shouwutengkuai_0620.jpg,首乌藤(shouwutengkuai),性味甘平；归心肝经；功效：养血安神、祛风通络。
external\cls_chinese_medicine/train/shouwutengkuai/shouwutengkuai_0637.jpg,首乌藤(shouwutengkuai),性味甘平；归心肝经；功效：养血安神、祛风通络。
external\cls_chinese_medicine/train/shouwutengkuai/shouwutengkuai_0110.jpg,首乌藤(shouwutengkuai),性味甘平；归心肝经；功效：养血安神、祛风通络。
external\cls_chinese_medicine/train/shouwutengkuai/shouwutengkuai_0439.jpg,首乌藤(shouwutengkuai),性味甘平；归心肝经；功效：养血安神、祛风通络。
external\cls_chinese_medicine/train/shouwutengkuai/shouwutengkuai_0940.jpg,首乌藤(shouwutengkuai),性味甘平；归心肝经；功效：养血安神、祛风通络。
external\cls_chinese_medicine/train/shouwutengkuai/shouwutengkuai_1248.jpg,首乌藤(shouwutengkuai),性味甘平；归心肝经；功效：养血安神、祛风通络。
external\cls_chinese_medicine/train/shouwutengkuai/shouwutengkuai_1135.jpg,首乌藤(shouwutengkuai),性味甘平；归心肝经；功效：养血安神、祛风通络。
external\cls_chinese_medicine/train/shouwutengkuai/shouwutengkuai_1082.jpg,首乌藤(shouwutengkuai),性味甘平；归心肝经；功效：养血安神、祛风通络。
external\cls_chinese_medicine/train/shouwutengkuai/shouwutengkuai_1113.jpg,首乌藤(shouwutengkuai),性味甘平；归心肝经；功效：养血安神、祛风通络。
external\cls_chinese_medicine/train/shouwutengkuai/shouwutengkuai_1137.jpg,首乌藤(shouwutengkuai),性味甘平；归心肝经；功效：养血安神、祛风通络。
external\cls_chinese_medicine/train/shouwutengkuai/shouwutengkuai_1234.jpg,首乌藤(shouwutengkuai),性味甘平；归心肝经；功效：养血安神、祛风通络。
external\cls_chinese_medicine/train/shouwutengkuai/shouwutengkuai_0174.jpg,首乌藤(shouwutengkuai),性味甘平；归心肝经；功效：养血安神、祛风通络。
external\cls_chinese_medicine/train/shouwutengkuai/shouwutengkuai_0871.jpg,首乌藤(shouwutengkuai),性味甘平；归心肝经；功效：养血安神、祛风通络。
external\cls_chinese_medicine/train/shouwutengkuai/shouwutengkuai_0924.jpg,首乌藤(shouwutengkuai),性味甘平；归心肝经；功效：养血安神、祛风通络。
external\cls_chinese_medicine/train/shouwutengkuai/shouwutengkuai_0132.jpg,首乌藤(shouwutengkuai),性味甘平；归心肝经；功效：养血安神、祛风通络。
external\cls_chinese_medicine/train/shouwutengkuai/shouwutengkuai_0378.jpg,首乌藤(shouwutengkuai),性味甘平；归心肝经；功效：养血安神、祛风通络。
external\cls_chinese_medicine/train/shouwutengkuai/shouwutengkuai_0670.jpg,首乌藤(shouwutengkuai),性味甘平；归心肝经；功效：养血安神、祛风通络。
external\cls_chinese_medicine/train/shouwutengkuai/shouwutengkuai_0640.jpg,首乌藤(shouwutengkuai),性味甘平；归心肝经；功效：养血安神、祛风通络。
external\cls_chinese_medicine/train/shouwutengkuai/shouwutengkuai_0811.jpg,首乌藤(shouwutengkuai),性味甘平；归心肝经；功效：养血安神、祛风通络。
external\cls_chinese_medicine/train/shouwutengkuai/shouwutengkuai_1235.jpg,首乌藤(shouwutengkuai),性味甘平；归心肝经；功效：养血安神、祛风通络。
external\cls_chinese_medicine/train/shouwutengkuai/shouwutengkuai_0418.jpg,首乌藤(shouwutengkuai),性味甘平；归心肝经；功效：养血安神、祛风通络。
external\cls_chinese_medicine/train/shouwutengkuai/shouwutengkuai_1586.jpg,首乌藤(shouwutengkuai),性味甘平；归心肝经；功效：养血安神、祛风通络。
external\cls_chinese_medicine/train/shouwutengkuai/shouwutengkuai_0278.jpg,首乌藤(shouwutengkuai),性味甘平；归心肝经；功效：养血安神、祛风通络。
external\cls_chinese_medicine/train/shouwutengkuai/shouwutengkuai_1515.jpg,首乌藤(shouwutengkuai),性味甘平；归心肝经；功效：养血安神、祛风通络。
external\cls_chinese_medicine/train/shouwutengkuai/shouwutengkuai_0407.jpg,首乌藤(shouwutengkuai),性味甘平；归心肝经；功效：养血安神、祛风通络。
external\cls_chinese_medicine/train/shouwutengkuai/shouwutengkuai_0364.jpg,首乌藤(shouwutengkuai),性味甘平；归心肝经；功效：养血安神、祛风通络。
external\cls_chinese_medicine/train/shouwutengkuai/shouwutengkuai_0875.jpg,首乌藤(shouwutengkuai),性味甘平；归心肝经；功效：养血安神、祛风通络。
external\cls_chinese_medicine/train/shouwutengkuai/shouwutengkuai_0650.jpg,首乌藤(shouwutengkuai),性味甘平；归心肝经；功效：养血安神、祛风通络。
external\cls_chinese_medicine/train/shouwutengkuai/shouwutengkuai_1266.jpg,首乌藤(shouwutengkuai),性味甘平；归心肝经；功效：养血安神、祛风通络。
external\cls_chinese_medicine/train/shouwutengkuai/shouwutengkuai_0499.jpg,首乌藤(shouwutengkuai),性味甘平；归心肝经；功效：养血安神、祛风通络。
external\cls_chinese_medicine/train/shouwutengkuai/shouwutengkuai_1578.jpg,首乌藤(shouwutengkuai),性味甘平；归心肝经；功效：养血安神、祛风通络。
external\cls_chinese_medicine/train/shouwutengkuai/shouwutengkuai_1473.jpg,首乌藤(shouwutengkuai),性味甘平；归心肝经；功效：养血安神、祛风通络。
external\cls_chinese_medicine/train/shouwutengkuai/shouwutengkuai_1447.jpg,首乌藤(shouwutengkuai),性味甘平；归心肝经；功效：养血安神、祛风通络。
external\cls_chinese_medicine/train/shouwutengkuai/shouwutengkuai_1005.jpg,首乌藤(shouwutengkuai),性味甘平；归心肝经；功效：养血安神、祛风通络。
external\cls_chinese_medicine/train/shouwutengkuai/shouwutengkuai_0235.jpg,首乌藤(shouwutengkuai),性味甘平；归心肝经；功效：养血安神、祛风通络。
external\cls_chinese_medicine/train/shouwutengkuai/shouwutengkuai_1389.jpg,首乌藤(shouwutengkuai),性味甘平；归心肝经；功效：养血安神、祛风通络。
external\cls_chinese_medicine/train/shouwutengkuai/shouwutengkuai_0603.jpg,首乌藤(shouwutengkuai),性味甘平；归心肝经；功效：养血安神、祛风通络。
external\cls_chinese_medicine/train/shouwutengkuai/shouwutengkuai_0167.jpg,首乌藤(shouwutengkuai),性味甘平；归心肝经；功效：养血安神、祛风通络。
external\cls_chinese_medicine/train/shouwutengkuai/shouwutengkuai_0789.jpg,首乌藤(shouwutengkuai),性味甘平；归心肝经；功效：养血安神、祛风通络。
external\cls_chinese_medicine/train/shouwutengkuai/shouwutengkuai_0520.jpg,首乌藤(shouwutengkuai),性味甘平；归心肝经；功效：养血安神、祛风通络。
external\cls_chinese_medicine/train/shouwutengkuai/shouwutengkuai_0883.jpg,首乌藤(shouwutengkuai),性味甘平；归心肝经；功效：养血安神、祛风通络。
external\cls_chinese_medicine/train/shouwutengkuai/shouwutengkuai_1229.jpg,首乌藤(shouwutengkuai),性味甘平；归心肝经；功效：养血安神、祛风通络。
external\cls_chinese_medicine/train/shouwutengkuai/shouwutengkuai_1411.jpg,首乌藤(shouwutengkuai),性味甘平；归心肝经；功效：养血安神、祛风通络。
external\cls_chinese_medicine/train/shouwutengkuai/shouwutengkuai_0196.jpg,首乌藤(shouwutengkuai),性味甘平；归心肝经；功效：养血安神、祛风通络。
external\cls_chinese_medicine/train/shouwutengkuai/shouwutengkuai_1283.jpg,首乌藤(shouwutengkuai),性味甘平；归心肝经；功效：养血安神、祛风通络。
external\cls_chinese_medicine/train/shouwutengkuai/shouwutengkuai_0064.jpg,首乌藤(shouwutengkuai),性味甘平；归心肝经；功效：养血安神、祛风通络。
external\cls_chinese_medicine/train/shouwutengkuai/shouwutengkuai_0779.jpg,首乌藤(shouwutengkuai),性味甘平；归心肝经；功效：养血安神、祛风通络。
external\cls_chinese_medicine/train/shouwutengkuai/shouwutengkuai_1067.jpg,首乌藤(shouwutengkuai),性味甘平；归心肝经；功效：养血安神、祛风通络。
external\cls_chinese_medicine/train/shouwutengkuai/shouwutengkuai_1031.jpg,首乌藤(shouwutengkuai),性味甘平；归心肝经；功效：养血安神、祛风通络。
external\cls_chinese_medicine/train/shouwutengkuai/shouwutengkuai_1199.jpg,首乌藤(shouwutengkuai),性味甘平；归心肝经；功效：养血安神、祛风通络。
external\cls_chinese_medicine/train/shouwutengkuai/shouwutengkuai_1565.jpg,首乌藤(shouwutengkuai),性味甘平；归心肝经；功效：养血安神、祛风通络。
external\cls_chinese_medicine/train/shouwutengkuai/shouwutengkuai_0869.jpg,首乌藤(shouwutengkuai),性味甘平；归心肝经；功效：养血安神、祛风通络。
external\cls_chinese_medicine/train/shouwutengkuai/shouwutengkuai_0971.jpg,首乌藤(shouwutengkuai),性味甘平；归心肝经；功效：养血安神、祛风通络。
external\cls_chinese_medicine/train/shouwutengkuai/shouwutengkuai_1125.jpg,首乌藤(shouwutengkuai),性味甘平；归心肝经；功效：养血安神、祛风通络。
external\cls_chinese_medicine/train/shouwutengkuai/shouwutengkuai_0222.jpg,首乌藤(shouwutengkuai),性味甘平；归心肝经；功效：养血安神、祛风通络。
external\cls_chinese_medicine/train/shouwutengkuai/shouwutengkuai_0542.jpg,首乌藤(shouwutengkuai),性味甘平；归心肝经；功效：养血安神、祛风通络。
external\cls_chinese_medicine/train/shouwutengkuai/shouwutengkuai_0295.jpg,首乌藤(shouwutengkuai),性味甘平；归心肝经；功效：养血安神、祛风通络。
external\cls_chinese_medicine/train/shouwutengkuai/shouwutengkuai_1313.jpg,首乌藤(shouwutengkuai),性味甘平；归心肝经；功效：养血安神、祛风通络。
external\cls_chinese_medicine/train/shouwutengkuai/shouwutengkuai_0493.jpg,首乌藤(shouwutengkuai),性味甘平；归心肝经；功效：养血安神、祛风通络。
external\cls_chinese_medicine/train/shouwutengkuai/shouwutengkuai_0714.jpg,首乌藤(shouwutengkuai),性味甘平；归心肝经；功效：养血安神、祛风通络。
external\cls_chinese_medicine/train/shouwutengkuai/shouwutengkuai_1096.jpg,首乌藤(shouwutengkuai),性味甘平；归心肝经；功效：养血安神、祛风通络。
external\cls_chinese_medicine/train/shouwutengkuai/shouwutengkuai_1339.jpg,首乌藤(shouwutengkuai),性味甘平；归心肝经；功效：养血安神、祛风通络。
