image_path,label,text
external\cls_chinese_medicine/train/baishao/baishao_0312.jpg,白芍,性味苦酸微寒；归肝脾经；功效：养血调经、敛阴止汗、柔肝止痛、平抑肝阳。
external\cls_chinese_medicine/train/zhiqiaotiao/zhiqiaotiao_0074.jpg,枳壳(zhiqiaotiao),性味苦辛酸微寒；归脾胃经；功效：理气宽中、行滞消胀。
external\cls_chinese_medicine/train/maiya/maiya_0754.jpg,麦芽,性味甘平；归脾胃肝经；功效：行气消食、健脾开胃、回乳消胀。
external\cls_chinese_medicine/train/xixin/xixin_1603.jpg,细辛,性味辛温有小毒；归心肾肺经；功效：解表散寒、祛风止痛、通窍、温肺化饮。
external\cls_chinese_medicine/train/banxia/banxia_0162.jpg,半夏,性味辛温有毒；归脾胃肺经；功效：燥湿化痰、降逆止呕、消痞散结。
external\cls_chinese_medicine/train/chantui/chantui_1015.jpg,蝉蜕,性味甘寒；归肺肝经；功效：疏散风热、利咽开音、透疹、明目退翳、息风止痉。
external\cls_chinese_medicine/train/gancao/gancao_1068.jpg,甘草,性味甘平；归心肺脾胃经；功效：补脾益气、清热解毒、祛痰止咳、缓急止痛、调和诸药。
external\cls_chinese_medicine/train/caokou/caokou_1539.jpg,草蔻,性味辛温；归脾胃经；功效：燥湿行气、温中止呕。
external\cls_chinese_medicine/train/laifuzi/laifuzi_0906.jpg,莱菔子,性味辛甘平；归脾胃肺经；功效：消食除胀、降气化痰。
external\cls_chinese_medicine/train/luoshiteng/luoshiteng_0125.jpg,络石藤,性味苦微寒；归心肝经；功效：祛风通络、凉血消肿。
external\cls_chinese_medicine/train/lianzixin/lianzixin_1057.jpg,莲子心,性味苦寒；归心肾经；功效：清心安神、交通心肾、涩精止血。
external\cls_chinese_medicine/train/banlangen/banlangen_1591.jpg,板蓝根,性味苦寒；归心胃经；功效：清热解毒、凉血利咽。
external\cls_chinese_medicine/train/qianhu/qianhu_1057.jpg,前胡,性味苦辛微寒；归肺脾经；功效：降气化痰、散风清热。
external\cls_chinese_medicine/train/digupi/digupi_1075.jpg,地骨皮,性味甘寒；归肺肝肾经；功效：凉血除蒸、清肺降火。
external\cls_chinese_medicine/train/paojiang/paojiang_0755.jpg,炮姜,性味苦涩温；归脾胃肾经；功效：温经止血、温中止痛。
external\cls_chinese_medicine/train/tianmapian/tianmapian_1429.jpg,天麻(tianmapian),性味甘平；归肝经；功效：息风止痉、平抑肝阳、祛风通络。
external\cls_chinese_medicine/train/sharen/sharen_0243.jpg,砂仁,性味辛温；归脾胃肾经；功效：化湿开胃、温脾止泻、理气安胎。
external\cls_chinese_medicine/train/banlangen/banlangen_0956.jpg,板蓝根,性味苦寒；归心胃经；功效：清热解毒、凉血利咽。
external\cls_chinese_medicine/train/suanzaoren/suanzaoren_1245.jpg,酸枣仁,性味甘酸平；归肝胆心经；功效：养心补肝、宁心安神、敛汗生津。
external\cls_chinese_medicine/train/renshenqiepian/renshenqiepian_0893.jpg,人参(renshenqiepian),性味甘微苦微温；归脾肺心肾经；功效：大补元气、复脉固脱、补脾益肺、生津养血、安神。
external\cls_chinese_medicine/train/ajiao/ajiao_0329.jpg,阿胶,性味甘平；归肺肝肾经；功效：补血滋阴、润燥、止血。
external\cls_chinese_medicine/train/huangqin/huangqin_1587.jpg,黄芩,性味苦寒；归肺胆脾大肠小肠经；功效：清热燥湿、泻火解毒、止血、安胎。
external\cls_chinese_medicine/train/chenxiang/chengxiang_0615.jpg,沉香,性味辛苦微温；归脾胃肾经；功效：行气止痛、温中止呕、纳气平喘。
external\cls_chinese_medicine/train/zhuru/zhuru_0898.jpg,竹茹,性味甘微寒；归肺胃心胆经；功效：清热化痰、除烦止呕。
external\cls_chinese_medicine/train/zhimu/zhimu_1013.jpg,知母,性味苦甘寒；归肺胃肾经；功效：清热泻火、滋阴润燥。
external\cls_chinese_medicine/train/heshouwu/heshouwu_0488.jpg,何首乌,性味苦甘涩微温；归肝肾经；功效：制用补肝肾益精血、生用解毒消痈润肠通便。
external\cls_chinese_medicine/train/mohanlian/mohanliang_0918.jpg,墨旱莲,性味甘酸寒；归肝肾经；功效：滋补肝肾、凉血止血。
external\cls_chinese_medicine/train/laifuzi/laifuzi_0685.jpg,莱菔子,性味辛甘平；归脾胃肺经；功效：消食除胀、降气化痰。
external\cls_chinese_medicine/train/yujin/yujin_0333.jpg,郁金,性味辛苦寒；归肝心肺经；功效：活血止痛、行气解郁、清心凉血、利胆退黄。
external\cls_chinese_medicine/train/yujin/yujin_0005.jpg,郁金,性味辛苦寒；归肝心肺经；功效：活血止痛、行气解郁、清心凉血、利胆退黄。
external\cls_chinese_medicine/train/jinqiancao/jinqiancao_0106.jpg,金钱草,性味甘咸微寒；归肝胆肾膀胱经；功效：利湿退黄、利尿通淋、解毒消肿。
external\cls_chinese_medicine/train/yuzhupian/yuzhupian_1250.jpg,玉竹(yuzhupian),性味甘微寒；归肺胃经；功效：养阴润燥、生津止渴。
external\cls_chinese_medicine/train/huangqin/huangqin_0324.jpg,黄芩,性味苦寒；归肺胆脾大肠小肠经；功效：清热燥湿、泻火解毒、止血、安胎。
external\cls_chinese_medicine/train/shechuangzi/shechuangzi_0227.jpg,蛇床子,性味辛苦温；归肾经；功效：燥湿祛风、杀虫止痒、温肾壮阳。
external\cls_chinese_medicine/train/guanzhong/guanzhong_0385.jpg,贯众,性味苦微寒有小毒；归肝胃经；功效：清热解毒、驱虫、止血。
external\cls_chinese_medicine/train/wumei/wumei_1542.jpg,乌梅,性味酸涩平；归肝脾肺大肠经；功效：敛肺涩肠、生津安蛔。
external\cls_chinese_medicine/train/huangjing/huangjing_0483.jpg,黄精,性味甘平；归脾胃肺肾经；功效：补气养阴、健脾、润肺、益肾。
external\cls_chinese_medicine/train/daxueteng/daxueteng_0548.jpg,大血藤,性味苦平；归大肠肝经；功效：清热解毒、活血止痛、祛风通络。
external\cls_chinese_medicine/train/tongcao/tongcao_1346.jpg,通草,性味甘淡微寒；归肺胃经；功效：清热利尿、通气下乳。
external\cls_chinese_medicine/train/foshou/foshou_0755.jpg,佛手,性味辛苦酸温；归肝脾胃肺经；功效：疏肝理气、和胃止痛、燥湿化痰。
external\cls_chinese_medicine/train/digupi/digupi_0760.jpg,地骨皮,性味甘寒；归肺肝肾经；功效：凉血除蒸、清肺降火。
external\cls_chinese_medicine/train/wujiapi/wujiapi_0800.jpg,五加皮,性味辛苦温；归肝肾经；功效：祛风湿、补肝肾、强筋骨。
external\cls_chinese_medicine/train/banlangen/banlangen_0220.jpg,板蓝根,性味苦寒；归心胃经；功效：清热解毒、凉血利咽。
external\cls_chinese_medicine/train/jinyinhua/(976).jpg,金银花,性味甘寒；归肺心胃经；功效：清热解毒、疏散风热。
external\cls_chinese_medicine/train/tiankuizi/yitiankuizi_0737.jpg,天葵子,性味甘苦寒；归肝胃经；功效：清热解毒、消肿散结。
external\cls_chinese_medicine/train/peilan/peilan_1359.jpg,佩兰,性味辛平；归脾胃肺经；功效：芳香化湿、醒脾开胃、发表解暑。
external\cls_chinese_medicine/train/lizhihe/lizhihe_0907.jpg,荔枝核,性味甘微苦温；归肝胃经；功效：行气散结、祛寒止痛。
external\cls_chinese_medicine/train/jingjie/jinjie_1504.jpg,荆芥,性味辛微温；归肺肝经；功效：解表散风、透疹消疮、炒炭止血。
external\cls_chinese_medicine/train/wuweizi/wuweizi_1007.jpg,五味子,性味酸甘温；归肺心肾经；功效：收敛固涩、益气生津、补肾宁心。
external\cls_chinese_medicine/train/zhebeimu/zhebeimu_0308.jpg,浙贝母,性味苦寒；归肺心经；功效：清热化痰、散结消痈。
external\cls_chinese_medicine/train/pugongying/pugongying_0832.jpg,蒲公英,性味苦甘寒；归肝胃经；功效：清热解毒、消肿散结、利尿通淋。
external\cls_chinese_medicine/train/chishizhi/chishizhi_1592.jpg,赤石脂,性味甘酸涩温；归大肠胃经；功效：涩肠止泻、收敛止血、敛疮生肌。
external\cls_chinese_medicine/train/huangbo/huangbai_1035.jpg,黄柏,性味苦寒；归肾膀胱经；功效：清热燥湿、泻火除蒸、解毒疗疮。
external\cls_chinese_medicine/train/banlangen/banlangen_0167.jpg,板蓝根,性味苦寒；归心胃经；功效：清热解毒、凉血利咽。
external\cls_chinese_medicine/train/suanzaoren/suanzaoren_0048.jpg,酸枣仁,性味甘酸平；归肝胆心经；功效：养心补肝、宁心安神、敛汗生津。
external\cls_chinese_medicine/train/tianmapian/tianmapian_0042.jpg,天麻(tianmapian),性味甘平；归肝经；功效：息风止痉、平抑肝阳、祛风通络。
external\cls_chinese_medicine/train/shihu/shihu_1104.jpg,石斛,性味甘微寒；归胃肾经；功效：益胃生津、滋阴清热。
external\cls_chinese_medicine/train/chuanshanjia/chuanshanjia_1338.jpg,穿山甲,性味咸微寒；归肝胃经；功效：活血消癥、通经下乳、消肿排脓、搜风通络。
external\cls_chinese_medicine/train/xiaohuixiang/xiaohuixiang_0278.jpg,小茴香,性味辛温；归肝肾脾胃经；功效：散寒止痛、理气和胃。
external\cls_chinese_medicine/train/baihuasheshecao/baihuasheshecao_0081.jpg,白花蛇舌草,性味微苦甘寒；归胃大肠小肠经；功效：清热解毒、利湿通淋。
external\cls_chinese_medicine/train/shanyao/shanyao_1357.jpg,山药,性味甘平；归脾肺肾经；功效：补脾养胃、生津益肺、补肾涩精。
external\cls_chinese_medicine/train/tiandong/tiandong_0118.jpg,天冬,性味甘苦寒；归肺肾经；功效：养阴润燥、清肺生津。
external\cls_chinese_medicine/train/shengma/shengma_1323.jpg,升麻,性味辛微甘微寒；归肺脾胃大肠经；功效：发表透疹、清热解毒、升举阳气。
external\cls_chinese_medicine/train/baizhu/baizhu_1498.jpg,白术,性味苦甘温；归脾胃经；功效：健脾益气、燥湿利水、止汗、安胎。
external\cls_chinese_medicine/train/lizhihe/lizhihe_0332.jpg,荔枝核,性味甘微苦温；归肝胃经；功效：行气散结、祛寒止痛。
external\cls_chinese_medicine/train/shanzhuyu/shanzhuyu_0027.jpg,山茱萸,性味酸涩微温；归肝肾经；功效：补益肝肾、收涩固脱。
external\cls_chinese_medicine/train/cishi/cishi_0025.jpg,磁石,性味咸寒；归肝肾心经；功效：镇惊安神、平肝潜阳、聪耳明目、纳气平喘。
external\cls_chinese_medicine/train/zhiqiaotiao/zhiqiaotiao_1169.jpg,枳壳(zhiqiaotiao),性味苦辛酸微寒；归脾胃经；功效：理气宽中、行滞消胀。
external\cls_chinese_medicine/train/wulingzhi/wulinzhi_1618.jpg,五灵脂,性味苦咸甘温；归肝经；功效：活血止痛、化瘀止血。
external\cls_chinese_medicine/train/suanzaoren/suanzaoren_1087.jpg,酸枣仁,性味甘酸平；归肝胆心经；功效：养心补肝、宁心安神、敛汗生津。
external\cls_chinese_medicine/train/shechuangzi/shechuangzi_1138.jpg,蛇床子,性味辛苦温；归肾经；功效：燥湿祛风、杀虫止痒、温肾壮阳。
external\cls_chinese_medicine/train/gouteng/gouteng_0101.jpg,钩藤,性味甘凉；归肝心包经；功效：息风定惊、清热平肝。
external\cls_chinese_medicine/train/zhishi/zhishi_0215.jpg,枳实,性味苦辛酸微寒；归脾胃经；功效：破气消积、化痰散痞。
external\cls_chinese_medicine/train/tianmakuai/tianmakuai_1581.jpg,天麻(tianmakuai),性味甘平；归肝经；功效：息风止痉、平抑肝阳、祛风通络。
external\cls_chinese_medicine/train/cebaiye/cebaiye_0196.jpg,侧柏叶,性味苦涩寒；归肺肝大肠经；功效：凉血止血、化痰止咳、生发乌发。
external\cls_chinese_medicine/train/pugongying/pugongying_0352.jpg,蒲公英,性味苦甘寒；归肝胃经；功效：清热解毒、消肿散结、利尿通淋。
external\cls_chinese_medicine/train/sangshen/sangshen_0921.jpg,桑葚,性味甘酸寒；归心肝肾经；功效：滋阴补血、生津润燥。
external\cls_chinese_medicine/train/sharen/sharen_0780.jpg,砂仁,性味辛温；归脾胃肾经；功效：化湿开胃、温脾止泻、理气安胎。
external\cls_chinese_medicine/train/shouwutengkuai/shouwutengkuai_0935.jpg,首乌藤(shouwutengkuai),性味甘平；归心肝经；功效：养血安神、祛风通络。
external\cls_chinese_medicine/train/lulutong/lulutong_0935.jpg,路路通,性味苦平；归肝膀胱经；功效：祛风活络、利水通经、下乳。
external\cls_chinese_medicine/train/shichangpu/shichangpu_1534.jpg,石菖蒲,性味辛苦温；归心胃经；功效：开窍豁痰、醒神益智、化湿开胃。
external\cls_chinese_medicine/train/xiaohuixiang/xiaohuixiang_0939.jpg,小茴香,性味辛温；归肝肾脾胃经；功效：散寒止痛、理气和胃。
external\cls_chinese_medicine/train/lianzixin/lianzixin_1421.jpg,莲子心,性味苦寒；归心肾经；功效：清心安神、交通心肾、涩精止血。
external\cls_chinese_medicine/train/jinqiancao/jinqiancao_0900.jpg,金钱草,性味甘咸微寒；归肝胆肾膀胱经；功效：利湿退黄、利尿通淋、解毒消肿。
external\cls_chinese_medicine/train/jinqiancao/jinqiancao_1057.jpg,金钱草,性味甘咸微寒；归肝胆肾膀胱经；功效：利湿退黄、利尿通淋、解毒消肿。
external\cls_chinese_medicine/train/roucongronggen/roucongronggeng_0806.jpg,肉苁蓉(roucongronggen),性味甘咸温；归肾大肠经；功效：补肾阳、益精血、润肠通便。
external\cls_chinese_medicine/train/caoguo/caoguo_0996.jpg,草果,性味辛温；归脾胃经；功效：燥湿温中、截疟除痰。
external\cls_chinese_medicine/train/chenpi/chenpi_0189.jpg,陈皮,性味苦辛温；归脾肺经；功效：理气健脾、燥湿化痰。
external\cls_chinese_medicine/train/juemingzi/juemingzi_1480.jpg,决明子,性味甘苦咸微寒；归肝大肠经；功效：清热明目、润肠通便。
external\cls_chinese_medicine/train/tiankuizi/yitiankuizi_1006.jpg,天葵子,性味甘苦寒；归肝胃经；功效：清热解毒、消肿散结。
external\cls_chinese_medicine/train/ganjiang/gangjiang_0342.jpg,干姜,性味辛热；归脾胃肾心肺经；功效：温中散寒、回阳通脉、温肺化饮。
external\cls_chinese_medicine/train/sanqi/sanqi_0104.jpg,三七,性味甘微苦温；归肝胃经；功效：化瘀止血、活血定痛。
external\cls_chinese_medicine/train/tiannanxing/tiannanxing_1164.jpg,天南星,性味苦辛温有毒；归肺肝脾经；功效：燥湿化痰、祛风止痉、散结消肿。
external\cls_chinese_medicine/train/baihuasheshecao/baihuasheshecao_0669.jpg,白花蛇舌草,性味微苦甘寒；归胃大肠小肠经；功效：清热解毒、利湿通淋。
external\cls_chinese_medicine/train/yujin/yujin_1103.jpg,郁金,性味辛苦寒；归肝心肺经；功效：活血止痛、行气解郁、清心凉血、利胆退黄。
external\cls_chinese_medicine/train/wumei/wumei_1373.jpg,乌梅,性味酸涩平；归肝脾肺大肠经；功效：敛肺涩肠、生津安蛔。
external\cls_chinese_medicine/train/huaihua/huaihua_0482.jpg,槐花,性味苦微寒；归肝大肠经；功效：凉血止血、清肝泻火。
external\cls_chinese_medicine/train/zicao/zicao_0529.jpg,紫草,性味甘咸寒；归心肝经；功效：凉血活血、解毒透疹。
external\cls_chinese_medicine/train/daqingye/daqinye_1505.jpg,大青叶,性味苦寒；归心胃经；功效：清热解毒、凉血消斑。
external\cls_chinese_medicine/train/hongkou/hongkou_0680.jpg,红豆蔻,性味辛温；归脾胃肺经；功效：散寒燥湿、醒脾消食。
external\cls_chinese_medicine/train/chuanxinlian/chuanxinlian_0997.jpg,穿心莲,性味苦寒；归心肺大肠膀胱经；功效：清热解毒、凉血消肿、燥湿。
external\cls_chinese_medicine/train/bajitian/bajitian_1158.jpg,巴戟天,性味甘辛微温；归肾肝经；功效：补肾阳、强筋骨、祛风湿。
external\cls_chinese_medicine/train/juemingzi/juemingzi_0898.jpg,决明子,性味甘苦咸微寒；归肝大肠经；功效：清热明目、润肠通便。
external\cls_chinese_medicine/train/mohanlian/mohanliang_1383.jpg,墨旱莲,性味甘酸寒；归肝肾经；功效：滋补肝肾、凉血止血。
external\cls_chinese_medicine/train/zhimu/zhimu_0027.jpg,知母,性味苦甘寒；归肺胃肾经；功效：清热泻火、滋阴润燥。
external\cls_chinese_medicine/train/cangzhu/cangzhu_1266.jpg,苍术,性味辛苦温；归脾胃肝经；功效：燥湿健脾、祛风散寒、明目。
external\cls_chinese_medicine/train/shanzhuyu/shanzhuyu_0706.jpg,山茱萸,性味酸涩微温；归肝肾经；功效：补益肝肾、收涩固脱。
external\cls_chinese_medicine/train/muli/muli_0397.jpg,牡蛎,性味咸微寒；归肝肾经；功效：重镇安神、潜阳补阴、软坚散结、收敛固涩。
external\cls_chinese_medicine/train/ajiao/ajiao_0443.jpg,阿胶,性味甘平；归肺肝肾经；功效：补血滋阴、润燥、止血。
external\cls_chinese_medicine/train/ziyuan/ziwang_1585.jpg,紫菀,性味辛苦温；归肺经；功效：润肺下气、消痰止咳。
external\cls_chinese_medicine/train/taoren/taoren_1141.jpg,桃仁,性味苦甘平；归心肝大肠经；功效：活血祛瘀、润肠通便、止咳平喘。
external\cls_chinese_medicine/train/chishao/chishao_0202.jpg,赤芍,性味苦微寒；归肝经经；功效：清热凉血、散瘀止痛。
external\cls_chinese_medicine/train/peilan/peilan_0548.jpg,佩兰,性味辛平；归脾胃肺经；功效：芳香化湿、醒脾开胃、发表解暑。
external\cls_chinese_medicine/train/yiyiren/yiyiren_1200.jpg,薏苡仁,性味甘淡凉；归脾胃肺经；功效：利水渗湿、健脾止泻、除痹、排脓、解毒散结。
external\cls_chinese_medicine/train/yujin/yujin_0899.jpg,郁金,性味辛苦寒；归肝心肺经；功效：活血止痛、行气解郁、清心凉血、利胆退黄。
external\cls_chinese_medicine/train/beishashenkuai/beishashenkuai_1162.jpg,北沙参(beishashenkuai),性味甘微苦微寒；归肺胃经；功效：养阴清肺、益胃生津。
external\cls_chinese_medicine/train/baihuasheshecao/baihuasheshecao_1225.jpg,白花蛇舌草,性味微苦甘寒；归胃大肠小肠经；功效：清热解毒、利湿通淋。
external\cls_chinese_medicine/train/zicao/zicao_0654.jpg,紫草,性味甘咸寒；归心肝经；功效：凉血活血、解毒透疹。
external\cls_chinese_medicine/train/zhuru/zhuru_0651.jpg,竹茹,性味甘微寒；归肺胃心胆经；功效：清热化痰、除烦止呕。
external\cls_chinese_medicine/train/cebaiye/cebaiye_0675.jpg,侧柏叶,性味苦涩寒；归肺肝大肠经；功效：凉血止血、化痰止咳、生发乌发。
external\cls_chinese_medicine/train/guya/guya_0783.jpg,谷芽,性味甘温；归脾胃经；功效：消食和中、健脾开胃。
external\cls_chinese_medicine/train/sangshen/sangshen_1140.jpg,桑葚,性味甘酸寒；归心肝肾经；功效：滋阴补血、生津润燥。
external\cls_chinese_medicine/train/ajiao/ajiao_0363.jpg,阿胶,性味甘平；归肺肝肾经；功效：补血滋阴、润燥、止血。
external\cls_chinese_medicine/train/guanzhong/guanzhong_0917.jpg,贯众,性味苦微寒有小毒；归肝胃经；功效：清热解毒、驱虫、止血。
external\cls_chinese_medicine/train/fuling/fuling_1288.jpg,茯苓,性味甘淡平；归心肺脾肾经；功效：利水渗湿、健脾、宁心。
external\cls_chinese_medicine/train/dilong/dilong_0902.jpg,地龙,性味咸寒；归肝脾膀胱经；功效：清热定惊、通络平喘、利尿。
external\cls_chinese_medicine/train/baimaogen/baimaogen_1011.jpg,白茅根,性味甘寒；归肺胃膀胱经；功效：凉血止血、清热利尿。
external\cls_chinese_medicine/train/houpu/houpu_0305.jpg,厚朴,性味苦辛温；归脾胃肺大肠经；功效：燥湿消痰、下气除满。
external\cls_chinese_medicine/train/paojiang/paojiang_0015.jpg,炮姜,性味苦涩温；归脾胃肾经；功效：温经止血、温中止痛。
external\cls_chinese_medicine/train/gegen/gegen_0659.jpg,葛根,性味甘辛凉；归脾胃肺经；功效：解肌退热、生津止渴、透疹、升阳止泻、通经活络。
external\cls_chinese_medicine/train/shuiniujiao/shuiniujiao_0502.jpg,水牛角,性味苦寒；归心肝胃经；功效：清热凉血、定惊。
external\cls_chinese_medicine/train/xuduan/xuduan_0431.jpg,续断,性味苦辛微温；归肝肾经；功效：补肝肾、强筋骨、续折伤、止崩漏。
external\cls_chinese_medicine/train/gegen/gegen_1002.jpg,葛根,性味甘辛凉；归脾胃肺经；功效：解肌退热、生津止渴、透疹、升阳止泻、通经活络。
external\cls_chinese_medicine/train/mudanpi/mudanpi_0898.jpg,牡丹皮,性味苦辛微寒；归心肝肾经；功效：清热凉血、活血化瘀。
external\cls_chinese_medicine/train/roudoukou/roudoukou_1180.jpg,肉豆蔻,性味辛温；归脾胃大肠经；功效：温中行气、涩肠止泻。
external\cls_chinese_medicine/train/gancao/gancao_1433.jpg,甘草,性味甘平；归心肺脾胃经；功效：补脾益气、清热解毒、祛痰止咳、缓急止痛、调和诸药。
external\cls_chinese_medicine/train/baihe/baihe_0253.jpg,百合,性味甘寒；归心肺经；功效：养阴润肺、清心安神。
external\cls_chinese_medicine/train/baiziren/baiziren_0807.jpg,柏子仁,性味甘平；归心肾大肠经；功效：养心安神、润肠通便、止汗。
external\cls_chinese_medicine/train/sharen/sharen_0566.jpg,砂仁,性味辛温；归脾胃肾经；功效：化湿开胃、温脾止泻、理气安胎。
external\cls_chinese_medicine/train/xianhecao/xianhecao_0736.jpg,仙鹤草,性味苦涩平；归心肝经；功效：收敛止血、截疟止痢、解毒补虚。
external\cls_chinese_medicine/train/luohanguo/luohanguo_0338.jpg,罗汉果,性味甘凉；归肺大肠经；功效：清热润肺、利咽开音、滑肠通便。
external\cls_chinese_medicine/train/baifan/baifan_0914.jpg,白矾,性味酸涩寒；归肺脾肝大肠经；功效：外用解毒杀虫、燥湿止痒；内服止血止泻、祛除风痰。
external\cls_chinese_medicine/train/roudoukou/roudoukou_0529.jpg,肉豆蔻,性味辛温；归脾胃大肠经；功效：温中行气、涩肠止泻。
external\cls_chinese_medicine/train/chaihu/chaihu_1585.jpg,柴胡,性味苦辛微寒；归肝经；功效：疏散退热、疏肝解郁、升举阳气。
external\cls_chinese_medicine/train/shihu/shihu_0815.jpg,石斛,性味甘微寒；归胃肾经；功效：益胃生津、滋阴清热。
external\cls_chinese_medicine/train/bajitian/bajitian_0297.jpg,巴戟天,性味甘辛微温；归肾肝经；功效：补肾阳、强筋骨、祛风湿。
external\cls_chinese_medicine/train/chenxiang/chengxiang_0745.jpg,沉香,性味辛苦微温；归脾胃肾经；功效：行气止痛、温中止呕、纳气平喘。
external\cls_chinese_medicine/train/houpu/houpu_0069.jpg,厚朴,性味苦辛温；归脾胃肺大肠经；功效：燥湿消痰、下气除满。
external\cls_chinese_medicine/train/hehuanpi/hehuanpi_1366.jpg,合欢皮,性味甘平；归心肝肺经；功效：解郁安神、活血消肿。
external\cls_chinese_medicine/train/fuling/fuling_1495.jpg,茯苓,性味甘淡平；归心肺脾肾经；功效：利水渗湿、健脾、宁心。
external\cls_chinese_medicine/train/zicao/zicao_0209.jpg,紫草,性味甘咸寒；归心肝经；功效：凉血活血、解毒透疹。
external\cls_chinese_medicine/train/cishi/cishi_1360.jpg,磁石,性味咸寒；归肝肾心经；功效：镇惊安神、平肝潜阳、聪耳明目、纳气平喘。
external\cls_chinese_medicine/train/zhimu/zhimu_1116.jpg,知母,性味苦甘寒；归肺胃肾经；功效：清热泻火、滋阴润燥。
external\cls_chinese_medicine/train/baiziren/baiziren_0429.jpg,柏子仁,性味甘平；归心肾大肠经；功效：养心安神、润肠通便、止汗。
external\cls_chinese_medicine/train/tiandong/tiandong_0291.jpg,天冬,性味甘苦寒；归肺肾经；功效：养阴润燥、清肺生津。
external\cls_chinese_medicine/train/xuduan/xuduan_0809.jpg,续断,性味苦辛微温；归肝肾经；功效：补肝肾、强筋骨、续折伤、止崩漏。
external\cls_chinese_medicine/train/xinyi/xinyi_1499.jpg,辛夷,性味辛温；归肺胃经；功效：散风寒、通鼻窍。
external\cls_chinese_medicine/train/ganjiang/gangjiang_1413.jpg,干姜,性味辛热；归脾胃肾心肺经；功效：温中散寒、回阳通脉、温肺化饮。
external\cls_chinese_medicine/train/wuweizi/wuweizi_1105.jpg,五味子,性味酸甘温；归肺心肾经；功效：收敛固涩、益气生津、补肾宁心。
external\cls_chinese_medicine/train/muxiang/muxiang_1344.jpg,木香,性味辛苦温；归脾胃大肠三焦经；功效：行气止痛、健脾消食。
external\cls_chinese_medicine/train/jineijin/jineijin_0284.jpg,鸡内金,性味甘平；归脾胃小肠膀胱经；功效：健胃消食、涩精止遗、通淋化石。
external\cls_chinese_medicine/train/biejia/biejia_1140.jpg,鳖甲,性味咸微寒；归肝肾经；功效：滋阴潜阳、退热除蒸、软坚散结。
external\cls_chinese_medicine/train/duzhong/duzhong_1248.jpg,杜仲,性味甘温；归肝肾经；功效：补肝肾、强筋骨、安胎。
external\cls_chinese_medicine/train/cangzhu/cangzhu_0851.jpg,苍术,性味辛苦温；归脾胃肝经；功效：燥湿健脾、祛风散寒、明目。
external\cls_chinese_medicine/train/ganjiang/gangjiang_0242.jpg,干姜,性味辛热；归脾胃肾心肺经；功效：温中散寒、回阳通脉、温肺化饮。
external\cls_chinese_medicine/train/xiakucao/xiakucao_0043.jpg,夏枯草,性味辛苦寒；归肝胆经；功效：清肝泻火、明目、散结消肿。
external\cls_chinese_medicine/train/huangbo/huangbai_0371.jpg,黄柏,性味苦寒；归肾膀胱经；功效：清热燥湿、泻火除蒸、解毒疗疮。
external\cls_chinese_medicine/train/fuzi/fuzi_1258.jpg,附子,性味辛甘大热有毒；归心肾脾经；功效：回阳救逆、补火助阳、散寒止痛。
external\cls_chinese_medicine/train/luohanguo/luohanguo_0365.jpg,罗汉果,性味甘凉；归肺大肠经；功效：清热润肺、利咽开音、滑肠通便。
external\cls_chinese_medicine/train/lingzhi/linzhi_0424.jpg,灵芝,性味甘平；归心肺肝肾经；功效：补气安神、止咳平喘。
external\cls_chinese_medicine/train/tongcao/tongcao_0664.jpg,通草,性味甘淡微寒；归肺胃经；功效：清热利尿、通气下乳。
external\cls_chinese_medicine/train/roudoukou/roudoukou_0678.jpg,肉豆蔻,性味辛温；归脾胃大肠经；功效：温中行气、涩肠止泻。
external\cls_chinese_medicine/train/shenqu/shengqu_1093.jpg,神曲,性味甘辛温；归脾胃经；功效：消食和胃。
external\cls_chinese_medicine/train/tiankuizi/yitiankuizi_1448.jpg,天葵子,性味甘苦寒；归肝胃经；功效：清热解毒、消肿散结。
external\cls_chinese_medicine/train/baihuasheshecao/baihuasheshecao_0524.jpg,白花蛇舌草,性味微苦甘寒；归胃大肠小肠经；功效：清热解毒、利湿通淋。
external\cls_chinese_medicine/train/gouteng/gouteng_1441.jpg,钩藤,性味甘凉；归肝心包经；功效：息风定惊、清热平肝。
external\cls_chinese_medicine/train/honghua/honghua_0084.jpg,红花,性味辛温；归心肝经；功效：活血通经、散瘀止痛。
external\cls_chinese_medicine/train/huzhang/huzhang_1459.jpg,虎杖,性味微苦微寒；归肝胆肺经；功效：利湿退黄、清热解毒、散瘀止痛、止咳化痰。
external\cls_chinese_medicine/train/huangjing/huangjing_0048.jpg,黄精,性味甘平；归脾胃肺肾经；功效：补气养阴、健脾、润肺、益肾。
external\cls_chinese_medicine/train/yiyiren/yiyiren_0991.jpg,薏苡仁,性味甘淡凉；归脾胃肺经；功效：利水渗湿、健脾止泻、除痹、排脓、解毒散结。
external\cls_chinese_medicine/train/yimucao/yimucao_0218.jpg,益母草,性味苦辛微寒；归肝心包膀胱经；功效：活血调经、利尿消肿、清热解毒。
external\cls_chinese_medicine/train/fangfeng/fangfeng_0174.jpg,防风,性味辛甘微温；归膀胱肝脾经；功效：祛风解表、胜湿止痛、止痉。
external\cls_chinese_medicine/train/aiye/aiye_0326.jpg,艾叶,性味辛苦温；归肝脾肾经；功效：温经止血、散寒止痛、调经安胎、外用祛湿止痒。
external\cls_chinese_medicine/train/shigao/shigao_0855.jpg,石膏,性味甘辛大寒；归肺胃经；功效：清热泻火、除烦止渴。
external\cls_chinese_medicine/train/qianghuo/qianhuo_0532.jpg,羌活,性味辛苦温；归膀胱肾经；功效：解表散寒、祛风胜湿、止痛。
external\cls_chinese_medicine/train/fangfeng/fangfeng_0061.jpg,防风,性味辛甘微温；归膀胱肝脾经；功效：祛风解表、胜湿止痛、止痉。
external\cls_chinese_medicine/train/renshen/renshen_1679.jpg,人参(renshen),性味甘微苦微温；归脾肺心肾经；功效：大补元气、复脉固脱、补脾益肺、生津养血、安神。
external\cls_chinese_medicine/train/shanyao/shanyao_1408.jpg,山药,性味甘平；归脾肺肾经；功效：补脾养胃、生津益肺、补肾涩精。
external\cls_chinese_medicine/train/huaihua/huaihua_1049.jpg,槐花,性味苦微寒；归肝大肠经；功效：凉血止血、清肝泻火。
external\cls_chinese_medicine/train/beishashenkuai/beishashenkuai_1098.jpg,北沙参(beishashenkuai),性味甘微苦微寒；归肺胃经；功效：养阴清肺、益胃生津。
external\cls_chinese_medicine/train/zhenzhumu/zhenzhumu_0598.jpg,珍珠母,性味咸寒；归肝心经；功效：平肝潜阳、安神定惊、明目退翳。
external\cls_chinese_medicine/train/jianghuang/jianghuang_0872.jpg,姜黄,性味辛苦温；归脾胃肝经；功效：破血行气、通经止痛。
external\cls_chinese_medicine/train/diyu/diyu_0183.jpg,地榆,性味苦酸涩微寒；归肝大肠经；功效：凉血止血、解毒敛疮。
external\cls_chinese_medicine/train/tubiechong/tubiechong_1206.jpg,土鳖虫,性味咸寒有小毒；归肝经；功效：破血逐瘀、续筋接骨。
external\cls_chinese_medicine/train/renshen/renshen_0188.jpg,人参(renshen),性味甘微苦微温；归脾肺心肾经；功效：大补元气、复脉固脱、补脾益肺、生津养血、安神。
external\cls_chinese_medicine/train/huaihua/huaihua_0725.jpg,槐花,性味苦微寒；归肝大肠经；功效：凉血止血、清肝泻火。
external\cls_chinese_medicine/train/banlangen/banlangen_0546.jpg,板蓝根,性味苦寒；归心胃经；功效：清热解毒、凉血利咽。
external\cls_chinese_medicine/train/yuanzhi/yuanzhi_0999.jpg,远志,性味苦辛温；归心肾肺经；功效：安神益智、交通心肾、祛痰开窍、消散痈肿。
external\cls_chinese_medicine/train/baifan/baifan_0027.jpg,白矾,性味酸涩寒；归肺脾肝大肠经；功效：外用解毒杀虫、燥湿止痒；内服止血止泻、祛除风痰。
external\cls_chinese_medicine/train/suanzaoren/suanzaoren_0262.jpg,酸枣仁,性味甘酸平；归肝胆心经；功效：养心补肝、宁心安神、敛汗生津。
external\cls_chinese_medicine/train/cangzhu/cangzhu_0073.jpg,苍术,性味辛苦温；归脾胃肝经；功效：燥湿健脾、祛风散寒、明目。
external\cls_chinese_medicine/train/danshen/danshen_0069.jpg,丹参,性味苦微寒；归心肝经；功效：活血调经、凉血消痈、安神。
external\cls_chinese_medicine/train/gouteng/gouteng_1515.jpg,钩藤,性味甘凉；归肝心包经；功效：息风定惊、清热平肝。
external\cls_chinese_medicine/train/shuihonghuazi/shuihonghuazi_1150.jpg,水红花子,性味咸凉；归肝胃经；功效：散血消癥、消积止痛、利水消肿。
external\cls_chinese_medicine/train/tianmakuai/tianmakuai_0833.jpg,天麻(tianmakuai),性味甘平；归肝经；功效：息风止痉、平抑肝阳、祛风通络。
external\cls_chinese_medicine/train/diyu/diyu_0152.jpg,地榆,性味苦酸涩微寒；归肝大肠经；功效：凉血止血、解毒敛疮。
external\cls_chinese_medicine/train/jineijin/jineijin_0011.jpg,鸡内金,性味甘平；归脾胃小肠膀胱经；功效：健胃消食、涩精止遗、通淋化石。
external\cls_chinese_medicine/train/qianghuo/qianhuo_1138.jpg,羌活,性味辛苦温；归膀胱肾经；功效：解表散寒、祛风胜湿、止痛。
external\cls_chinese_medicine/train/yuzhutiao/yuzhutiao_0159.jpg,玉竹(yuzhutiao),性味甘微寒；归肺胃经；功效：养阴润燥、生津止渴。
external\cls_chinese_medicine/train/xiangfu/xiangfu_0207.jpg,香附,性味辛微苦微甘平；归肝脾三焦经；功效：疏肝解郁、理气宽中、调经止痛。
external\cls_chinese_medicine/train/shuiniujiao/shuiniujiao_1184.jpg,水牛角,性味苦寒；归心肝胃经；功效：清热凉血、定惊。
external\cls_chinese_medicine/train/muli/muli_0300.jpg,牡蛎,性味咸微寒；归肝肾经；功效：重镇安神、潜阳补阴、软坚散结、收敛固涩。
external\cls_chinese_medicine/train/caoguo/caoguo_1417.jpg,草果,性味辛温；归脾胃经；功效：燥湿温中、截疟除痰。
external\cls_chinese_medicine/train/wujiapi/wujiapi_0548.jpg,五加皮,性味辛苦温；归肝肾经；功效：祛风湿、补肝肾、强筋骨。
external\cls_chinese_medicine/train/yuzhutiao/yuzhutiao_1128.jpg,玉竹(yuzhutiao),性味甘微寒；归肺胃经；功效：养阴润燥、生津止渴。
external\cls_chinese_medicine/train/cangzhu/cangzhu_0847.jpg,苍术,性味辛苦温；归脾胃肝经；功效：燥湿健脾、祛风散寒、明目。
external\cls_chinese_medicine/train/shegan/shegang_1454.jpg,射干,性味苦寒；归肺经；功效：清热解毒、消痰利咽。
external\cls_chinese_medicine/train/chenxiang/chengxiang_0865.jpg,沉香,性味辛苦微温；归脾胃肾经；功效：行气止痛、温中止呕、纳气平喘。
external\cls_chinese_medicine/train/shuiniujiao/shuiniujiao_1156.jpg,水牛角,性味苦寒；归心肝胃经；功效：清热凉血、定惊。
external\cls_chinese_medicine/train/baimaogen/baimaogen_0731.jpg,白茅根,性味甘寒；归肺胃膀胱经；功效：凉血止血、清热利尿。
external\cls_chinese_medicine/train/daxueteng/daxueteng_0320.jpg,大血藤,性味苦平；归大肠肝经；功效：清热解毒、活血止痛、祛风通络。
external\cls_chinese_medicine/train/chaihu/chaihu_0924.jpg,柴胡,性味苦辛微寒；归肝经；功效：疏散退热、疏肝解郁、升举阳气。
external\cls_chinese_medicine/train/quanxie/quangxie_0035.jpg,全蝎,性味辛平有毒；归肝经；功效：息风镇痉、通络止痛、攻毒散结。
external\cls_chinese_medicine/train/heshouwu/heshouwu_0588.jpg,何首乌,性味苦甘涩微温；归肝肾经；功效：制用补肝肾益精血、生用解毒消痈润肠通便。
external\cls_chinese_medicine/train/chongcao/chongcao_1380.jpg,虫草,性味甘平；归肺肾经；功效：补肾益肺、止血化痰。
external\cls_chinese_medicine/train/beishashentiao/beishashentiao_0124.jpg,北沙参(beishashentiao),性味甘微苦微寒；归肺胃经；功效：养阴清肺、益胃生津。
external\cls_chinese_medicine/train/roucongrongpian/roucongrongpian_0543.jpg,肉苁蓉(roucongrongpian),性味甘咸温；归肾大肠经；功效：补肾阳、益精血、润肠通便。
external\cls_chinese_medicine/train/yiyiren/yiyiren_1426.jpg,薏苡仁,性味甘淡凉；归脾胃肺经；功效：利水渗湿、健脾止泻、除痹、排脓、解毒散结。
external\cls_chinese_medicine/train/jiangcan/jiangcan_0809.jpg,僵蚕,性味咸辛平；归肝肺经；功效：息风止痉、祛风止痛、化痰散结。
external\cls_chinese_medicine/train/tianmakuai/tianmakuai_1311.jpg,天麻(tianmakuai),性味甘平；归肝经；功效：息风止痉、平抑肝阳、祛风通络。
external\cls_chinese_medicine/train/zicao/zicao_0117.jpg,紫草,性味甘咸寒；归心肝经；功效：凉血活血、解毒透疹。
external\cls_chinese_medicine/train/renshenqiepian/renshenqiepian_1539.jpg,人参(renshenqiepian),性味甘微苦微温；归脾肺心肾经；功效：大补元气、复脉固脱、补脾益肺、生津养血、安神。
external\cls_chinese_medicine/train/yinchen/yinchen_0559.jpg,茵陈,性味苦辛微寒；归脾胃肝胆经；功效：清利湿热、利胆退黄。
external\cls_chinese_medicine/train/baimaogen/baimaogen_0496.jpg,白茅根,性味甘寒；归肺胃膀胱经；功效：凉血止血、清热利尿。
external\cls_chinese_medicine/train/foshou/foshou_0126.jpg,佛手,性味辛苦酸温；归肝脾胃肺经；功效：疏肝理气、和胃止痛、燥湿化痰。
external\cls_chinese_medicine/train/yuzhupian/yuzhupian_0216.jpg,玉竹(yuzhupian),性味甘微寒；归肺胃经；功效：养阴润燥、生津止渴。
external\cls_chinese_medicine/train/pugongying/pugongying_0776.jpg,蒲公英,性味苦甘寒；归肝胃经；功效：清热解毒、消肿散结、利尿通淋。
external\cls_chinese_medicine/train/tusizi/tusizi_0726.jpg,菟丝子,性味辛甘平；归肝肾脾经；功效：补益肝肾、固精缩尿、安胎、明目、止泻。
external\cls_chinese_medicine/train/nvzhenzi/nvzhenzi_0978.jpg,女贞子,性味甘苦凉；归肝肾经；功效：滋补肝肾、明目乌发。
external\cls_chinese_medicine/train/rougui/rougui_0631.jpg,肉桂,性味辛甘大热；归肾脾心肝经；功效：补火助阳、引火归元、散寒止痛、温通经脉。
external\cls_chinese_medicine/train/guanzhong/guanzhong_0491.jpg,贯众,性味苦微寒有小毒；归肝胃经；功效：清热解毒、驱虫、止血。
external\cls_chinese_medicine/train/yinchen/yinchen_0905.jpg,茵陈,性味苦辛微寒；归脾胃肝胆经；功效：清利湿热、利胆退黄。
external\cls_chinese_medicine/train/wulingzhi/wulinzhi_0883.jpg,五灵脂,性味苦咸甘温；归肝经；功效：活血止痛、化瘀止血。
external\cls_chinese_medicine/train/chaihu/chaihu_0153.jpg,柴胡,性味苦辛微寒；归肝经；功效：疏散退热、疏肝解郁、升举阳气。
external\cls_chinese_medicine/train/daqingye/daqinye_1264.jpg,大青叶,性味苦寒；归心胃经；功效：清热解毒、凉血消斑。
external\cls_chinese_medicine/train/gegen/gegen_0260.jpg,葛根,性味甘辛凉；归脾胃肺经；功效：解肌退热、生津止渴、透疹、升阳止泻、通经活络。
external\cls_chinese_medicine/train/shengma/shengma_1170.jpg,升麻,性味辛微甘微寒；归肺脾胃大肠经；功效：发表透疹、清热解毒、升举阳气。
external\cls_chinese_medicine/train/foshou/foshou_1475.jpg,佛手,性味辛苦酸温；归肝脾胃肺经；功效：疏肝理气、和胃止痛、燥湿化痰。
external\cls_chinese_medicine/train/huangbo/huangbai_1206.jpg,黄柏,性味苦寒；归肾膀胱经；功效：清热燥湿、泻火除蒸、解毒疗疮。
external\cls_chinese_medicine/train/gancao/gancao_0407.jpg,甘草,性味甘平；归心肺脾胃经；功效：补脾益气、清热解毒、祛痰止咳、缓急止痛、调和诸药。
external\cls_chinese_medicine/train/wulingzhi/wulinzhi_1286.jpg,五灵脂,性味苦咸甘温；归肝经；功效：活血止痛、化瘀止血。
external\cls_chinese_medicine/train/chuanxinlian/chuanxinlian_0238.jpg,穿心莲,性味苦寒；归心肺大肠膀胱经；功效：清热解毒、凉血消肿、燥湿。
external\cls_chinese_medicine/train/tubiechong/tubiechong_0840.jpg,土鳖虫,性味咸寒有小毒；归肝经；功效：破血逐瘀、续筋接骨。
external\cls_chinese_medicine/train/jiangcan/jiangcan_0736.jpg,僵蚕,性味咸辛平；归肝肺经；功效：息风止痉、祛风止痛、化痰散结。
external\cls_chinese_medicine/train/shanyao/shanyao_1500.jpg,山药,性味甘平；归脾肺肾经；功效：补脾养胃、生津益肺、补肾涩精。
external\cls_chinese_medicine/train/roucongronggen/roucongronggeng_0599.jpg,肉苁蓉(roucongronggen),性味甘咸温；归肾大肠经；功效：补肾阳、益精血、润肠通便。
external\cls_chinese_medicine/train/chaihu/chaihu_0782.jpg,柴胡,性味苦辛微寒；归肝经；功效：疏散退热、疏肝解郁、升举阳气。
external\cls_chinese_medicine/train/zihuadiding/zihuadiding_0839.jpg,紫花地丁,性味苦辛寒；归心肝经；功效：清热解毒、凉血消肿。
external\cls_chinese_medicine/train/muxiang/muxiang_0324.jpg,木香,性味辛苦温；归脾胃大肠三焦经；功效：行气止痛、健脾消食。
external\cls_chinese_medicine/train/niuxi/niuxi_1499.jpg,牛膝,性味苦甘酸平；归肝肾经；功效：逐瘀通经、补肝肾、强筋骨、利尿通淋、引血下行。
external\cls_chinese_medicine/train/shengma/shengma_0757.jpg,升麻,性味辛微甘微寒；归肺脾胃大肠经；功效：发表透疹、清热解毒、升举阳气。
external\cls_chinese_medicine/train/gouteng/gouteng_0687.jpg,钩藤,性味甘凉；归肝心包经；功效：息风定惊、清热平肝。
external\cls_chinese_medicine/train/yuzhupian/yuzhupian_0193.jpg,玉竹(yuzhupian),性味甘微寒；归肺胃经；功效：养阴润燥、生津止渴。
external\cls_chinese_medicine/train/wuweizi/wuweizi_0824.jpg,五味子,性味酸甘温；归肺心肾经；功效：收敛固涩、益气生津、补肾宁心。
external\cls_chinese_medicine/train/qianghuo/qianhuo_1225.jpg,羌活,性味辛苦温；归膀胱肾经；功效：解表散寒、祛风胜湿、止痛。
external\cls_chinese_medicine/train/roucongronggen/roucongronggeng_0559.jpg,肉苁蓉(roucongronggen),性味甘咸温；归肾大肠经；功效：补肾阳、益精血、润肠通便。
external\cls_chinese_medicine/train/chishizhi/chishizhi_0130.jpg,赤石脂,性味甘酸涩温；归大肠胃经；功效：涩肠止泻、收敛止血、敛疮生肌。
external\cls_chinese_medicine/train/chishao/chishao_0383.jpg,赤芍,性味苦微寒；归肝经经；功效：清热凉血、散瘀止痛。
external\cls_chinese_medicine/train/guanzhong/guanzhong_1541.jpg,贯众,性味苦微寒有小毒；归肝胃经；功效：清热解毒、驱虫、止血。
external\cls_chinese_medicine/train/danshen/danshen_0428.jpg,丹参,性味苦微寒；归心肝经；功效：活血调经、凉血消痈、安神。
external\cls_chinese_medicine/train/quanxie/quangxie_1550.jpg,全蝎,性味辛平有毒；归肝经；功效：息风镇痉、通络止痛、攻毒散结。
external\cls_chinese_medicine/train/renshenqiepian/renshenqiepian_0765.jpg,人参(renshenqiepian),性味甘微苦微温；归脾肺心肾经；功效：大补元气、复脉固脱、补脾益肺、生津养血、安神。
external\cls_chinese_medicine/train/banxia/banxia_0815.jpg,半夏,性味辛温有毒；归脾胃肺经；功效：燥湿化痰、降逆止呕、消痞散结。
external\cls_chinese_medicine/train/yuzhupian/yuzhupian_0081.jpg,玉竹(yuzhupian),性味甘微寒；归肺胃经；功效：养阴润燥、生津止渴。
external\cls_chinese_medicine/train/diyu/diyu_1513.jpg,地榆,性味苦酸涩微寒；归肝大肠经；功效：凉血止血、解毒敛疮。
external\cls_chinese_medicine/train/lulutong/lulutong_1466.jpg,路路通,性味苦平；归肝膀胱经；功效：祛风活络、利水通经、下乳。
external\cls_chinese_medicine/train/lulutong/lulutong_1518.jpg,路路通,性味苦平；归肝膀胱经；功效：祛风活络、利水通经、下乳。
external\cls_chinese_medicine/train/yujin/yujin_0579.jpg,郁金,性味辛苦寒；归肝心肺经；功效：活血止痛、行气解郁、清心凉血、利胆退黄。
external\cls_chinese_medicine/train/huangjing/huangjing_0368.jpg,黄精,性味甘平；归脾胃肺肾经；功效：补气养阴、健脾、润肺、益肾。
external\cls_chinese_medicine/train/chongcao/chongcao_1130.jpg,虫草,性味甘平；归肺肾经；功效：补肾益肺、止血化痰。
external\cls_chinese_medicine/train/baibu/baibu_1246.jpg,百部,性味甘苦微温；归肺经；功效：润肺下气止咳、杀虫灭虱。
external\cls_chinese_medicine/train/quanxie/quangxie_0119.jpg,全蝎,性味辛平有毒；归肝经；功效：息风镇痉、通络止痛、攻毒散结。
external\cls_chinese_medicine/train/zicao/zicao_0781.jpg,紫草,性味甘咸寒；归心肝经；功效：凉血活血、解毒透疹。
external\cls_chinese_medicine/train/guanzhong/guanzhong_0460.jpg,贯众,性味苦微寒有小毒；归肝胃经；功效：清热解毒、驱虫、止血。
external\cls_chinese_medicine/train/gancao/gancao_1158.jpg,甘草,性味甘平；归心肺脾胃经；功效：补脾益气、清热解毒、祛痰止咳、缓急止痛、调和诸药。
external\cls_chinese_medicine/train/sanqi/sanqi_0999.jpg,三七,性味甘微苦温；归肝胃经；功效：化瘀止血、活血定痛。
external\cls_chinese_medicine/train/shegan/shegang_0444.jpg,射干,性味苦寒；归肺经；功效：清热解毒、消痰利咽。
external\cls_chinese_medicine/train/shenqu/shengqu_0769.jpg,神曲,性味甘辛温；归脾胃经；功效：消食和胃。
external\cls_chinese_medicine/train/suanzaoren/suanzaoren_1496.jpg,酸枣仁,性味甘酸平；归肝胆心经；功效：养心补肝、宁心安神、敛汗生津。
external\cls_chinese_medicine/train/mudanpi/mudanpi_0505.jpg,牡丹皮,性味苦辛微寒；归心肝肾经；功效：清热凉血、活血化瘀。
external\cls_chinese_medicine/train/tiankuizi/yitiankuizi_1216.jpg,天葵子,性味甘苦寒；归肝胃经；功效：清热解毒、消肿散结。
external\cls_chinese_medicine/train/cishi/cishi_0034.jpg,磁石,性味咸寒；归肝肾心经；功效：镇惊安神、平肝潜阳、聪耳明目、纳气平喘。
external\cls_chinese_medicine/train/xiakucao/xiakucao_0749.jpg,夏枯草,性味辛苦寒；归肝胆经；功效：清肝泻火、明目、散结消肿。
external\cls_chinese_medicine/train/wujiapi/wujiapi_1062.jpg,五加皮,性味辛苦温；归肝肾经；功效：祛风湿、补肝肾、强筋骨。
external\cls_chinese_medicine/train/gegen/gegen_1268.jpg,葛根,性味甘辛凉；归脾胃肺经；功效：解肌退热、生津止渴、透疹、升阳止泻、通经活络。
external\cls_chinese_medicine/train/peilan/peilan_0368.jpg,佩兰,性味辛平；归脾胃肺经；功效：芳香化湿、醒脾开胃、发表解暑。
external\cls_chinese_medicine/train/jixueteng/jixueteng_0904.jpg,鸡血藤,性味苦甘温；归肝经；功效：活血补血、调经止痛、舒筋活络。
external\cls_chinese_medicine/train/zhenzhumu/zhenzhumu_0318.jpg,珍珠母,性味咸寒；归肝心经；功效：平肝潜阳、安神定惊、明目退翳。
external\cls_chinese_medicine/train/wumei/wumei_0307.jpg,乌梅,性味酸涩平；归肝脾肺大肠经；功效：敛肺涩肠、生津安蛔。
external\cls_chinese_medicine/train/shouwutengpian/shouwutengpian_0075.jpg,首乌藤(shouwutengpian),性味甘平；归心肝经；功效：养血安神、祛风通络。
external\cls_chinese_medicine/train/yinchen/yinchen_1470.jpg,茵陈,性味苦辛微寒；归脾胃肝胆经；功效：清利湿热、利胆退黄。
external\cls_chinese_medicine/train/xiaohuixiang/xiaohuixiang_0651.jpg,小茴香,性味辛温；归肝肾脾胃经；功效：散寒止痛、理气和胃。
external\cls_chinese_medicine/train/tianmapian/tianmapian_1581.jpg,天麻(tianmapian),性味甘平；归肝经；功效：息风止痉、平抑肝阳、祛风通络。
external\cls_chinese_medicine/train/tianmapian/tianmapian_0590.jpg,天麻(tianmapian),性味甘平；归肝经；功效：息风止痉、平抑肝阳、祛风通络。
external\cls_chinese_medicine/train/chenxiang/chengxiang_0512.jpg,沉香,性味辛苦微温；归脾胃肾经；功效：行气止痛、温中止呕、纳气平喘。
external\cls_chinese_medicine/train/gegen/gegen_0998.jpg,葛根,性味甘辛凉；归脾胃肺经；功效：解肌退热、生津止渴、透疹、升阳止泻、通经活络。
external\cls_chinese_medicine/train/roucongronggen/roucongronggeng_0958.jpg,肉苁蓉(roucongronggen),性味甘咸温；归肾大肠经；功效：补肾阳、益精血、润肠通便。
external\cls_chinese_medicine/train/bajitian/bajitian_1564.jpg,巴戟天,性味甘辛微温；归肾肝经；功效：补肾阳、强筋骨、祛风湿。
external\cls_chinese_medicine/train/shigao/shigao_0531.jpg,石膏,性味甘辛大寒；归肺胃经；功效：清热泻火、除烦止渴。
external\cls_chinese_medicine/train/qinghao/qinhao_0246.jpg,青蒿,性味苦辛寒；归肝胆经；功效：清虚热、除骨蒸、解暑热、截疟、退黄。
external\cls_chinese_medicine/train/fuzi/fuzi_0568.jpg,附子,性味辛甘大热有毒；归心肾脾经；功效：回阳救逆、补火助阳、散寒止痛。
external\cls_chinese_medicine/train/shichangpu/shichangpu_1347.jpg,石菖蒲,性味辛苦温；归心胃经；功效：开窍豁痰、醒神益智、化湿开胃。
external\cls_chinese_medicine/train/roucongrongpian/roucongrongpian_0169.jpg,肉苁蓉(roucongrongpian),性味甘咸温；归肾大肠经；功效：补肾阳、益精血、润肠通便。
external\cls_chinese_medicine/train/qianghuo/qianhuo_0790.jpg,羌活,性味辛苦温；归膀胱肾经；功效：解表散寒、祛风胜湿、止痛。
external\cls_chinese_medicine/train/tiankuizi/yitiankuizi_0539.jpg,天葵子,性味甘苦寒；归肝胃经；功效：清热解毒、消肿散结。
external\cls_chinese_medicine/train/tiandong/tiandong_0402.jpg,天冬,性味甘苦寒；归肺肾经；功效：养阴润燥、清肺生津。
external\cls_chinese_medicine/train/longgu/longgu_1560.jpg,龙骨,性味甘涩平；归心肝肾经；功效：镇惊安神、平肝潜阳、收敛固涩。
external\cls_chinese_medicine/train/zelan/zelan_0231.jpg,泽兰,性味苦辛微温；归肝脾经；功效：活血调经、祛瘀消痈、利水消肿。
external\cls_chinese_medicine/train/sharen/sharen_1165.jpg,砂仁,性味辛温；归脾胃肾经；功效：化湿开胃、温脾止泻、理气安胎。
external\cls_chinese_medicine/train/chaihu/chaihu_1210.jpg,柴胡,性味苦辛微寒；归肝经；功效：疏散退热、疏肝解郁、升举阳气。
external\cls_chinese_medicine/train/zhiqiaopian/zhiqiaopian_1299.jpg,枳壳(zhiqiaopian),性味苦辛酸微寒；归脾胃经；功效：理气宽中、行滞消胀。
external\cls_chinese_medicine/train/shouwutengpian/shouwutengpian_1069.jpg,首乌藤(shouwutengpian),性味甘平；归心肝经；功效：养血安神、祛风通络。
external\cls_chinese_medicine/train/wuweizi/wuweizi_1583.jpg,五味子,性味酸甘温；归肺心肾经；功效：收敛固涩、益气生津、补肾宁心。
external\cls_chinese_medicine/train/baimaogen/baimaogen_0247.jpg,白茅根,性味甘寒；归肺胃膀胱经；功效：凉血止血、清热利尿。
external\cls_chinese_medicine/train/cebaiye/cebaiye_1599.jpg,侧柏叶,性味苦涩寒；归肺肝大肠经；功效：凉血止血、化痰止咳、生发乌发。
external\cls_chinese_medicine/train/yuzhupian/yuzhupian_1125.jpg,玉竹(yuzhupian),性味甘微寒；归肺胃经；功效：养阴润燥、生津止渴。
external\cls_chinese_medicine/train/jinqiancao/jinqiancao_0902.jpg,金钱草,性味甘咸微寒；归肝胆肾膀胱经；功效：利湿退黄、利尿通淋、解毒消肿。
external\cls_chinese_medicine/train/huaihua/huaihua_0214.jpg,槐花,性味苦微寒；归肝大肠经；功效：凉血止血、清肝泻火。
external\cls_chinese_medicine/train/chenpi/chenpi_1491.jpg,陈皮,性味苦辛温；归脾肺经；功效：理气健脾、燥湿化痰。
external\cls_chinese_medicine/train/shichangpu/shichangpu_0591.jpg,石菖蒲,性味辛苦温；归心胃经；功效：开窍豁痰、醒神益智、化湿开胃。
external\cls_chinese_medicine/train/yuanzhi/yuanzhi_0773.jpg,远志,性味苦辛温；归心肾肺经；功效：安神益智、交通心肾、祛痰开窍、消散痈肿。
external\cls_chinese_medicine/train/guanzhong/guanzhong_1425.jpg,贯众,性味苦微寒有小毒；归肝胃经；功效：清热解毒、驱虫、止血。
external\cls_chinese_medicine/train/chongcao/chongcao_0928.jpg,虫草,性味甘平；归肺肾经；功效：补肾益肺、止血化痰。
external\cls_chinese_medicine/train/qinghao/qinhao_0609.jpg,青蒿,性味苦辛寒；归肝胆经；功效：清虚热、除骨蒸、解暑热、截疟、退黄。
external\cls_chinese_medicine/train/zhenzhumu/zhenzhumu_1380.jpg,珍珠母,性味咸寒；归肝心经；功效：平肝潜阳、安神定惊、明目退翳。
external\cls_chinese_medicine/train/luohanguo/luohanguo_0836.jpg,罗汉果,性味甘凉；归肺大肠经；功效：清热润肺、利咽开音、滑肠通便。
external\cls_chinese_medicine/train/duzhong/duzhong_1238.jpg,杜仲,性味甘温；归肝肾经；功效：补肝肾、强筋骨、安胎。
external\cls_chinese_medicine/train/shichangpu/shichangpu_0473.jpg,石菖蒲,性味辛苦温；归心胃经；功效：开窍豁痰、醒神益智、化湿开胃。
external\cls_chinese_medicine/train/roucongrongpian/roucongrongpian_1509.jpg,肉苁蓉(roucongrongpian),性味甘咸温；归肾大肠经；功效：补肾阳、益精血、润肠通便。
external\cls_chinese_medicine/train/wulingzhi/wulinzhi_0922.jpg,五灵脂,性味苦咸甘温；归肝经；功效：活血止痛、化瘀止血。
external\cls_chinese_medicine/train/huangjing/huangjing_1416.jpg,黄精,性味甘平；归脾胃肺肾经；功效：补气养阴、健脾、润肺、益肾。
external\cls_chinese_medicine/train/suanzaoren/suanzaoren_0137.jpg,酸枣仁,性味甘酸平；归肝胆心经；功效：养心补肝、宁心安神、敛汗生津。
external\cls_chinese_medicine/train/zhuru/zhuru_0088.jpg,竹茹,性味甘微寒；归肺胃心胆经；功效：清热化痰、除烦止呕。
external\cls_chinese_medicine/train/baishao/baishao_0614.jpg,白芍,性味苦酸微寒；归肝脾经；功效：养血调经、敛阴止汗、柔肝止痛、平抑肝阳。
external\cls_chinese_medicine/train/wuweizi/wuweizi_1206.jpg,五味子,性味酸甘温；归肺心肾经；功效：收敛固涩、益气生津、补肾宁心。
external\cls_chinese_medicine/train/xiangfu/xiangfu_0238.jpg,香附,性味辛微苦微甘平；归肝脾三焦经；功效：疏肝解郁、理气宽中、调经止痛。
external\cls_chinese_medicine/train/yinchen/yinchen_0889.jpg,茵陈,性味苦辛微寒；归脾胃肝胆经；功效：清利湿热、利胆退黄。
external\cls_chinese_medicine/train/hehuanpi/hehuanpi_0692.jpg,合欢皮,性味甘平；归心肝肺经；功效：解郁安神、活血消肿。
external\cls_chinese_medicine/train/banlangen/banlangen_1593.jpg,板蓝根,性味苦寒；归心胃经；功效：清热解毒、凉血利咽。
external\cls_chinese_medicine/train/sharen/sharen_0265.jpg,砂仁,性味辛温；归脾胃肾经；功效：化湿开胃、温脾止泻、理气安胎。
external\cls_chinese_medicine/train/jinyinhua/(953).jpg,金银花,性味甘寒；归肺心胃经；功效：清热解毒、疏散风热。
external\cls_chinese_medicine/train/chenxiang/chengxiang_1147.jpg,沉香,性味辛苦微温；归脾胃肾经；功效：行气止痛、温中止呕、纳气平喘。
external\cls_chinese_medicine/train/tusizi/tusizi_0618.jpg,菟丝子,性味辛甘平；归肝肾脾经；功效：补益肝肾、固精缩尿、安胎、明目、止泻。
external\cls_chinese_medicine/train/maidong/maidong_0316.jpg,麦冬,性味甘微苦微寒；归心胃肺经；功效：养阴生津、润肺清心。
external\cls_chinese_medicine/train/yujin/yujin_0076.jpg,郁金,性味辛苦寒；归肝心肺经；功效：活血止痛、行气解郁、清心凉血、利胆退黄。
external\cls_chinese_medicine/train/tianmapian/tianmapian_0141.jpg,天麻(tianmapian),性味甘平；归肝经；功效：息风止痉、平抑肝阳、祛风通络。
external\cls_chinese_medicine/train/gegen/gegen_1202.jpg,葛根,性味甘辛凉；归脾胃肺经；功效：解肌退热、生津止渴、透疹、升阳止泻、通经活络。
external\cls_chinese_medicine/train/fuling/fuling_0884.jpg,茯苓,性味甘淡平；归心肺脾肾经；功效：利水渗湿、健脾、宁心。
external\cls_chinese_medicine/train/tiankuizi/yitiankuizi_0191.jpg,天葵子,性味甘苦寒；归肝胃经；功效：清热解毒、消肿散结。
external\cls_chinese_medicine/train/paojiang/paojiang_1220.jpg,炮姜,性味苦涩温；归脾胃肾经；功效：温经止血、温中止痛。
external\cls_chinese_medicine/train/houpu/houpu_0263.jpg,厚朴,性味苦辛温；归脾胃肺大肠经；功效：燥湿消痰、下气除满。
external\cls_chinese_medicine/train/baifan/baifan_0611.jpg,白矾,性味酸涩寒；归肺脾肝大肠经；功效：外用解毒杀虫、燥湿止痒；内服止血止泻、祛除风痰。
external\cls_chinese_medicine/train/sharen/sharen_0786.jpg,砂仁,性味辛温；归脾胃肾经；功效：化湿开胃、温脾止泻、理气安胎。
external\cls_chinese_medicine/train/zicao/zicao_0828.jpg,紫草,性味甘咸寒；归心肝经；功效：凉血活血、解毒透疹。
external\cls_chinese_medicine/train/ganjiang/gangjiang_0023.jpg,干姜,性味辛热；归脾胃肾心肺经；功效：温中散寒、回阳通脉、温肺化饮。
external\cls_chinese_medicine/train/qianhu/qianhu_0318.jpg,前胡,性味苦辛微寒；归肺脾经；功效：降气化痰、散风清热。
external\cls_chinese_medicine/train/caokou/caokou_0100.jpg,草蔻,性味辛温；归脾胃经；功效：燥湿行气、温中止呕。
external\cls_chinese_medicine/train/fupenzi/fupenzi_0683.jpg,覆盆子,性味甘酸温；归肝肾经；功效：益肾固精缩尿、养肝明目。
external\cls_chinese_medicine/train/jinyinhua/(1443).jpg,金银花,性味甘寒；归肺心胃经；功效：清热解毒、疏散风热。
external\cls_chinese_medicine/train/mudanpi/mudanpi_1029.jpg,牡丹皮,性味苦辛微寒；归心肝肾经；功效：清热凉血、活血化瘀。
external\cls_chinese_medicine/train/jineijin/jineijin_0895.jpg,鸡内金,性味甘平；归脾胃小肠膀胱经；功效：健胃消食、涩精止遗、通淋化石。
external\cls_chinese_medicine/train/juemingzi/juemingzi_0352.jpg,决明子,性味甘苦咸微寒；归肝大肠经；功效：清热明目、润肠通便。
external\cls_chinese_medicine/train/xinyi/xinyi_0424.jpg,辛夷,性味辛温；归肺胃经；功效：散风寒、通鼻窍。
external\cls_chinese_medicine/train/sangshen/sangshen_0831.jpg,桑葚,性味甘酸寒；归心肝肾经；功效：滋阴补血、生津润燥。
external\cls_chinese_medicine/train/baishao/baishao_0373.jpg,白芍,性味苦酸微寒；归肝脾经；功效：养血调经、敛阴止汗、柔肝止痛、平抑肝阳。
external\cls_chinese_medicine/train/danshen/danshen_0453.jpg,丹参,性味苦微寒；归心肝经；功效：活血调经、凉血消痈、安神。
external\cls_chinese_medicine/train/zhiqiaotiao/zhiqiaotiao_0342.jpg,枳壳(zhiqiaotiao),性味苦辛酸微寒；归脾胃经；功效：理气宽中、行滞消胀。
external\cls_chinese_medicine/train/fupenzi/fupenzi_0609.jpg,覆盆子,性味甘酸温；归肝肾经；功效：益肾固精缩尿、养肝明目。
external\cls_chinese_medicine/train/dangshen/dangsheng_0822.jpg,党参,性味甘平；归脾肺经；功效：健脾益肺、养血生津。
external\cls_chinese_medicine/train/zhebeimu/zhebeimu_0499.jpg,浙贝母,性味苦寒；归肺心经；功效：清热化痰、散结消痈。
external\cls_chinese_medicine/train/zhiqiaotiao/zhiqiaotiao_0275.jpg,枳壳(zhiqiaotiao),性味苦辛酸微寒；归脾胃经；功效：理气宽中、行滞消胀。
external\cls_chinese_medicine/train/yujin/yujin_0703.jpg,郁金,性味辛苦寒；归肝心肺经；功效：活血止痛、行气解郁、清心凉血、利胆退黄。
external\cls_chinese_medicine/train/xinyi/xinyi_1430.jpg,辛夷,性味辛温；归肺胃经；功效：散风寒、通鼻窍。
external\cls_chinese_medicine/train/puhuang/puhuang_0878.jpg,蒲黄,性味甘平；归肝心包经；功效：止血、化瘀、通淋。
external\cls_chinese_medicine/train/huangjing/huangjing_0209.jpg,黄精,性味甘平；归脾胃肺肾经；功效：补气养阴、健脾、润肺、益肾。
external\cls_chinese_medicine/train/yiyiren/yiyiren_1292.jpg,薏苡仁,性味甘淡凉；归脾胃肺经；功效：利水渗湿、健脾止泻、除痹、排脓、解毒散结。
external\cls_chinese_medicine/train/yujin/yujin_0988.jpg,郁金,性味辛苦寒；归肝心肺经；功效：活血止痛、行气解郁、清心凉血、利胆退黄。
external\cls_chinese_medicine/train/cebaiye/cebaiye_0934.jpg,侧柏叶,性味苦涩寒；归肺肝大肠经；功效：凉血止血、化痰止咳、生发乌发。
external\cls_chinese_medicine/train/tusizi/tusizi_1545.jpg,菟丝子,性味辛甘平；归肝肾脾经；功效：补益肝肾、固精缩尿、安胎、明目、止泻。
external\cls_chinese_medicine/train/lulutong/lulutong_0539.jpg,路路通,性味苦平；归肝膀胱经；功效：祛风活络、利水通经、下乳。
external\cls_chinese_medicine/train/ganjiang/gangjiang_0322.jpg,干姜,性味辛热；归脾胃肾心肺经；功效：温中散寒、回阳通脉、温肺化饮。
external\cls_chinese_medicine/train/yejuhua/yejuhua_1475.jpg,菊花,性味苦辛微寒；归肝心经；功效：清热解毒、泻火平肝。
external\cls_chinese_medicine/train/foshou/foshou_1077.jpg,佛手,性味辛苦酸温；归肝脾胃肺经；功效：疏肝理气、和胃止痛、燥湿化痰。
external\cls_chinese_medicine/train/shengma/shengma_1123.jpg,升麻,性味辛微甘微寒；归肺脾胃大肠经；功效：发表透疹、清热解毒、升举阳气。
external\cls_chinese_medicine/train/maiya/maiya_0059.jpg,麦芽,性味甘平；归脾胃肝经；功效：行气消食、健脾开胃、回乳消胀。
external\cls_chinese_medicine/train/shanyao/shanyao_1111.jpg,山药,性味甘平；归脾肺肾经；功效：补脾养胃、生津益肺、补肾涩精。
external\cls_chinese_medicine/train/fuzi/fuzi_0438.jpg,附子,性味辛甘大热有毒；归心肾脾经；功效：回阳救逆、补火助阳、散寒止痛。
external\cls_chinese_medicine/train/huaihua/huaihua_0019.jpg,槐花,性味苦微寒；归肝大肠经；功效：凉血止血、清肝泻火。
external\cls_chinese_medicine/train/maidong/maidong_0716.jpg,麦冬,性味甘微苦微寒；归心胃肺经；功效：养阴生津、润肺清心。
external\cls_chinese_medicine/train/xuduan/xuduan_0923.jpg,续断,性味苦辛微温；归肝肾经；功效：补肝肾、强筋骨、续折伤、止崩漏。
external\cls_chinese_medicine/train/banlangen/banlangen_0595.jpg,板蓝根,性味苦寒；归心胃经；功效：清热解毒、凉血利咽。
external\cls_chinese_medicine/train/shenqu/shengqu_0899.jpg,神曲,性味甘辛温；归脾胃经；功效：消食和胃。
external\cls_chinese_medicine/train/jingjie/jinjie_0827.jpg,荆芥,性味辛微温；归肺肝经；功效：解表散风、透疹消疮、炒炭止血。
external\cls_chinese_medicine/train/gouteng/gouteng_1153.jpg,钩藤,性味甘凉；归肝心包经；功效：息风定惊、清热平肝。
external\cls_chinese_medicine/train/sangpiaoxiao/sangpiaoxiao_1220.jpg,桑螵蛸,性味甘咸平；归肝肾经；功效：固精缩尿、补肾助阳。
external\cls_chinese_medicine/train/roucongronggen/roucongronggeng_0942.jpg,肉苁蓉(roucongronggen),性味甘咸温；归肾大肠经；功效：补肾阳、益精血、润肠通便。
external\cls_chinese_medicine/train/zhiqiaotiao/zhiqiaotiao_0520.jpg,枳壳(zhiqiaotiao),性味苦辛酸微寒；归脾胃经；功效：理气宽中、行滞消胀。
external\cls_chinese_medicine/train/gegen/gegen_0008.jpg,葛根,性味甘辛凉；归脾胃肺经；功效：解肌退热、生津止渴、透疹、升阳止泻、通经活络。
external\cls_chinese_medicine/train/chantui/chantui_0490.jpg,蝉蜕,性味甘寒；归肺肝经；功效：疏散风热、利咽开音、透疹、明目退翳、息风止痉。
external\cls_chinese_medicine/train/jianghuang/jianghuang_0436.jpg,姜黄,性味辛苦温；归脾胃肝经；功效：破血行气、通经止痛。
external\cls_chinese_medicine/train/foshou/foshou_0181.jpg,佛手,性味辛苦酸温；归肝脾胃肺经；功效：疏肝理气、和胃止痛、燥湿化痰。
external\cls_chinese_medicine/train/maiya/maiya_0829.jpg,麦芽,性味甘平；归脾胃肝经；功效：行气消食、健脾开胃、回乳消胀。
external\cls_chinese_medicine/train/cebaiye/cebaiye_1178.jpg,侧柏叶,性味苦涩寒；归肺肝大肠经；功效：凉血止血、化痰止咳、生发乌发。
external\cls_chinese_medicine/train/shouwutengkuai/shouwutengkuai_0343.jpg,首乌藤(shouwutengkuai),性味甘平；归心肝经；功效：养血安神、祛风通络。
external\cls_chinese_medicine/train/baishao/baishao_0202.jpg,白芍,性味苦酸微寒；归肝脾经；功效：养血调经、敛阴止汗、柔肝止痛、平抑肝阳。
external\cls_chinese_medicine/train/xinyi/xinyi_0373.jpg,辛夷,性味辛温；归肺胃经；功效：散风寒、通鼻窍。
external\cls_chinese_medicine/train/baitouweng/baitouweng_0122.jpg,白头翁,性味苦寒；归胃大肠经；功效：清热解毒、凉血止痢。
external\cls_chinese_medicine/train/sanqi/sanqi_0670.jpg,三七,性味甘微苦温；归肝胃经；功效：化瘀止血、活血定痛。
external\cls_chinese_medicine/train/dilong/dilong_1479.jpg,地龙,性味咸寒；归肝脾膀胱经；功效：清热定惊、通络平喘、利尿。
external\cls_chinese_medicine/train/gouteng/gouteng_0238.jpg,钩藤,性味甘凉；归肝心包经；功效：息风定惊、清热平肝。
external\cls_chinese_medicine/train/bajitian/bajitian_0268.jpg,巴戟天,性味甘辛微温；归肾肝经；功效：补肾阳、强筋骨、祛风湿。
external\cls_chinese_medicine/train/banlangen/banlangen_0738.jpg,板蓝根,性味苦寒；归心胃经；功效：清热解毒、凉血利咽。
external\cls_chinese_medicine/train/duzhong/duzhong_1320.jpg,杜仲,性味甘温；归肝肾经；功效：补肝肾、强筋骨、安胎。
external\cls_chinese_medicine/train/jinyinhua/(1404).jpg,金银花,性味甘寒；归肺心胃经；功效：清热解毒、疏散风热。
external\cls_chinese_medicine/train/taoren/taoren_1369.jpg,桃仁,性味苦甘平；归心肝大肠经；功效：活血祛瘀、润肠通便、止咳平喘。
external\cls_chinese_medicine/train/banxia/banxia_0734.jpg,半夏,性味辛温有毒；归脾胃肺经；功效：燥湿化痰、降逆止呕、消痞散结。
external\cls_chinese_medicine/train/dafupi/dafupi_0776.jpg,大腹皮,性味辛微温；归脾胃大肠小肠经；功效：行气宽中、行水消肿。
external\cls_chinese_medicine/train/paojiang/paojiang_0748.jpg,炮姜,性味苦涩温；归脾胃肾经；功效：温经止血、温中止痛。
external\cls_chinese_medicine/train/maiya/maiya_0406.jpg,麦芽,性味甘平；归脾胃肝经；功效：行气消食、健脾开胃、回乳消胀。
external\cls_chinese_medicine/train/banxia/banxia_1017.jpg,半夏,性味辛温有毒；归脾胃肺经；功效：燥湿化痰、降逆止呕、消痞散结。
external\cls_chinese_medicine/train/chenpi/chenpi_0136.jpg,陈皮,性味苦辛温；归脾肺经；功效：理气健脾、燥湿化痰。
external\cls_chinese_medicine/train/dangshen/dangsheng_1207.jpg,党参,性味甘平；归脾肺经；功效：健脾益肺、养血生津。
external\cls_chinese_medicine/train/digupi/digupi_0320.jpg,地骨皮,性味甘寒；归肺肝肾经；功效：凉血除蒸、清肺降火。
external\cls_chinese_medicine/train/xiangfu/xiangfu_1076.jpg,香附,性味辛微苦微甘平；归肝脾三焦经；功效：疏肝解郁、理气宽中、调经止痛。
external\cls_chinese_medicine/train/shenqu/shengqu_1203.jpg,神曲,性味甘辛温；归脾胃经；功效：消食和胃。
external\cls_chinese_medicine/train/rougui/rougui_0865.jpg,肉桂,性味辛甘大热；归肾脾心肝经；功效：补火助阳、引火归元、散寒止痛、温通经脉。
external\cls_chinese_medicine/train/fangfeng/fangfeng_1137.jpg,防风,性味辛甘微温；归膀胱肝脾经；功效：祛风解表、胜湿止痛、止痉。
external\cls_chinese_medicine/train/lianqiao/lianqiao_1139.jpg,连翘,性味苦微寒；归肺心小肠经；功效：清热解毒、疏散风热、消肿散结。
external\cls_chinese_medicine/train/sangshen/sangshen_0264.jpg,桑葚,性味甘酸寒；归心肝肾经；功效：滋阴补血、生津润燥。
external\cls_chinese_medicine/train/shenqu/shengqu_1448.jpg,神曲,性味甘辛温；归脾胃经；功效：消食和胃。
external\cls_chinese_medicine/train/gouteng/gouteng_1102.jpg,钩藤,性味甘凉；归肝心包经；功效：息风定惊、清热平肝。
external\cls_chinese_medicine/train/shouwutengkuai/shouwutengkuai_0921.jpg,首乌藤(shouwutengkuai),性味甘平；归心肝经；功效：养血安神、祛风通络。
external\cls_chinese_medicine/train/juemingzi/juemingzi_0379.jpg,决明子,性味甘苦咸微寒；归肝大肠经；功效：清热明目、润肠通便。
external\cls_chinese_medicine/train/gegen/gegen_0426.jpg,葛根,性味甘辛凉；归脾胃肺经；功效：解肌退热、生津止渴、透疹、升阳止泻、通经活络。
external\cls_chinese_medicine/train/yuzhutiao/yuzhutiao_0153.jpg,玉竹(yuzhutiao),性味甘微寒；归肺胃经；功效：养阴润燥、生津止渴。
external\cls_chinese_medicine/train/sangshen/sangshen_0946.jpg,桑葚,性味甘酸寒；归心肝肾经；功效：滋阴补血、生津润燥。
external\cls_chinese_medicine/train/daxueteng/daxueteng_1381.jpg,大血藤,性味苦平；归大肠肝经；功效：清热解毒、活血止痛、祛风通络。
external\cls_chinese_medicine/train/hehuanpi/hehuanpi_1049.jpg,合欢皮,性味甘平；归心肝肺经；功效：解郁安神、活血消肿。
external\cls_chinese_medicine/train/huaihua/huaihua_1301.jpg,槐花,性味苦微寒；归肝大肠经；功效：凉血止血、清肝泻火。
external\cls_chinese_medicine/train/huaihua/huaihua_0951.jpg,槐花,性味苦微寒；归肝大肠经；功效：凉血止血、清肝泻火。
external\cls_chinese_medicine/train/chuanxinlian/chuanxinlian_0928.jpg,穿心莲,性味苦寒；归心肺大肠膀胱经；功效：清热解毒、凉血消肿、燥湿。
external\cls_chinese_medicine/train/baimaogen/baimaogen_0384.jpg,白茅根,性味甘寒；归肺胃膀胱经；功效：凉血止血、清热利尿。
external\cls_chinese_medicine/train/yimucao/yimucao_1006.jpg,益母草,性味苦辛微寒；归肝心包膀胱经；功效：活血调经、利尿消肿、清热解毒。
external\cls_chinese_medicine/train/tianmakuai/tianmakuai_1429.jpg,天麻(tianmakuai),性味甘平；归肝经；功效：息风止痉、平抑肝阳、祛风通络。
external\cls_chinese_medicine/train/maidong/maidong_1109.jpg,麦冬,性味甘微苦微寒；归心胃肺经；功效：养阴生津、润肺清心。
external\cls_chinese_medicine/train/luoshiteng/luoshiteng_0792.jpg,络石藤,性味苦微寒；归心肝经；功效：祛风通络、凉血消肿。
external\cls_chinese_medicine/train/chongcao/chongcao_1149.jpg,虫草,性味甘平；归肺肾经；功效：补肾益肺、止血化痰。
external\cls_chinese_medicine/train/qianhu/qianhu_1029.jpg,前胡,性味苦辛微寒；归肺脾经；功效：降气化痰、散风清热。
external\cls_chinese_medicine/train/hongkou/hongkou_0018.jpg,红豆蔻,性味辛温；归脾胃肺经；功效：散寒燥湿、醒脾消食。
external\cls_chinese_medicine/train/ajiao/ajiao_1315.jpg,阿胶,性味甘平；归肺肝肾经；功效：补血滋阴、润燥、止血。
external\cls_chinese_medicine/train/wulingzhi/wulinzhi_1314.jpg,五灵脂,性味苦咸甘温；归肝经；功效：活血止痛、化瘀止血。
external\cls_chinese_medicine/train/mudanpi/mudanpi_0235.jpg,牡丹皮,性味苦辛微寒；归心肝肾经；功效：清热凉血、活血化瘀。
external\cls_chinese_medicine/train/baihuasheshecao/baihuasheshecao_0617.jpg,白花蛇舌草,性味微苦甘寒；归胃大肠小肠经；功效：清热解毒、利湿通淋。
external\cls_chinese_medicine/train/yejuhua/yejuhua_1502.jpg,菊花,性味苦辛微寒；归肝心经；功效：清热解毒、泻火平肝。
external\cls_chinese_medicine/train/sharen/sharen_0526.jpg,砂仁,性味辛温；归脾胃肾经；功效：化湿开胃、温脾止泻、理气安胎。
external\cls_chinese_medicine/train/tusizi/tusizi_1130.jpg,菟丝子,性味辛甘平；归肝肾脾经；功效：补益肝肾、固精缩尿、安胎、明目、止泻。
external\cls_chinese_medicine/train/dafupi/dafupi_0926.jpg,大腹皮,性味辛微温；归脾胃大肠小肠经；功效：行气宽中、行水消肿。
external\cls_chinese_medicine/train/luoshiteng/luoshiteng_0193.jpg,络石藤,性味苦微寒；归心肝经；功效：祛风通络、凉血消肿。
external\cls_chinese_medicine/train/huzhang/huzhang_1600.jpg,虎杖,性味微苦微寒；归肝胆肺经；功效：利湿退黄、清热解毒、散瘀止痛、止咳化痰。
external\cls_chinese_medicine/train/banxia/banxia_0333.jpg,半夏,性味辛温有毒；归脾胃肺经；功效：燥湿化痰、降逆止呕、消痞散结。
external\cls_chinese_medicine/train/longgu/longgu_0240.jpg,龙骨,性味甘涩平；归心肝肾经；功效：镇惊安神、平肝潜阳、收敛固涩。
external\cls_chinese_medicine/train/chuanxinlian/chuanxinlian_0561.jpg,穿心莲,性味苦寒；归心肺大肠膀胱经；功效：清热解毒、凉血消肿、燥湿。
external\cls_chinese_medicine/train/tianmakuai/tianmakuai_1014.jpg,天麻(tianmakuai),性味甘平；归肝经；功效：息风止痉、平抑肝阳、祛风通络。
external\cls_chinese_medicine/train/honghua/honghua_0401.jpg,红花,性味辛温；归心肝经；功效：活血通经、散瘀止痛。
external\cls_chinese_medicine/train/ganjiang/gangjiang_1397.jpg,干姜,性味辛热；归脾胃肾心肺经；功效：温中散寒、回阳通脉、温肺化饮。
external\cls_chinese_medicine/train/banlangen/banlangen_1297.jpg,板蓝根,性味苦寒；归心胃经；功效：清热解毒、凉血利咽。
external\cls_chinese_medicine/train/sanqi/sanqi_1613.jpg,三七,性味甘微苦温；归肝胃经；功效：化瘀止血、活血定痛。
external\cls_chinese_medicine/train/zhenzhumu/zhenzhumu_1086.jpg,珍珠母,性味咸寒；归肝心经；功效：平肝潜阳、安神定惊、明目退翳。
external\cls_chinese_medicine/train/shanzha/shanzha_1552.jpg,山楂,性味酸甘微温；归脾胃肝经；功效：消食健胃、行气散瘀、化浊降脂。
external\cls_chinese_medicine/train/luoshiteng/luoshiteng_0292.jpg,络石藤,性味苦微寒；归心肝经；功效：祛风通络、凉血消肿。
external\cls_chinese_medicine/train/aiye/aiye_0422.jpg,艾叶,性味辛苦温；归肝脾肾经；功效：温经止血、散寒止痛、调经安胎、外用祛湿止痒。
external\cls_chinese_medicine/train/yuzhupian/yuzhupian_1503.jpg,玉竹(yuzhupian),性味甘微寒；归肺胃经；功效：养阴润燥、生津止渴。
external\cls_chinese_medicine/train/fupenzi/fupenzi_0027.jpg,覆盆子,性味甘酸温；归肝肾经；功效：益肾固精缩尿、养肝明目。
external\cls_chinese_medicine/train/rougui/rougui_0544.jpg,肉桂,性味辛甘大热；归肾脾心肝经；功效：补火助阳、引火归元、散寒止痛、温通经脉。
external\cls_chinese_medicine/train/lianzixin/lianzixin_0515.jpg,莲子心,性味苦寒；归心肾经；功效：清心安神、交通心肾、涩精止血。
external\cls_chinese_medicine/train/hehuanpi/hehuanpi_1219.jpg,合欢皮,性味甘平；归心肝肺经；功效：解郁安神、活血消肿。
external\cls_chinese_medicine/train/ganjiang/gangjiang_1390.jpg,干姜,性味辛热；归脾胃肾心肺经；功效：温中散寒、回阳通脉、温肺化饮。
external\cls_chinese_medicine/train/wuweizi/wuweizi_1395.jpg,五味子,性味酸甘温；归肺心肾经；功效：收敛固涩、益气生津、补肾宁心。
external\cls_chinese_medicine/train/baikou/baikou_1433.jpg,白豆蔻,性味辛温；归肺脾胃经；功效：化湿行气、温中止呕、开胃消食。
external\cls_chinese_medicine/train/gancao/gancao_0461.jpg,甘草,性味甘平；归心肺脾胃经；功效：补脾益气、清热解毒、祛痰止咳、缓急止痛、调和诸药。
external\cls_chinese_medicine/train/renshenqiepian/renshenqiepian_0771.jpg,人参(renshenqiepian),性味甘微苦微温；归脾肺心肾经；功效：大补元气、复脉固脱、补脾益肺、生津养血、安神。
external\cls_chinese_medicine/train/shanzhuyu/shanzhuyu_0410.jpg,山茱萸,性味酸涩微温；归肝肾经；功效：补益肝肾、收涩固脱。
external\cls_chinese_medicine/train/yejuhua/yejuhua_0452.jpg,菊花,性味苦辛微寒；归肝心经；功效：清热解毒、泻火平肝。
external\cls_chinese_medicine/train/beishashenkuai/beishashenkuai_0934.jpg,北沙参(beishashenkuai),性味甘微苦微寒；归肺胃经；功效：养阴清肺、益胃生津。
external\cls_chinese_medicine/train/jinyinhua/(1506).jpg,金银花,性味甘寒；归肺心胃经；功效：清热解毒、疏散风热。
external\cls_chinese_medicine/train/huangjing/huangjing_0519.jpg,黄精,性味甘平；归脾胃肺肾经；功效：补气养阴、健脾、润肺、益肾。
external\cls_chinese_medicine/train/honghua/honghua_0705.jpg,红花,性味辛温；归心肝经；功效：活血通经、散瘀止痛。
external\cls_chinese_medicine/train/yuzhutiao/yuzhutiao_0515.jpg,玉竹(yuzhutiao),性味甘微寒；归肺胃经；功效：养阴润燥、生津止渴。
external\cls_chinese_medicine/train/roudoukou/roudoukou_0136.jpg,肉豆蔻,性味辛温；归脾胃大肠经；功效：温中行气、涩肠止泻。
external\cls_chinese_medicine/train/huomaren/huomaren_0207.jpg,火麻仁,性味甘平；归脾胃大肠经；功效：润肠通便。
external\cls_chinese_medicine/train/jinqiancao/jinqiancao_0686.jpg,金钱草,性味甘咸微寒；归肝胆肾膀胱经；功效：利湿退黄、利尿通淋、解毒消肿。
external\cls_chinese_medicine/train/zelan/zelan_0572.jpg,泽兰,性味苦辛微温；归肝脾经；功效：活血调经、祛瘀消痈、利水消肿。
external\cls_chinese_medicine/train/lizhihe/lizhihe_1278.jpg,荔枝核,性味甘微苦温；归肝胃经；功效：行气散结、祛寒止痛。
external\cls_chinese_medicine/train/baibu/baibu_0677.jpg,百部,性味甘苦微温；归肺经；功效：润肺下气止咳、杀虫灭虱。
external\cls_chinese_medicine/train/tiandong/tiandong_1146.jpg,天冬,性味甘苦寒；归肺肾经；功效：养阴润燥、清肺生津。
external\cls_chinese_medicine/train/baihe/baihe_0197.jpg,百合,性味甘寒；归心肺经；功效：养阴润肺、清心安神。
external\cls_chinese_medicine/train/yuanzhi/yuanzhi_0667.jpg,远志,性味苦辛温；归心肾肺经；功效：安神益智、交通心肾、祛痰开窍、消散痈肿。
external\cls_chinese_medicine/train/chuanxinlian/chuanxinlian_1584.jpg,穿心莲,性味苦寒；归心肺大肠膀胱经；功效：清热解毒、凉血消肿、燥湿。
external\cls_chinese_medicine/train/foshou/foshou_1235.jpg,佛手,性味辛苦酸温；归肝脾胃肺经；功效：疏肝理气、和胃止痛、燥湿化痰。
external\cls_chinese_medicine/train/laifuzi/laifuzi_1595.jpg,莱菔子,性味辛甘平；归脾胃肺经；功效：消食除胀、降气化痰。
external\cls_chinese_medicine/train/tiandong/tiandong_0074.jpg,天冬,性味甘苦寒；归肺肾经；功效：养阴润燥、清肺生津。
external\cls_chinese_medicine/train/biejia/biejia_1411.jpg,鳖甲,性味咸微寒；归肝肾经；功效：滋阴潜阳、退热除蒸、软坚散结。
external\cls_chinese_medicine/train/nvzhenzi/nvzhenzi_1231.jpg,女贞子,性味甘苦凉；归肝肾经；功效：滋补肝肾、明目乌发。
external\cls_chinese_medicine/train/zihuadiding/zihuadiding_0398.jpg,紫花地丁,性味苦辛寒；归心肝经；功效：清热解毒、凉血消肿。
external\cls_chinese_medicine/train/jixueteng/jixueteng_1409.jpg,鸡血藤,性味苦甘温；归肝经；功效：活血补血、调经止痛、舒筋活络。
external\cls_chinese_medicine/train/diyu/diyu_0575.jpg,地榆,性味苦酸涩微寒；归肝大肠经；功效：凉血止血、解毒敛疮。
external\cls_chinese_medicine/train/pugongying/pugongying_1054.jpg,蒲公英,性味苦甘寒；归肝胃经；功效：清热解毒、消肿散结、利尿通淋。
external\cls_chinese_medicine/train/chishizhi/chishizhi_1278.jpg,赤石脂,性味甘酸涩温；归大肠胃经；功效：涩肠止泻、收敛止血、敛疮生肌。
external\cls_chinese_medicine/train/baizhu/baizhu_0792.jpg,白术,性味苦甘温；归脾胃经；功效：健脾益气、燥湿利水、止汗、安胎。
external\cls_chinese_medicine/train/fuling/fuling_0761.jpg,茯苓,性味甘淡平；归心肺脾肾经；功效：利水渗湿、健脾、宁心。
external\cls_chinese_medicine/train/tusizi/tusizi_0024.jpg,菟丝子,性味辛甘平；归肝肾脾经；功效：补益肝肾、固精缩尿、安胎、明目、止泻。
external\cls_chinese_medicine/train/muxiang/muxiang_0488.jpg,木香,性味辛苦温；归脾胃大肠三焦经；功效：行气止痛、健脾消食。
external\cls_chinese_medicine/train/longgu/longgu_1018.jpg,龙骨,性味甘涩平；归心肝肾经；功效：镇惊安神、平肝潜阳、收敛固涩。
external\cls_chinese_medicine/train/duzhong/duzhong_1445.jpg,杜仲,性味甘温；归肝肾经；功效：补肝肾、强筋骨、安胎。
external\cls_chinese_medicine/train/chishao/chishao_1008.jpg,赤芍,性味苦微寒；归肝经经；功效：清热凉血、散瘀止痛。
external\cls_chinese_medicine/train/sangshen/sangshen_1576.jpg,桑葚,性味甘酸寒；归心肝肾经；功效：滋阴补血、生津润燥。
external\cls_chinese_medicine/train/yuzhutiao/yuzhutiao_1084.jpg,玉竹(yuzhutiao),性味甘微寒；归肺胃经；功效：养阴润燥、生津止渴。
external\cls_chinese_medicine/train/jingjie/jinjie_0420.jpg,荆芥,性味辛微温；归肺肝经；功效：解表散风、透疹消疮、炒炭止血。
external\cls_chinese_medicine/train/niuxi/niuxi_1663.jpg,牛膝,性味苦甘酸平；归肝肾经；功效：逐瘀通经、补肝肾、强筋骨、利尿通淋、引血下行。
external\cls_chinese_medicine/train/xiakucao/xiakucao_1188.jpg,夏枯草,性味辛苦寒；归肝胆经；功效：清肝泻火、明目、散结消肿。
external\cls_chinese_medicine/train/kushen/kushen_0332.jpg,苦参,性味苦寒；归心肝胃大肠膀胱经；功效：清热燥湿、杀虫利尿。
external\cls_chinese_medicine/train/baizhu/baizhu_1450.jpg,白术,性味苦甘温；归脾胃经；功效：健脾益气、燥湿利水、止汗、安胎。
external\cls_chinese_medicine/train/shihu/shihu_0220.jpg,石斛,性味甘微寒；归胃肾经；功效：益胃生津、滋阴清热。
external\cls_chinese_medicine/train/roudoukou/roudoukou_1140.jpg,肉豆蔻,性味辛温；归脾胃大肠经；功效：温中行气、涩肠止泻。
external\cls_chinese_medicine/train/chishizhi/chishizhi_1068.jpg,赤石脂,性味甘酸涩温；归大肠胃经；功效：涩肠止泻、收敛止血、敛疮生肌。
external\cls_chinese_medicine/train/zelan/zelan_1540.jpg,泽兰,性味苦辛微温；归肝脾经；功效：活血调经、祛瘀消痈、利水消肿。
external\cls_chinese_medicine/train/lianzixin/lianzixin_1218.jpg,莲子心,性味苦寒；归心肾经；功效：清心安神、交通心肾、涩精止血。
external\cls_chinese_medicine/train/shigao/shigao_0995.jpg,石膏,性味甘辛大寒；归肺胃经；功效：清热泻火、除烦止渴。
external\cls_chinese_medicine/train/lizhihe/lizhihe_0248.jpg,荔枝核,性味甘微苦温；归肝胃经；功效：行气散结、祛寒止痛。
external\cls_chinese_medicine/train/jiangcan/jiangcan_0670.jpg,僵蚕,性味咸辛平；归肝肺经；功效：息风止痉、祛风止痛、化痰散结。
external\cls_chinese_medicine/train/niuxi/niuxi_1244.jpg,牛膝,性味苦甘酸平；归肝肾经；功效：逐瘀通经、补肝肾、强筋骨、利尿通淋、引血下行。
external\cls_chinese_medicine/train/shouwutengkuai/shouwutengkuai_1573.jpg,首乌藤(shouwutengkuai),性味甘平；归心肝经；功效：养血安神、祛风通络。
external\cls_chinese_medicine/train/digupi/digupi_0721.jpg,地骨皮,性味甘寒；归肺肝肾经；功效：凉血除蒸、清肺降火。
external\cls_chinese_medicine/train/cangzhu/cangzhu_0745.jpg,苍术,性味辛苦温；归脾胃肝经；功效：燥湿健脾、祛风散寒、明目。
external\cls_chinese_medicine/train/roucongrongpian/roucongrongpian_0594.jpg,肉苁蓉(roucongrongpian),性味甘咸温；归肾大肠经；功效：补肾阳、益精血、润肠通便。
external\cls_chinese_medicine/train/renshen/renshen_1164.jpg,人参(renshen),性味甘微苦微温；归脾肺心肾经；功效：大补元气、复脉固脱、补脾益肺、生津养血、安神。
external\cls_chinese_medicine/train/honghua/honghua_1458.jpg,红花,性味辛温；归心肝经；功效：活血通经、散瘀止痛。
external\cls_chinese_medicine/train/sangshen/sangshen_1119.jpg,桑葚,性味甘酸寒；归心肝肾经；功效：滋阴补血、生津润燥。
external\cls_chinese_medicine/train/chaihu/chaihu_1254.jpg,柴胡,性味苦辛微寒；归肝经；功效：疏散退热、疏肝解郁、升举阳气。
external\cls_chinese_medicine/train/chantui/chantui_0827.jpg,蝉蜕,性味甘寒；归肺肝经；功效：疏散风热、利咽开音、透疹、明目退翳、息风止痉。
external\cls_chinese_medicine/train/baikou/baikou_1614.jpg,白豆蔻,性味辛温；归肺脾胃经；功效：化湿行气、温中止呕、开胃消食。
external\cls_chinese_medicine/train/baibu/baibu_1583.jpg,百部,性味甘苦微温；归肺经；功效：润肺下气止咳、杀虫灭虱。
external\cls_chinese_medicine/train/tianmapian/tianmapian_0332.jpg,天麻(tianmapian),性味甘平；归肝经；功效：息风止痉、平抑肝阳、祛风通络。
external\cls_chinese_medicine/train/shanzhuyu/shanzhuyu_1229.jpg,山茱萸,性味酸涩微温；归肝肾经；功效：补益肝肾、收涩固脱。
external\cls_chinese_medicine/train/huomaren/huomaren_1551.jpg,火麻仁,性味甘平；归脾胃大肠经；功效：润肠通便。
external\cls_chinese_medicine/train/honghua/honghua_0588.jpg,红花,性味辛温；归心肝经；功效：活血通经、散瘀止痛。
external\cls_chinese_medicine/train/zhebeimu/zhebeimu_1047.jpg,浙贝母,性味苦寒；归肺心经；功效：清热化痰、散结消痈。
external\cls_chinese_medicine/train/xiaohuixiang/xiaohuixiang_1157.jpg,小茴香,性味辛温；归肝肾脾胃经；功效：散寒止痛、理气和胃。
external\cls_chinese_medicine/train/tiannanxing/tiannanxing_0309.jpg,天南星,性味苦辛温有毒；归肺肝脾经；功效：燥湿化痰、祛风止痉、散结消肿。
external\cls_chinese_medicine/train/baishao/baishao_0892.jpg,白芍,性味苦酸微寒；归肝脾经；功效：养血调经、敛阴止汗、柔肝止痛、平抑肝阳。
external\cls_chinese_medicine/train/shengma/shengma_0587.jpg,升麻,性味辛微甘微寒；归肺脾胃大肠经；功效：发表透疹、清热解毒、升举阳气。
external\cls_chinese_medicine/train/jinyinhua/(214).jpg,金银花,性味甘寒；归肺心胃经；功效：清热解毒、疏散风热。
external\cls_chinese_medicine/train/baiziren/baiziren_1350.jpg,柏子仁,性味甘平；归心肾大肠经；功效：养心安神、润肠通便、止汗。
external\cls_chinese_medicine/train/baihuasheshecao/baihuasheshecao_0931.jpg,白花蛇舌草,性味微苦甘寒；归胃大肠小肠经；功效：清热解毒、利湿通淋。
external\cls_chinese_medicine/train/qinghao/qinhao_0457.jpg,青蒿,性味苦辛寒；归肝胆经；功效：清虚热、除骨蒸、解暑热、截疟、退黄。
external\cls_chinese_medicine/train/tongcao/tongcao_1480.jpg,通草,性味甘淡微寒；归肺胃经；功效：清热利尿、通气下乳。
external\cls_chinese_medicine/train/tusizi/tusizi_0962.jpg,菟丝子,性味辛甘平；归肝肾脾经；功效：补益肝肾、固精缩尿、安胎、明目、止泻。
external\cls_chinese_medicine/train/zelan/zelan_0845.jpg,泽兰,性味苦辛微温；归肝脾经；功效：活血调经、祛瘀消痈、利水消肿。
external\cls_chinese_medicine/train/hehuanpi/hehuanpi_0976.jpg,合欢皮,性味甘平；归心肝肺经；功效：解郁安神、活血消肿。
external\cls_chinese_medicine/train/hehuanpi/hehuanpi_1449.jpg,合欢皮,性味甘平；归心肝肺经；功效：解郁安神、活血消肿。
external\cls_chinese_medicine/train/yiyiren/yiyiren_0386.jpg,薏苡仁,性味甘淡凉；归脾胃肺经；功效：利水渗湿、健脾止泻、除痹、排脓、解毒散结。
external\cls_chinese_medicine/train/sangpiaoxiao/sangpiaoxiao_0434.jpg,桑螵蛸,性味甘咸平；归肝肾经；功效：固精缩尿、补肾助阳。
external\cls_chinese_medicine/train/xianhecao/xianhecao_1518.jpg,仙鹤草,性味苦涩平；归心肝经；功效：收敛止血、截疟止痢、解毒补虚。
external\cls_chinese_medicine/train/danshen/danshen_0707.jpg,丹参,性味苦微寒；归心肝经；功效：活血调经、凉血消痈、安神。
external\cls_chinese_medicine/train/mohanlian/mohanliang_0801.jpg,墨旱莲,性味甘酸寒；归肝肾经；功效：滋补肝肾、凉血止血。
external\cls_chinese_medicine/train/yuzhutiao/yuzhutiao_0467.jpg,玉竹(yuzhutiao),性味甘微寒；归肺胃经；功效：养阴润燥、生津止渴。
external\cls_chinese_medicine/train/jianghuang/jianghuang_1619.jpg,姜黄,性味辛苦温；归脾胃肝经；功效：破血行气、通经止痛。
external\cls_chinese_medicine/train/zhiqiaotiao/zhiqiaotiao_0736.jpg,枳壳(zhiqiaotiao),性味苦辛酸微寒；归脾胃经；功效：理气宽中、行滞消胀。
external\cls_chinese_medicine/train/ajiao/ajiao_1236.jpg,阿胶,性味甘平；归肺肝肾经；功效：补血滋阴、润燥、止血。
external\cls_chinese_medicine/train/tianmapian/tianmapian_0335.jpg,天麻(tianmapian),性味甘平；归肝经；功效：息风止痉、平抑肝阳、祛风通络。
external\cls_chinese_medicine/train/zhimu/zhimu_0338.jpg,知母,性味苦甘寒；归肺胃肾经；功效：清热泻火、滋阴润燥。
external\cls_chinese_medicine/train/tongcao/tongcao_1597.jpg,通草,性味甘淡微寒；归肺胃经；功效：清热利尿、通气下乳。
external\cls_chinese_medicine/train/xinyi/xinyi_1511.jpg,辛夷,性味辛温；归肺胃经；功效：散风寒、通鼻窍。
external\cls_chinese_medicine/train/pugongying/pugongying_0366.jpg,蒲公英,性味苦甘寒；归肝胃经；功效：清热解毒、消肿散结、利尿通淋。
external\cls_chinese_medicine/train/wumei/wumei_0492.jpg,乌梅,性味酸涩平；归肝脾肺大肠经；功效：敛肺涩肠、生津安蛔。
external\cls_chinese_medicine/train/guanzhong/guanzhong_1411.jpg,贯众,性味苦微寒有小毒；归肝胃经；功效：清热解毒、驱虫、止血。
external\cls_chinese_medicine/train/daxueteng/daxueteng_0759.jpg,大血藤,性味苦平；归大肠肝经；功效：清热解毒、活血止痛、祛风通络。
external\cls_chinese_medicine/train/qianhu/qianhu_0515.jpg,前胡,性味苦辛微寒；归肺脾经；功效：降气化痰、散风清热。
external\cls_chinese_medicine/train/baibiandou/baibiandou_0564.jpg,白扁豆,性味甘微温；归脾胃经；功效：健脾化湿、和中消暑。
external\cls_chinese_medicine/train/duzhong/duzhong_1473.jpg,杜仲,性味甘温；归肝肾经；功效：补肝肾、强筋骨、安胎。
external\cls_chinese_medicine/train/chishizhi/chishizhi_0630.jpg,赤石脂,性味甘酸涩温；归大肠胃经；功效：涩肠止泻、收敛止血、敛疮生肌。
external\cls_chinese_medicine/train/heshouwu/heshouwu_0355.jpg,何首乌,性味苦甘涩微温；归肝肾经；功效：制用补肝肾益精血、生用解毒消痈润肠通便。
external\cls_chinese_medicine/train/jianghuang/jianghuang_1447.jpg,姜黄,性味辛苦温；归脾胃肝经；功效：破血行气、通经止痛。
external\cls_chinese_medicine/train/zhiqiaotiao/zhiqiaotiao_1251.jpg,枳壳(zhiqiaotiao),性味苦辛酸微寒；归脾胃经；功效：理气宽中、行滞消胀。
external\cls_chinese_medicine/train/mohanlian/mohanliang_1570.jpg,墨旱莲,性味甘酸寒；归肝肾经；功效：滋补肝肾、凉血止血。
external\cls_chinese_medicine/train/yejuhua/yejuhua_1179.jpg,菊花,性味苦辛微寒；归肝心经；功效：清热解毒、泻火平肝。
external\cls_chinese_medicine/train/xianhecao/xianhecao_0619.jpg,仙鹤草,性味苦涩平；归心肝经；功效：收敛止血、截疟止痢、解毒补虚。
external\cls_chinese_medicine/train/baitouweng/baitouweng_0965.jpg,白头翁,性味苦寒；归胃大肠经；功效：清热解毒、凉血止痢。
external\cls_chinese_medicine/train/zhuru/zhuru_0020.jpg,竹茹,性味甘微寒；归肺胃心胆经；功效：清热化痰、除烦止呕。
external\cls_chinese_medicine/train/lianqiao/lianqiao_1354.jpg,连翘,性味苦微寒；归肺心小肠经；功效：清热解毒、疏散风热、消肿散结。
external\cls_chinese_medicine/train/paojiang/paojiang_1352.jpg,炮姜,性味苦涩温；归脾胃肾经；功效：温经止血、温中止痛。
external\cls_chinese_medicine/train/taoren/taoren_1359.jpg,桃仁,性味苦甘平；归心肝大肠经；功效：活血祛瘀、润肠通便、止咳平喘。
external\cls_chinese_medicine/train/sangshen/sangshen_1592.jpg,桑葚,性味甘酸寒；归心肝肾经；功效：滋阴补血、生津润燥。
external\cls_chinese_medicine/train/nvzhenzi/nvzhenzi_0688.jpg,女贞子,性味甘苦凉；归肝肾经；功效：滋补肝肾、明目乌发。
external\cls_chinese_medicine/train/bajitian/bajitian_0507.jpg,巴戟天,性味甘辛微温；归肾肝经；功效：补肾阳、强筋骨、祛风湿。
external\cls_chinese_medicine/train/huzhang/huzhang_1125.jpg,虎杖,性味微苦微寒；归肝胆肺经；功效：利湿退黄、清热解毒、散瘀止痛、止咳化痰。
external\cls_chinese_medicine/train/yuzhutiao/yuzhutiao_0481.jpg,玉竹(yuzhutiao),性味甘微寒；归肺胃经；功效：养阴润燥、生津止渴。
external\cls_chinese_medicine/train/sanqi/sanqi_1397.jpg,三七,性味甘微苦温；归肝胃经；功效：化瘀止血、活血定痛。
external\cls_chinese_medicine/train/guya/guya_0063.jpg,谷芽,性味甘温；归脾胃经；功效：消食和中、健脾开胃。
external\cls_chinese_medicine/train/shigao/shigao_1381.jpg,石膏,性味甘辛大寒；归肺胃经；功效：清热泻火、除烦止渴。
external\cls_chinese_medicine/train/baimaogen/baimaogen_0956.jpg,白茅根,性味甘寒；归肺胃膀胱经；功效：凉血止血、清热利尿。
external\cls_chinese_medicine/train/zhimu/zhimu_0511.jpg,知母,性味苦甘寒；归肺胃肾经；功效：清热泻火、滋阴润燥。
external\cls_chinese_medicine/train/kushen/kushen_0089.jpg,苦参,性味苦寒；归心肝胃大肠膀胱经；功效：清热燥湿、杀虫利尿。
external\cls_chinese_medicine/train/rougui/rougui_0374.jpg,肉桂,性味辛甘大热；归肾脾心肝经；功效：补火助阳、引火归元、散寒止痛、温通经脉。
external\cls_chinese_medicine/train/longgu/longgu_0320.jpg,龙骨,性味甘涩平；归心肝肾经；功效：镇惊安神、平肝潜阳、收敛固涩。
external\cls_chinese_medicine/train/sangshen/sangshen_1219.jpg,桑葚,性味甘酸寒；归心肝肾经；功效：滋阴补血、生津润燥。
external\cls_chinese_medicine/train/zhishi/zhishi_0507.jpg,枳实,性味苦辛酸微寒；归脾胃经；功效：破气消积、化痰散痞。
external\cls_chinese_medicine/train/hehuanpi/hehuanpi_1039.jpg,合欢皮,性味甘平；归心肝肺经；功效：解郁安神、活血消肿。
external\cls_chinese_medicine/train/yiyiren/yiyiren_0202.jpg,薏苡仁,性味甘淡凉；归脾胃肺经；功效：利水渗湿、健脾止泻、除痹、排脓、解毒散结。
external\cls_chinese_medicine/train/chenpi/chenpi_1044.jpg,陈皮,性味苦辛温；归脾肺经；功效：理气健脾、燥湿化痰。
external\cls_chinese_medicine/train/niuxi/niuxi_0764.jpg,牛膝,性味苦甘酸平；归肝肾经；功效：逐瘀通经、补肝肾、强筋骨、利尿通淋、引血下行。
external\cls_chinese_medicine/train/fuling/fuling_0542.jpg,茯苓,性味甘淡平；归心肺脾肾经；功效：利水渗湿、健脾、宁心。
external\cls_chinese_medicine/train/luoshiteng/luoshiteng_0035.jpg,络石藤,性味苦微寒；归心肝经；功效：祛风通络、凉血消肿。
external\cls_chinese_medicine/train/huangjing/huangjing_0445.jpg,黄精,性味甘平；归脾胃肺肾经；功效：补气养阴、健脾、润肺、益肾。
external\cls_chinese_medicine/train/jineijin/jineijin_0798.jpg,鸡内金,性味甘平；归脾胃小肠膀胱经；功效：健胃消食、涩精止遗、通淋化石。
external\cls_chinese_medicine/train/peilan/peilan_1243.jpg,佩兰,性味辛平；归脾胃肺经；功效：芳香化湿、醒脾开胃、发表解暑。
external\cls_chinese_medicine/train/beishashentiao/beishashentiao_0501.jpg,北沙参(beishashentiao),性味甘微苦微寒；归肺胃经；功效：养阴清肺、益胃生津。
external\cls_chinese_medicine/train/zelan/zelan_0367.jpg,泽兰,性味苦辛微温；归肝脾经；功效：活血调经、祛瘀消痈、利水消肿。
external\cls_chinese_medicine/train/peilan/peilan_1051.jpg,佩兰,性味辛平；归脾胃肺经；功效：芳香化湿、醒脾开胃、发表解暑。
external\cls_chinese_medicine/train/quanxie/quangxie_1229.jpg,全蝎,性味辛平有毒；归肝经；功效：息风镇痉、通络止痛、攻毒散结。
external\cls_chinese_medicine/train/huomaren/huomaren_1524.jpg,火麻仁,性味甘平；归脾胃大肠经；功效：润肠通便。
external\cls_chinese_medicine/train/yuzhutiao/yuzhutiao_0597.jpg,玉竹(yuzhutiao),性味甘微寒；归肺胃经；功效：养阴润燥、生津止渴。
external\cls_chinese_medicine/train/tiannanxing/tiannanxing_0611.jpg,天南星,性味苦辛温有毒；归肺肝脾经；功效：燥湿化痰、祛风止痉、散结消肿。
external\cls_chinese_medicine/train/jingjie/jinjie_0975.jpg,荆芥,性味辛微温；归肺肝经；功效：解表散风、透疹消疮、炒炭止血。
external\cls_chinese_medicine/train/huangbo/huangbai_0959.jpg,黄柏,性味苦寒；归肾膀胱经；功效：清热燥湿、泻火除蒸、解毒疗疮。
external\cls_chinese_medicine/train/baitouweng/baitouweng_0067.jpg,白头翁,性味苦寒；归胃大肠经；功效：清热解毒、凉血止痢。
external\cls_chinese_medicine/train/shuihonghuazi/shuihonghuazi_0271.jpg,水红花子,性味咸凉；归肝胃经；功效：散血消癥、消积止痛、利水消肿。
external\cls_chinese_medicine/train/longgu/longgu_0681.jpg,龙骨,性味甘涩平；归心肝肾经；功效：镇惊安神、平肝潜阳、收敛固涩。
external\cls_chinese_medicine/train/shanzha/shanzha_0723.jpg,山楂,性味酸甘微温；归脾胃肝经；功效：消食健胃、行气散瘀、化浊降脂。
external\cls_chinese_medicine/train/zhiqiaotiao/zhiqiaotiao_0830.jpg,枳壳(zhiqiaotiao),性味苦辛酸微寒；归脾胃经；功效：理气宽中、行滞消胀。
external\cls_chinese_medicine/train/shuihonghuazi/shuihonghuazi_0616.jpg,水红花子,性味咸凉；归肝胃经；功效：散血消癥、消积止痛、利水消肿。
external\cls_chinese_medicine/train/shenqu/shengqu_0005.jpg,神曲,性味甘辛温；归脾胃经；功效：消食和胃。
external\cls_chinese_medicine/train/heshouwu/heshouwu_1407.jpg,何首乌,性味苦甘涩微温；归肝肾经；功效：制用补肝肾益精血、生用解毒消痈润肠通便。
external\cls_chinese_medicine/train/chenxiang/chengxiang_1283.jpg,沉香,性味辛苦微温；归脾胃肾经；功效：行气止痛、温中止呕、纳气平喘。
external\cls_chinese_medicine/train/fuzi/fuzi_0153.jpg,附子,性味辛甘大热有毒；归心肾脾经；功效：回阳救逆、补火助阳、散寒止痛。
external\cls_chinese_medicine/train/beishashentiao/beishashentiao_1029.jpg,北沙参(beishashentiao),性味甘微苦微寒；归肺胃经；功效：养阴清肺、益胃生津。
external\cls_chinese_medicine/train/tusizi/tusizi_0905.jpg,菟丝子,性味辛甘平；归肝肾脾经；功效：补益肝肾、固精缩尿、安胎、明目、止泻。
external\cls_chinese_medicine/train/lingzhi/linzhi_1626.jpg,灵芝,性味甘平；归心肺肝肾经；功效：补气安神、止咳平喘。
external\cls_chinese_medicine/train/huaihua/huaihua_0216.jpg,槐花,性味苦微寒；归肝大肠经；功效：凉血止血、清肝泻火。
external\cls_chinese_medicine/train/shengma/shengma_1455.jpg,升麻,性味辛微甘微寒；归肺脾胃大肠经；功效：发表透疹、清热解毒、升举阳气。
external\cls_chinese_medicine/train/maidong/maidong_0893.jpg,麦冬,性味甘微苦微寒；归心胃肺经；功效：养阴生津、润肺清心。
external\cls_chinese_medicine/train/juemingzi/juemingzi_1338.jpg,决明子,性味甘苦咸微寒；归肝大肠经；功效：清热明目、润肠通便。
external\cls_chinese_medicine/train/niuxi/niuxi_0040.jpg,牛膝,性味苦甘酸平；归肝肾经；功效：逐瘀通经、补肝肾、强筋骨、利尿通淋、引血下行。
external\cls_chinese_medicine/train/sharen/sharen_0379.jpg,砂仁,性味辛温；归脾胃肾经；功效：化湿开胃、温脾止泻、理气安胎。
external\cls_chinese_medicine/train/tusizi/tusizi_0779.jpg,菟丝子,性味辛甘平；归肝肾脾经；功效：补益肝肾、固精缩尿、安胎、明目、止泻。
external\cls_chinese_medicine/train/biejia/wangzhengbiejia_1112.jpg,鳖甲,性味咸微寒；归肝肾经；功效：滋阴潜阳、退热除蒸、软坚散结。
external\cls_chinese_medicine/train/baitouweng/baitouweng_0098.jpg,白头翁,性味苦寒；归胃大肠经；功效：清热解毒、凉血止痢。
external\cls_chinese_medicine/train/yuzhutiao/yuzhutiao_0221.jpg,玉竹(yuzhutiao),性味甘微寒；归肺胃经；功效：养阴润燥、生津止渴。
external\cls_chinese_medicine/train/pugongying/pugongying_1320.jpg,蒲公英,性味苦甘寒；归肝胃经；功效：清热解毒、消肿散结、利尿通淋。
external\cls_chinese_medicine/train/longgu/longgu_0278.jpg,龙骨,性味甘涩平；归心肝肾经；功效：镇惊安神、平肝潜阳、收敛固涩。
external\cls_chinese_medicine/train/zhuru/zhuru_0513.jpg,竹茹,性味甘微寒；归肺胃心胆经；功效：清热化痰、除烦止呕。
external\cls_chinese_medicine/train/hongkou/hongkou_0558.jpg,红豆蔻,性味辛温；归脾胃肺经；功效：散寒燥湿、醒脾消食。
external\cls_chinese_medicine/train/dangshen/dangsheng_0569.jpg,党参,性味甘平；归脾肺经；功效：健脾益肺、养血生津。
external\cls_chinese_medicine/train/shouwutengpian/shouwutengpian_1530.jpg,首乌藤(shouwutengpian),性味甘平；归心肝经；功效：养血安神、祛风通络。
external\cls_chinese_medicine/train/tianmapian/tianmapian_1021.jpg,天麻(tianmapian),性味甘平；归肝经；功效：息风止痉、平抑肝阳、祛风通络。
external\cls_chinese_medicine/train/gouqizi/gouqizi_0428.jpg,枸杞,性味甘平；归肝肾经；功效：滋补肝肾、益精明目。
external\cls_chinese_medicine/train/daqingye/daqinye_0185.jpg,大青叶,性味苦寒；归心胃经；功效：清热解毒、凉血消斑。
external\cls_chinese_medicine/train/yuzhutiao/yuzhutiao_0025.jpg,玉竹(yuzhutiao),性味甘微寒；归肺胃经；功效：养阴润燥、生津止渴。
external\cls_chinese_medicine/train/xianhecao/xianhecao_0541.jpg,仙鹤草,性味苦涩平；归心肝经；功效：收敛止血、截疟止痢、解毒补虚。
external\cls_chinese_medicine/train/shouwutengkuai/shouwutengkuai_1034.jpg,首乌藤(shouwutengkuai),性味甘平；归心肝经；功效：养血安神、祛风通络。
external\cls_chinese_medicine/train/shigao/shigao_1023.jpg,石膏,性味甘辛大寒；归肺胃经；功效：清热泻火、除烦止渴。
external\cls_chinese_medicine/train/digupi/digupi_0015.jpg,地骨皮,性味甘寒；归肺肝肾经；功效：凉血除蒸、清肺降火。
external\cls_chinese_medicine/train/dilong/dilong_0360.jpg,地龙,性味咸寒；归肝脾膀胱经；功效：清热定惊、通络平喘、利尿。
external\cls_chinese_medicine/train/wulingzhi/wulinzhi_0770.jpg,五灵脂,性味苦咸甘温；归肝经；功效：活血止痛、化瘀止血。
external\cls_chinese_medicine/train/xiangfu/xiangfu_0987.jpg,香附,性味辛微苦微甘平；归肝脾三焦经；功效：疏肝解郁、理气宽中、调经止痛。
external\cls_chinese_medicine/train/nvzhenzi/nvzhenzi_0088.jpg,女贞子,性味甘苦凉；归肝肾经；功效：滋补肝肾、明目乌发。
external\cls_chinese_medicine/train/tongcao/tongcao_1194.jpg,通草,性味甘淡微寒；归肺胃经；功效：清热利尿、通气下乳。
external\cls_chinese_medicine/train/chuanshanjia/chuanshanjia_0869.jpg,穿山甲,性味咸微寒；归肝胃经；功效：活血消癥、通经下乳、消肿排脓、搜风通络。
external\cls_chinese_medicine/train/xinyi/xinyi_1295.jpg,辛夷,性味辛温；归肺胃经；功效：散风寒、通鼻窍。
external\cls_chinese_medicine/train/shouwutengkuai/shouwutengkuai_0813.jpg,首乌藤(shouwutengkuai),性味甘平；归心肝经；功效：养血安神、祛风通络。
external\cls_chinese_medicine/train/xiakucao/xiakucao_0038.jpg,夏枯草,性味辛苦寒；归肝胆经；功效：清肝泻火、明目、散结消肿。
external\cls_chinese_medicine/train/daqingye/daqinye_0018.jpg,大青叶,性味苦寒；归心胃经；功效：清热解毒、凉血消斑。
external\cls_chinese_medicine/train/baiziren/baiziren_0395.jpg,柏子仁,性味甘平；归心肾大肠经；功效：养心安神、润肠通便、止汗。
external\cls_chinese_medicine/train/huangbo/huangbai_0339.jpg,黄柏,性味苦寒；归肾膀胱经；功效：清热燥湿、泻火除蒸、解毒疗疮。
external\cls_chinese_medicine/train/aiye/aiye_0549.jpg,艾叶,性味辛苦温；归肝脾肾经；功效：温经止血、散寒止痛、调经安胎、外用祛湿止痒。
external\cls_chinese_medicine/train/maidong/maidong_0344.jpg,麦冬,性味甘微苦微寒；归心胃肺经；功效：养阴生津、润肺清心。
external\cls_chinese_medicine/train/banlangen/banlangen_0027.jpg,板蓝根,性味苦寒；归心胃经；功效：清热解毒、凉血利咽。
external\cls_chinese_medicine/train/duzhong/duzhong_1237.jpg,杜仲,性味甘温；归肝肾经；功效：补肝肾、强筋骨、安胎。
external\cls_chinese_medicine/train/diyu/diyu_0190.jpg,地榆,性味苦酸涩微寒；归肝大肠经；功效：凉血止血、解毒敛疮。
external\cls_chinese_medicine/train/shengma/shengma_1564.jpg,升麻,性味辛微甘微寒；归肺脾胃大肠经；功效：发表透疹、清热解毒、升举阳气。
external\cls_chinese_medicine/train/luohanguo/luohanguo_1585.jpg,罗汉果,性味甘凉；归肺大肠经；功效：清热润肺、利咽开音、滑肠通便。
external\cls_chinese_medicine/train/shanzhuyu/shanzhuyu_1390.jpg,山茱萸,性味酸涩微温；归肝肾经；功效：补益肝肾、收涩固脱。
external\cls_chinese_medicine/train/gouteng/gouteng_0711.jpg,钩藤,性味甘凉；归肝心包经；功效：息风定惊、清热平肝。
external\cls_chinese_medicine/train/fuling/fuling_1415.jpg,茯苓,性味甘淡平；归心肺脾肾经；功效：利水渗湿、健脾、宁心。
external\cls_chinese_medicine/train/baibiandou/baibiandou_0503.jpg,白扁豆,性味甘微温；归脾胃经；功效：健脾化湿、和中消暑。
external\cls_chinese_medicine/train/wujiapi/wujiapi_1176.jpg,五加皮,性味辛苦温；归肝肾经；功效：祛风湿、补肝肾、强筋骨。
external\cls_chinese_medicine/train/renshenqiepian/renshenqiepian_1606.jpg,人参(renshenqiepian),性味甘微苦微温；归脾肺心肾经；功效：大补元气、复脉固脱、补脾益肺、生津养血、安神。
external\cls_chinese_medicine/train/biejia/wangzhengbiejia_0995.jpg,鳖甲,性味咸微寒；归肝肾经；功效：滋阴潜阳、退热除蒸、软坚散结。
external\cls_chinese_medicine/train/sangshen/sangshen_1085.jpg,桑葚,性味甘酸寒；归心肝肾经；功效：滋阴补血、生津润燥。
external\cls_chinese_medicine/train/nvzhenzi/nvzhenzi_0421.jpg,女贞子,性味甘苦凉；归肝肾经；功效：滋补肝肾、明目乌发。
external\cls_chinese_medicine/train/chenpi/chenpi_0468.jpg,陈皮,性味苦辛温；归脾肺经；功效：理气健脾、燥湿化痰。
external\cls_chinese_medicine/train/fuzi/fuzi_1347.jpg,附子,性味辛甘大热有毒；归心肾脾经；功效：回阳救逆、补火助阳、散寒止痛。
external\cls_chinese_medicine/train/gouteng/gouteng_0818.jpg,钩藤,性味甘凉；归肝心包经；功效：息风定惊、清热平肝。
external\cls_chinese_medicine/train/kushen/kushen_0002.jpg,苦参,性味苦寒；归心肝胃大肠膀胱经；功效：清热燥湿、杀虫利尿。
external\cls_chinese_medicine/train/shigao/shigao_1201.jpg,石膏,性味甘辛大寒；归肺胃经；功效：清热泻火、除烦止渴。
external\cls_chinese_medicine/train/shanzha/shanzha_1220.jpg,山楂,性味酸甘微温；归脾胃肝经；功效：消食健胃、行气散瘀、化浊降脂。
external\cls_chinese_medicine/train/maidong/maidong_1551.jpg,麦冬,性味甘微苦微寒；归心胃肺经；功效：养阴生津、润肺清心。
external\cls_chinese_medicine/train/cebaiye/cebaiye_1086.jpg,侧柏叶,性味苦涩寒；归肺肝大肠经；功效：凉血止血、化痰止咳、生发乌发。
external\cls_chinese_medicine/train/huangbo/huangbai_1455.jpg,黄柏,性味苦寒；归肾膀胱经；功效：清热燥湿、泻火除蒸、解毒疗疮。
external\cls_chinese_medicine/train/lulutong/lulutong_1541.jpg,路路通,性味苦平；归肝膀胱经；功效：祛风活络、利水通经、下乳。
external\cls_chinese_medicine/train/puhuang/puhuang_0335.jpg,蒲黄,性味甘平；归肝心包经；功效：止血、化瘀、通淋。
external\cls_chinese_medicine/train/qianghuo/qianhuo_0641.jpg,羌活,性味辛苦温；归膀胱肾经；功效：解表散寒、祛风胜湿、止痛。
external\cls_chinese_medicine/train/zhuru/zhuru_0365.jpg,竹茹,性味甘微寒；归肺胃心胆经；功效：清热化痰、除烦止呕。
external\cls_chinese_medicine/train/longgu/longgu_1294.jpg,龙骨,性味甘涩平；归心肝肾经；功效：镇惊安神、平肝潜阳、收敛固涩。
external\cls_chinese_medicine/train/roucongronggen/roucongronggeng_0175.jpg,肉苁蓉(roucongronggen),性味甘咸温；归肾大肠经；功效：补肾阳、益精血、润肠通便。
external\cls_chinese_medicine/train/shechuangzi/shechuangzi_0642.jpg,蛇床子,性味辛苦温；归肾经；功效：燥湿祛风、杀虫止痒、温肾壮阳。
external\cls_chinese_medicine/train/baimaogen/baimaogen_0123.jpg,白茅根,性味甘寒；归肺胃膀胱经；功效：凉血止血、清热利尿。
external\cls_chinese_medicine/train/huaihua/huaihua_0658.jpg,槐花,性味苦微寒；归肝大肠经；功效：凉血止血、清肝泻火。
external\cls_chinese_medicine/train/maiya/maiya_1034.jpg,麦芽,性味甘平；归脾胃肝经；功效：行气消食、健脾开胃、回乳消胀。
external\cls_chinese_medicine/train/roucongronggen/roucongronggeng_1162.jpg,肉苁蓉(roucongronggen),性味甘咸温；归肾大肠经；功效：补肾阳、益精血、润肠通便。
external\cls_chinese_medicine/train/daxueteng/daxueteng_1562.jpg,大血藤,性味苦平；归大肠肝经；功效：清热解毒、活血止痛、祛风通络。
external\cls_chinese_medicine/train/yuzhutiao/yuzhutiao_0601.jpg,玉竹(yuzhutiao),性味甘微寒；归肺胃经；功效：养阴润燥、生津止渴。
external\cls_chinese_medicine/train/shechuangzi/shechuangzi_1377.jpg,蛇床子,性味辛苦温；归肾经；功效：燥湿祛风、杀虫止痒、温肾壮阳。
external\cls_chinese_medicine/train/guanzhong/guanzhong_1393.jpg,贯众,性味苦微寒有小毒；归肝胃经；功效：清热解毒、驱虫、止血。
external\cls_chinese_medicine/train/baibiandou/baibiandou_1302.jpg,白扁豆,性味甘微温；归脾胃经；功效：健脾化湿、和中消暑。
external\cls_chinese_medicine/train/chongcao/chongcao_1530.jpg,虫草,性味甘平；归肺肾经；功效：补肾益肺、止血化痰。
external\cls_chinese_medicine/train/lingzhi/linzhi_0946.jpg,灵芝,性味甘平；归心肺肝肾经；功效：补气安神、止咳平喘。
external\cls_chinese_medicine/train/fuzi/fuzi_1257.jpg,附子,性味辛甘大热有毒；归心肾脾经；功效：回阳救逆、补火助阳、散寒止痛。
external\cls_chinese_medicine/train/huangbo/huangbai_1137.jpg,黄柏,性味苦寒；归肾膀胱经；功效：清热燥湿、泻火除蒸、解毒疗疮。
external\cls_chinese_medicine/train/jinqiancao/jinqiancao_0355.jpg,金钱草,性味甘咸微寒；归肝胆肾膀胱经；功效：利湿退黄、利尿通淋、解毒消肿。
external\cls_chinese_medicine/train/zhenzhumu/zhenzhumu_0242.jpg,珍珠母,性味咸寒；归肝心经；功效：平肝潜阳、安神定惊、明目退翳。
external\cls_chinese_medicine/train/heshouwu/heshouwu_1251.jpg,何首乌,性味苦甘涩微温；归肝肾经；功效：制用补肝肾益精血、生用解毒消痈润肠通便。
external\cls_chinese_medicine/train/zhenzhumu/zhenzhumu_0865.jpg,珍珠母,性味咸寒；归肝心经；功效：平肝潜阳、安神定惊、明目退翳。
external\cls_chinese_medicine/train/shanyao/shanyao_0157.jpg,山药,性味甘平；归脾肺肾经；功效：补脾养胃、生津益肺、补肾涩精。
external\cls_chinese_medicine/train/daxueteng/daxueteng_1382.jpg,大血藤,性味苦平；归大肠肝经；功效：清热解毒、活血止痛、祛风通络。
external\cls_chinese_medicine/train/lianzixin/lianzixin_0786.jpg,莲子心,性味苦寒；归心肾经；功效：清心安神、交通心肾、涩精止血。
external\cls_chinese_medicine/train/jinqiancao/jinqiancao_0617.jpg,金钱草,性味甘咸微寒；归肝胆肾膀胱经；功效：利湿退黄、利尿通淋、解毒消肿。
external\cls_chinese_medicine/train/baiziren/baiziren_1584.jpg,柏子仁,性味甘平；归心肾大肠经；功效：养心安神、润肠通便、止汗。
external\cls_chinese_medicine/train/yejuhua/yejuhua_0545.jpg,菊花,性味苦辛微寒；归肝心经；功效：清热解毒、泻火平肝。
external\cls_chinese_medicine/train/zhenzhumu/zhenzhumu_0909.jpg,珍珠母,性味咸寒；归肝心经；功效：平肝潜阳、安神定惊、明目退翳。
external\cls_chinese_medicine/train/muxiang/muxiang_0512.jpg,木香,性味辛苦温；归脾胃大肠三焦经；功效：行气止痛、健脾消食。
external\cls_chinese_medicine/train/yejuhua/yejuhua_0569.jpg,菊花,性味苦辛微寒；归肝心经；功效：清热解毒、泻火平肝。
external\cls_chinese_medicine/train/maiya/maiya_0751.jpg,麦芽,性味甘平；归脾胃肝经；功效：行气消食、健脾开胃、回乳消胀。
external\cls_chinese_medicine/train/chishizhi/chishizhi_0491.jpg,赤石脂,性味甘酸涩温；归大肠胃经；功效：涩肠止泻、收敛止血、敛疮生肌。
external\cls_chinese_medicine/train/gouqizi/gouqizi_0663.jpg,枸杞,性味甘平；归肝肾经；功效：滋补肝肾、益精明目。
external\cls_chinese_medicine/train/shichangpu/shichangpu_1092.jpg,石菖蒲,性味辛苦温；归心胃经；功效：开窍豁痰、醒神益智、化湿开胃。
external\cls_chinese_medicine/train/zihuadiding/zihuadiding_0600.jpg,紫花地丁,性味苦辛寒；归心肝经；功效：清热解毒、凉血消肿。
external\cls_chinese_medicine/train/guanzhong/guanzhong_0874.jpg,贯众,性味苦微寒有小毒；归肝胃经；功效：清热解毒、驱虫、止血。
external\cls_chinese_medicine/train/chishizhi/chishizhi_1202.jpg,赤石脂,性味甘酸涩温；归大肠胃经；功效：涩肠止泻、收敛止血、敛疮生肌。
external\cls_chinese_medicine/train/lianqiao/lianqiao_0179.jpg,连翘,性味苦微寒；归肺心小肠经；功效：清热解毒、疏散风热、消肿散结。
external\cls_chinese_medicine/train/sharen/sharen_0648.jpg,砂仁,性味辛温；归脾胃肾经；功效：化湿开胃、温脾止泻、理气安胎。
external\cls_chinese_medicine/train/jingjie/jinjie_0438.jpg,荆芥,性味辛微温；归肺肝经；功效：解表散风、透疹消疮、炒炭止血。
external\cls_chinese_medicine/train/baibiandou/baibiandou_1418.jpg,白扁豆,性味甘微温；归脾胃经；功效：健脾化湿、和中消暑。
external\cls_chinese_medicine/train/zelan/zelan_0747.jpg,泽兰,性味苦辛微温；归肝脾经；功效：活血调经、祛瘀消痈、利水消肿。
external\cls_chinese_medicine/train/tusizi/tusizi_1410.jpg,菟丝子,性味辛甘平；归肝肾脾经；功效：补益肝肾、固精缩尿、安胎、明目、止泻。
external\cls_chinese_medicine/train/danshen/danshen_1333.jpg,丹参,性味苦微寒；归心肝经；功效：活血调经、凉血消痈、安神。
external\cls_chinese_medicine/train/luohanguo/luohanguo_0544.jpg,罗汉果,性味甘凉；归肺大肠经；功效：清热润肺、利咽开音、滑肠通便。
external\cls_chinese_medicine/train/banxia/banxia_1161.jpg,半夏,性味辛温有毒；归脾胃肺经；功效：燥湿化痰、降逆止呕、消痞散结。
external\cls_chinese_medicine/train/shenqu/shengqu_1555.jpg,神曲,性味甘辛温；归脾胃经；功效：消食和胃。
external\cls_chinese_medicine/train/chenxiang/chengxiang_0485.jpg,沉香,性味辛苦微温；归脾胃肾经；功效：行气止痛、温中止呕、纳气平喘。
external\cls_chinese_medicine/train/beishashenkuai/beishashenkuai_0696.jpg,北沙参(beishashenkuai),性味甘微苦微寒；归肺胃经；功效：养阴清肺、益胃生津。
external\cls_chinese_medicine/train/jineijin/jineijin_0729.jpg,鸡内金,性味甘平；归脾胃小肠膀胱经；功效：健胃消食、涩精止遗、通淋化石。
external\cls_chinese_medicine/train/xixin/xixin_0857.jpg,细辛,性味辛温有小毒；归心肾肺经；功效：解表散寒、祛风止痛、通窍、温肺化饮。
external\cls_chinese_medicine/train/zelan/zelan_0718.jpg,泽兰,性味苦辛微温；归肝脾经；功效：活血调经、祛瘀消痈、利水消肿。
external\cls_chinese_medicine/train/fangfeng/fangfeng_0558.jpg,防风,性味辛甘微温；归膀胱肝脾经；功效：祛风解表、胜湿止痛、止痉。
external\cls_chinese_medicine/train/xianhecao/xianhecao_0252.jpg,仙鹤草,性味苦涩平；归心肝经；功效：收敛止血、截疟止痢、解毒补虚。
external\cls_chinese_medicine/train/wujiapi/wujiapi_0076.jpg,五加皮,性味辛苦温；归肝肾经；功效：祛风湿、补肝肾、强筋骨。
external\cls_chinese_medicine/train/baizhu/baizhu_0752.jpg,白术,性味苦甘温；归脾胃经；功效：健脾益气、燥湿利水、止汗、安胎。
external\cls_chinese_medicine/train/aiye/aiye_0074.jpg,艾叶,性味辛苦温；归肝脾肾经；功效：温经止血、散寒止痛、调经安胎、外用祛湿止痒。
external\cls_chinese_medicine/train/ziyuan/ziwang_1476.jpg,紫菀,性味辛苦温；归肺经；功效：润肺下气、消痰止咳。
external\cls_chinese_medicine/train/chuanshanjia/chuanshanjia_0370.jpg,穿山甲,性味咸微寒；归肝胃经；功效：活血消癥、通经下乳、消肿排脓、搜风通络。
external\cls_chinese_medicine/train/baishao/baishao_1354.jpg,白芍,性味苦酸微寒；归肝脾经；功效：养血调经、敛阴止汗、柔肝止痛、平抑肝阳。
external\cls_chinese_medicine/train/shouwutengpian/shouwutengpian_1525.jpg,首乌藤(shouwutengpian),性味甘平；归心肝经；功效：养血安神、祛风通络。
external\cls_chinese_medicine/train/jiangcan/jiangcan_1521.jpg,僵蚕,性味咸辛平；归肝肺经；功效：息风止痉、祛风止痛、化痰散结。
external\cls_chinese_medicine/train/baikou/baikou_0706.jpg,白豆蔻,性味辛温；归肺脾胃经；功效：化湿行气、温中止呕、开胃消食。
external\cls_chinese_medicine/train/baiziren/baiziren_0924.jpg,柏子仁,性味甘平；归心肾大肠经；功效：养心安神、润肠通便、止汗。
external\cls_chinese_medicine/train/luohanguo/luohanguo_1583.jpg,罗汉果,性味甘凉；归肺大肠经；功效：清热润肺、利咽开音、滑肠通便。
external\cls_chinese_medicine/train/gancao/gancao_0544.jpg,甘草,性味甘平；归心肺脾胃经；功效：补脾益气、清热解毒、祛痰止咳、缓急止痛、调和诸药。
external\cls_chinese_medicine/train/zihuadiding/zihuadiding_1164.jpg,紫花地丁,性味苦辛寒；归心肝经；功效：清热解毒、凉血消肿。
external\cls_chinese_medicine/train/tiandong/tiandong_0911.jpg,天冬,性味甘苦寒；归肺肾经；功效：养阴润燥、清肺生津。
external\cls_chinese_medicine/train/luohanguo/luohanguo_1069.jpg,罗汉果,性味甘凉；归肺大肠经；功效：清热润肺、利咽开音、滑肠通便。
external\cls_chinese_medicine/train/fangfeng/fangfeng_0817.jpg,防风,性味辛甘微温；归膀胱肝脾经；功效：祛风解表、胜湿止痛、止痉。
external\cls_chinese_medicine/train/shanzhuyu/shanzhuyu_1056.jpg,山茱萸,性味酸涩微温；归肝肾经；功效：补益肝肾、收涩固脱。
external\cls_chinese_medicine/train/renshen/renshen_0102.jpg,人参(renshen),性味甘微苦微温；归脾肺心肾经；功效：大补元气、复脉固脱、补脾益肺、生津养血、安神。
external\cls_chinese_medicine/train/baishao/baishao_0880.jpg,白芍,性味苦酸微寒；归肝脾经；功效：养血调经、敛阴止汗、柔肝止痛、平抑肝阳。
external\cls_chinese_medicine/train/zhenzhumu/zhenzhumu_0398.jpg,珍珠母,性味咸寒；归肝心经；功效：平肝潜阳、安神定惊、明目退翳。
external\cls_chinese_medicine/train/guya/guya_0619.jpg,谷芽,性味甘温；归脾胃经；功效：消食和中、健脾开胃。
external\cls_chinese_medicine/train/baikou/baikou_0707.jpg,白豆蔻,性味辛温；归肺脾胃经；功效：化湿行气、温中止呕、开胃消食。
external\cls_chinese_medicine/train/zelan/zelan_0902.jpg,泽兰,性味苦辛微温；归肝脾经；功效：活血调经、祛瘀消痈、利水消肿。
external\cls_chinese_medicine/train/maiya/maiya_1515.jpg,麦芽,性味甘平；归脾胃肝经；功效：行气消食、健脾开胃、回乳消胀。
external\cls_chinese_medicine/train/muli/muli_0425.jpg,牡蛎,性味咸微寒；归肝肾经；功效：重镇安神、潜阳补阴、软坚散结、收敛固涩。
external\cls_chinese_medicine/train/zhiqiaotiao/zhiqiaotiao_0810.jpg,枳壳(zhiqiaotiao),性味苦辛酸微寒；归脾胃经；功效：理气宽中、行滞消胀。
external\cls_chinese_medicine/train/cebaiye/cebaiye_1461.jpg,侧柏叶,性味苦涩寒；归肺肝大肠经；功效：凉血止血、化痰止咳、生发乌发。
external\cls_chinese_medicine/train/tusizi/tusizi_1257.jpg,菟丝子,性味辛甘平；归肝肾脾经；功效：补益肝肾、固精缩尿、安胎、明目、止泻。
external\cls_chinese_medicine/train/tusizi/tusizi_0941.jpg,菟丝子,性味辛甘平；归肝肾脾经；功效：补益肝肾、固精缩尿、安胎、明目、止泻。
external\cls_chinese_medicine/train/laifuzi/laifuzi_1113.jpg,莱菔子,性味辛甘平；归脾胃肺经；功效：消食除胀、降气化痰。
external\cls_chinese_medicine/train/dangshen/dangsheng_1141.jpg,党参,性味甘平；归脾肺经；功效：健脾益肺、养血生津。
external\cls_chinese_medicine/train/heshouwu/heshouwu_0417.jpg,何首乌,性味苦甘涩微温；归肝肾经；功效：制用补肝肾益精血、生用解毒消痈润肠通便。
external\cls_chinese_medicine/train/yiyiren/yiyiren_1494.jpg,薏苡仁,性味甘淡凉；归脾胃肺经；功效：利水渗湿、健脾止泻、除痹、排脓、解毒散结。
external\cls_chinese_medicine/train/honghua/honghua_0571.jpg,红花,性味辛温；归心肝经；功效：活血通经、散瘀止痛。
external\cls_chinese_medicine/train/shichangpu/shichangpu_1248.jpg,石菖蒲,性味辛苦温；归心胃经；功效：开窍豁痰、醒神益智、化湿开胃。
external\cls_chinese_medicine/train/hongkou/hongkou_0847.jpg,红豆蔻,性味辛温；归脾胃肺经；功效：散寒燥湿、醒脾消食。
external\cls_chinese_medicine/train/lingzhi/linzhi_0556.jpg,灵芝,性味甘平；归心肺肝肾经；功效：补气安神、止咳平喘。
external\cls_chinese_medicine/train/beishashenkuai/beishashenkuai_0918.jpg,北沙参(beishashenkuai),性味甘微苦微寒；归肺胃经；功效：养阴清肺、益胃生津。
external\cls_chinese_medicine/train/fangfeng/fangfeng_1515.jpg,防风,性味辛甘微温；归膀胱肝脾经；功效：祛风解表、胜湿止痛、止痉。
external\cls_chinese_medicine/train/fuling/fuling_0126.jpg,茯苓,性味甘淡平；归心肺脾肾经；功效：利水渗湿、健脾、宁心。
external\cls_chinese_medicine/train/jineijin/jineijin_0640.jpg,鸡内金,性味甘平；归脾胃小肠膀胱经；功效：健胃消食、涩精止遗、通淋化石。
external\cls_chinese_medicine/train/mudanpi/mudanpi_0640.jpg,牡丹皮,性味苦辛微寒；归心肝肾经；功效：清热凉血、活血化瘀。
external\cls_chinese_medicine/train/wumei/wumei_1573.jpg,乌梅,性味酸涩平；归肝脾肺大肠经；功效：敛肺涩肠、生津安蛔。
external\cls_chinese_medicine/train/hehuanpi/hehuanpi_1142.jpg,合欢皮,性味甘平；归心肝肺经；功效：解郁安神、活血消肿。
external\cls_chinese_medicine/train/zicao/zicao_1267.jpg,紫草,性味甘咸寒；归心肝经；功效：凉血活血、解毒透疹。
external\cls_chinese_medicine/train/quanxie/quangxie_0307.jpg,全蝎,性味辛平有毒；归肝经；功效：息风镇痉、通络止痛、攻毒散结。
external\cls_chinese_medicine/train/wulingzhi/wulinzhi_0903.jpg,五灵脂,性味苦咸甘温；归肝经；功效：活血止痛、化瘀止血。
external\cls_chinese_medicine/train/xiakucao/xiakucao_0495.jpg,夏枯草,性味辛苦寒；归肝胆经；功效：清肝泻火、明目、散结消肿。
external\cls_chinese_medicine/train/rougui/rougui_1007.jpg,肉桂,性味辛甘大热；归肾脾心肝经；功效：补火助阳、引火归元、散寒止痛、温通经脉。
external\cls_chinese_medicine/train/hongkou/hongkou_0159.jpg,红豆蔻,性味辛温；归脾胃肺经；功效：散寒燥湿、醒脾消食。
external\cls_chinese_medicine/train/zicao/zicao_1294.jpg,紫草,性味甘咸寒；归心肝经；功效：凉血活血、解毒透疹。
external\cls_chinese_medicine/train/banxia/banxia_0749.jpg,半夏,性味辛温有毒；归脾胃肺经；功效：燥湿化痰、降逆止呕、消痞散结。
external\cls_chinese_medicine/train/honghua/honghua_0899.jpg,红花,性味辛温；归心肝经；功效：活血通经、散瘀止痛。
external\cls_chinese_medicine/train/beishashenkuai/beishashenkuai_0625.jpg,北沙参(beishashenkuai),性味甘微苦微寒；归肺胃经；功效：养阴清肺、益胃生津。
external\cls_chinese_medicine/train/yujin/yujin_0902.jpg,郁金,性味辛苦寒；归肝心肺经；功效：活血止痛、行气解郁、清心凉血、利胆退黄。
external\cls_chinese_medicine/train/chongcao/chongcao_1037.jpg,虫草,性味甘平；归肺肾经；功效：补肾益肺、止血化痰。
external\cls_chinese_medicine/train/suanzaoren/suanzaoren_0437.jpg,酸枣仁,性味甘酸平；归肝胆心经；功效：养心补肝、宁心安神、敛汗生津。
external\cls_chinese_medicine/train/shechuangzi/shechuangzi_1604.jpg,蛇床子,性味辛苦温；归肾经；功效：燥湿祛风、杀虫止痒、温肾壮阳。
external\cls_chinese_medicine/train/fupenzi/fupenzi_0169.jpg,覆盆子,性味甘酸温；归肝肾经；功效：益肾固精缩尿、养肝明目。
external\cls_chinese_medicine/train/yimucao/yimucao_1168.jpg,益母草,性味苦辛微寒；归肝心包膀胱经；功效：活血调经、利尿消肿、清热解毒。
external\cls_chinese_medicine/train/lianqiao/lianqiao_1033.jpg,连翘,性味苦微寒；归肺心小肠经；功效：清热解毒、疏散风热、消肿散结。
external\cls_chinese_medicine/train/tiankuizi/yitiankuizi_1583.jpg,天葵子,性味甘苦寒；归肝胃经；功效：清热解毒、消肿散结。
external\cls_chinese_medicine/train/roucongrongpian/roucongrongpian_0224.jpg,肉苁蓉(roucongrongpian),性味甘咸温；归肾大肠经；功效：补肾阳、益精血、润肠通便。
external\cls_chinese_medicine/train/yinchen/yinchen_1006.jpg,茵陈,性味苦辛微寒；归脾胃肝胆经；功效：清利湿热、利胆退黄。
external\cls_chinese_medicine/train/wuweizi/wuweizi_0940.jpg,五味子,性味酸甘温；归肺心肾经；功效：收敛固涩、益气生津、补肾宁心。
external\cls_chinese_medicine/train/pugongying/pugongying_0297.jpg,蒲公英,性味苦甘寒；归肝胃经；功效：清热解毒、消肿散结、利尿通淋。
external\cls_chinese_medicine/train/nvzhenzi/nvzhenzi_0319.jpg,女贞子,性味甘苦凉；归肝肾经；功效：滋补肝肾、明目乌发。
external\cls_chinese_medicine/train/yinchen/yinchen_0584.jpg,茵陈,性味苦辛微寒；归脾胃肝胆经；功效：清利湿热、利胆退黄。
external\cls_chinese_medicine/train/jinyinhua/(833).jpg,金银花,性味甘寒；归肺心胃经；功效：清热解毒、疏散风热。
external\cls_chinese_medicine/train/shechuangzi/shechuangzi_0371.jpg,蛇床子,性味辛苦温；归肾经；功效：燥湿祛风、杀虫止痒、温肾壮阳。
external\cls_chinese_medicine/train/chishao/chishao_0114.jpg,赤芍,性味苦微寒；归肝经经；功效：清热凉血、散瘀止痛。
external\cls_chinese_medicine/train/gouqizi/gouqizi_1258.jpg,枸杞,性味甘平；归肝肾经；功效：滋补肝肾、益精明目。
external\cls_chinese_medicine/train/ganjiang/gangjiang_0034.jpg,干姜,性味辛热；归脾胃肾心肺经；功效：温中散寒、回阳通脉、温肺化饮。
external\cls_chinese_medicine/train/ganjiang/gangjiang_0515.jpg,干姜,性味辛热；归脾胃肾心肺经；功效：温中散寒、回阳通脉、温肺化饮。
external\cls_chinese_medicine/train/cishi/cishi_0453.jpg,磁石,性味咸寒；归肝肾心经；功效：镇惊安神、平肝潜阳、聪耳明目、纳气平喘。
external\cls_chinese_medicine/train/shuiniujiao/shuiniujiao_0672.jpg,水牛角,性味苦寒；归心肝胃经；功效：清热凉血、定惊。
external\cls_chinese_medicine/train/zhenzhumu/zhenzhumu_1477.jpg,珍珠母,性味咸寒；归肝心经；功效：平肝潜阳、安神定惊、明目退翳。
external\cls_chinese_medicine/train/shengma/shengma_0116.jpg,升麻,性味辛微甘微寒；归肺脾胃大肠经；功效：发表透疹、清热解毒、升举阳气。
external\cls_chinese_medicine/train/shanzhuyu/shanzhuyu_0538.jpg,山茱萸,性味酸涩微温；归肝肾经；功效：补益肝肾、收涩固脱。
external\cls_chinese_medicine/train/luoshiteng/luoshiteng_0326.jpg,络石藤,性味苦微寒；归心肝经；功效：祛风通络、凉血消肿。
external\cls_chinese_medicine/train/chuanshanjia/chuanshanjia_1465.jpg,穿山甲,性味咸微寒；归肝胃经；功效：活血消癥、通经下乳、消肿排脓、搜风通络。
external\cls_chinese_medicine/train/luohanguo/luohanguo_0037.jpg,罗汉果,性味甘凉；归肺大肠经；功效：清热润肺、利咽开音、滑肠通便。
external\cls_chinese_medicine/train/dilong/dilong_0742.jpg,地龙,性味咸寒；归肝脾膀胱经；功效：清热定惊、通络平喘、利尿。
external\cls_chinese_medicine/train/cebaiye/cebaiye_0712.jpg,侧柏叶,性味苦涩寒；归肺肝大肠经；功效：凉血止血、化痰止咳、生发乌发。
external\cls_chinese_medicine/train/lulutong/lulutong_1161.jpg,路路通,性味苦平；归肝膀胱经；功效：祛风活络、利水通经、下乳。
external\cls_chinese_medicine/train/duzhong/duzhong_0446.jpg,杜仲,性味甘温；归肝肾经；功效：补肝肾、强筋骨、安胎。
external\cls_chinese_medicine/train/houpu/houpu_0506.jpg,厚朴,性味苦辛温；归脾胃肺大肠经；功效：燥湿消痰、下气除满。
external\cls_chinese_medicine/train/zicao/zicao_0320.jpg,紫草,性味甘咸寒；归心肝经；功效：凉血活血、解毒透疹。
external\cls_chinese_medicine/train/ajiao/ajiao_0798.jpg,阿胶,性味甘平；归肺肝肾经；功效：补血滋阴、润燥、止血。
external\cls_chinese_medicine/train/honghua/honghua_0633.jpg,红花,性味辛温；归心肝经；功效：活血通经、散瘀止痛。
external\cls_chinese_medicine/train/lingzhi/linzhi_0807.jpg,灵芝,性味甘平；归心肺肝肾经；功效：补气安神、止咳平喘。
external\cls_chinese_medicine/train/dilong/dilong_0125.jpg,地龙,性味咸寒；归肝脾膀胱经；功效：清热定惊、通络平喘、利尿。
external\cls_chinese_medicine/train/rougui/rougui_1229.jpg,肉桂,性味辛甘大热；归肾脾心肝经；功效：补火助阳、引火归元、散寒止痛、温通经脉。
external\cls_chinese_medicine/train/shegan/shegang_1176.jpg,射干,性味苦寒；归肺经；功效：清热解毒、消痰利咽。
external\cls_chinese_medicine/train/muli/muli_1403.jpg,牡蛎,性味咸微寒；归肝肾经；功效：重镇安神、潜阳补阴、软坚散结、收敛固涩。
external\cls_chinese_medicine/train/banlangen/banlangen_0158.jpg,板蓝根,性味苦寒；归心胃经；功效：清热解毒、凉血利咽。
external\cls_chinese_medicine/train/zihuadiding/zihuadiding_0462.jpg,紫花地丁,性味苦辛寒；归心肝经；功效：清热解毒、凉血消肿。
external\cls_chinese_medicine/train/jianghuang/jianghuang_0039.jpg,姜黄,性味辛苦温；归脾胃肝经；功效：破血行气、通经止痛。
external\cls_chinese_medicine/train/zihuadiding/zihuadiding_1183.jpg,紫花地丁,性味苦辛寒；归心肝经；功效：清热解毒、凉血消肿。
external\cls_chinese_medicine/train/aiye/aiye_1421.jpg,艾叶,性味辛苦温；归肝脾肾经；功效：温经止血、散寒止痛、调经安胎、外用祛湿止痒。
external\cls_chinese_medicine/train/dangshen/dangsheng_1203.jpg,党参,性味甘平；归脾肺经；功效：健脾益肺、养血生津。
external\cls_chinese_medicine/train/chongcao/chongcao_0626.jpg,虫草,性味甘平；归肺肾经；功效：补肾益肺、止血化痰。
external\cls_chinese_medicine/train/chuanshanjia/chuanshanjia_1020.jpg,穿山甲,性味咸微寒；归肝胃经；功效：活血消癥、通经下乳、消肿排脓、搜风通络。
external\cls_chinese_medicine/train/shanzhuyu/shanzhuyu_1499.jpg,山茱萸,性味酸涩微温；归肝肾经；功效：补益肝肾、收涩固脱。
external\cls_chinese_medicine/train/cishi/cishi_0335.jpg,磁石,性味咸寒；归肝肾心经；功效：镇惊安神、平肝潜阳、聪耳明目、纳气平喘。
external\cls_chinese_medicine/train/tubiechong/tubiechong_1153.jpg,土鳖虫,性味咸寒有小毒；归肝经；功效：破血逐瘀、续筋接骨。
external\cls_chinese_medicine/train/heshouwu/heshouwu_1216.jpg,何首乌,性味苦甘涩微温；归肝肾经；功效：制用补肝肾益精血、生用解毒消痈润肠通便。
external\cls_chinese_medicine/train/banxia/banxia_0263.jpg,半夏,性味辛温有毒；归脾胃肺经；功效：燥湿化痰、降逆止呕、消痞散结。
external\cls_chinese_medicine/train/zhishi/zhishi_0068.jpg,枳实,性味苦辛酸微寒；归脾胃经；功效：破气消积、化痰散痞。
external\cls_chinese_medicine/train/caoguo/caoguo_0115.jpg,草果,性味辛温；归脾胃经；功效：燥湿温中、截疟除痰。
external\cls_chinese_medicine/train/xiangfu/xiangfu_1064.jpg,香附,性味辛微苦微甘平；归肝脾三焦经；功效：疏肝解郁、理气宽中、调经止痛。
external\cls_chinese_medicine/train/chishao/chishao_1534.jpg,赤芍,性味苦微寒；归肝经经；功效：清热凉血、散瘀止痛。
external\cls_chinese_medicine/train/chaihu/chaihu_1030.jpg,柴胡,性味苦辛微寒；归肝经；功效：疏散退热、疏肝解郁、升举阳气。
external\cls_chinese_medicine/train/baihe/baihe_1063.jpg,百合,性味甘寒；归心肺经；功效：养阴润肺、清心安神。
external\cls_chinese_medicine/train/roudoukou/roudoukou_1485.jpg,肉豆蔻,性味辛温；归脾胃大肠经；功效：温中行气、涩肠止泻。
external\cls_chinese_medicine/train/sangpiaoxiao/sangpiaoxiao_0150.jpg,桑螵蛸,性味甘咸平；归肝肾经；功效：固精缩尿、补肾助阳。
external\cls_chinese_medicine/train/shanzhuyu/shanzhuyu_0196.jpg,山茱萸,性味酸涩微温；归肝肾经；功效：补益肝肾、收涩固脱。
external\cls_chinese_medicine/train/jiangcan/jiangcan_0917.jpg,僵蚕,性味咸辛平；归肝肺经；功效：息风止痉、祛风止痛、化痰散结。
external\cls_chinese_medicine/train/gancao/gancao_1073.jpg,甘草,性味甘平；归心肺脾胃经；功效：补脾益气、清热解毒、祛痰止咳、缓急止痛、调和诸药。
external\cls_chinese_medicine/train/mohanlian/mohanliang_0209.jpg,墨旱莲,性味甘酸寒；归肝肾经；功效：滋补肝肾、凉血止血。
external\cls_chinese_medicine/train/qianghuo/qianhuo_1441.jpg,羌活,性味辛苦温；归膀胱肾经；功效：解表散寒、祛风胜湿、止痛。
external\cls_chinese_medicine/train/quanxie/quangxie_0329.jpg,全蝎,性味辛平有毒；归肝经；功效：息风镇痉、通络止痛、攻毒散结。
external\cls_chinese_medicine/train/jingjie/jinjie_1043.jpg,荆芥,性味辛微温；归肺肝经；功效：解表散风、透疹消疮、炒炭止血。
external\cls_chinese_medicine/train/fuzi/fuzi_0510.jpg,附子,性味辛甘大热有毒；归心肾脾经；功效：回阳救逆、补火助阳、散寒止痛。
external\cls_chinese_medicine/train/duzhong/duzhong_0762.jpg,杜仲,性味甘温；归肝肾经；功效：补肝肾、强筋骨、安胎。
external\cls_chinese_medicine/train/zhebeimu/zhebeimu_1417.jpg,浙贝母,性味苦寒；归肺心经；功效：清热化痰、散结消痈。
external\cls_chinese_medicine/train/biejia/biejia_1092.jpg,鳖甲,性味咸微寒；归肝肾经；功效：滋阴潜阳、退热除蒸、软坚散结。
external\cls_chinese_medicine/train/tiankuizi/yitiankuizi_0847.jpg,天葵子,性味甘苦寒；归肝胃经；功效：清热解毒、消肿散结。
external\cls_chinese_medicine/train/ziyuan/ziwang_1400.jpg,紫菀,性味辛苦温；归肺经；功效：润肺下气、消痰止咳。
external\cls_chinese_medicine/train/jingjie/jinjie_1275.jpg,荆芥,性味辛微温；归肺肝经；功效：解表散风、透疹消疮、炒炭止血。
external\cls_chinese_medicine/train/wujiapi/wujiapi_1554.jpg,五加皮,性味辛苦温；归肝肾经；功效：祛风湿、补肝肾、强筋骨。
external\cls_chinese_medicine/train/nvzhenzi/nvzhenzi_0477.jpg,女贞子,性味甘苦凉；归肝肾经；功效：滋补肝肾、明目乌发。
external\cls_chinese_medicine/train/sangpiaoxiao/sangpiaoxiao_0547.jpg,桑螵蛸,性味甘咸平；归肝肾经；功效：固精缩尿、补肾助阳。
external\cls_chinese_medicine/train/ziyuan/ziwang_1048.jpg,紫菀,性味辛苦温；归肺经；功效：润肺下气、消痰止咳。
external\cls_chinese_medicine/train/yiyiren/yiyiren_0850.jpg,薏苡仁,性味甘淡凉；归脾胃肺经；功效：利水渗湿、健脾止泻、除痹、排脓、解毒散结。
external\cls_chinese_medicine/train/gouqizi/gouqizi_0385.jpg,枸杞,性味甘平；归肝肾经；功效：滋补肝肾、益精明目。
external\cls_chinese_medicine/train/yimucao/yimucao_0206.jpg,益母草,性味苦辛微寒；归肝心包膀胱经；功效：活血调经、利尿消肿、清热解毒。
external\cls_chinese_medicine/train/luohanguo/luohanguo_0831.jpg,罗汉果,性味甘凉；归肺大肠经；功效：清热润肺、利咽开音、滑肠通便。
external\cls_chinese_medicine/train/baibiandou/baibiandou_0048.jpg,白扁豆,性味甘微温；归脾胃经；功效：健脾化湿、和中消暑。
external\cls_chinese_medicine/train/baibiandou/baibiandou_1058.jpg,白扁豆,性味甘微温；归脾胃经；功效：健脾化湿、和中消暑。
external\cls_chinese_medicine/train/jinqiancao/jinqiancao_0600.jpg,金钱草,性味甘咸微寒；归肝胆肾膀胱经；功效：利湿退黄、利尿通淋、解毒消肿。
external\cls_chinese_medicine/train/gancao/gancao_0451.jpg,甘草,性味甘平；归心肺脾胃经；功效：补脾益气、清热解毒、祛痰止咳、缓急止痛、调和诸药。
external\cls_chinese_medicine/train/shihu/shihu_1008.jpg,石斛,性味甘微寒；归胃肾经；功效：益胃生津、滋阴清热。
external\cls_chinese_medicine/train/chuanxinlian/chuanxinlian_0002.jpg,穿心莲,性味苦寒；归心肺大肠膀胱经；功效：清热解毒、凉血消肿、燥湿。
external\cls_chinese_medicine/train/chongcao/chongcao_0021.jpg,虫草,性味甘平；归肺肾经；功效：补肾益肺、止血化痰。
external\cls_chinese_medicine/train/ziyuan/ziwang_1230.jpg,紫菀,性味辛苦温；归肺经；功效：润肺下气、消痰止咳。
external\cls_chinese_medicine/train/gancao/gancao_0490.jpg,甘草,性味甘平；归心肺脾胃经；功效：补脾益气、清热解毒、祛痰止咳、缓急止痛、调和诸药。
external\cls_chinese_medicine/train/mudanpi/mudanpi_1452.jpg,牡丹皮,性味苦辛微寒；归心肝肾经；功效：清热凉血、活血化瘀。
external\cls_chinese_medicine/train/lianzixin/lianzixin_1208.jpg,莲子心,性味苦寒；归心肾经；功效：清心安神、交通心肾、涩精止血。
external\cls_chinese_medicine/train/yujin/yujin_0153.jpg,郁金,性味辛苦寒；归肝心肺经；功效：活血止痛、行气解郁、清心凉血、利胆退黄。
external\cls_chinese_medicine/train/shuiniujiao/shuiniujiao_1206.jpg,水牛角,性味苦寒；归心肝胃经；功效：清热凉血、定惊。
external\cls_chinese_medicine/train/shechuangzi/shechuangzi_0099.jpg,蛇床子,性味辛苦温；归肾经；功效：燥湿祛风、杀虫止痒、温肾壮阳。
external\cls_chinese_medicine/train/qinghao/qinhao_1508.jpg,青蒿,性味苦辛寒；归肝胆经；功效：清虚热、除骨蒸、解暑热、截疟、退黄。
external\cls_chinese_medicine/train/luoshiteng/luoshiteng_0767.jpg,络石藤,性味苦微寒；归心肝经；功效：祛风通络、凉血消肿。
external\cls_chinese_medicine/train/baizhu/baizhu_0906.jpg,白术,性味苦甘温；归脾胃经；功效：健脾益气、燥湿利水、止汗、安胎。
external\cls_chinese_medicine/train/tiannanxing/tiannanxing_0445.jpg,天南星,性味苦辛温有毒；归肺肝脾经；功效：燥湿化痰、祛风止痉、散结消肿。
external\cls_chinese_medicine/train/sangpiaoxiao/sangpiaoxiao_0749.jpg,桑螵蛸,性味甘咸平；归肝肾经；功效：固精缩尿、补肾助阳。
external\cls_chinese_medicine/train/yinchen/yinchen_0298.jpg,茵陈,性味苦辛微寒；归脾胃肝胆经；功效：清利湿热、利胆退黄。
external\cls_chinese_medicine/train/jinyinhua/(773).jpg,金银花,性味甘寒；归肺心胃经；功效：清热解毒、疏散风热。
external\cls_chinese_medicine/train/aiye/aiye_0713.jpg,艾叶,性味辛苦温；归肝脾肾经；功效：温经止血、散寒止痛、调经安胎、外用祛湿止痒。
external\cls_chinese_medicine/train/qianghuo/qianhuo_0119.jpg,羌活,性味辛苦温；归膀胱肾经；功效：解表散寒、祛风胜湿、止痛。
external\cls_chinese_medicine/train/xixin/xixin_0026.jpg,细辛,性味辛温有小毒；归心肾肺经；功效：解表散寒、祛风止痛、通窍、温肺化饮。
external\cls_chinese_medicine/train/longgu/longgu_0477.jpg,龙骨,性味甘涩平；归心肝肾经；功效：镇惊安神、平肝潜阳、收敛固涩。
external\cls_chinese_medicine/train/xinyi/xinyi_1381.jpg,辛夷,性味辛温；归肺胃经；功效：散风寒、通鼻窍。
external\cls_chinese_medicine/train/niuxi/niuxi_0022.jpg,牛膝,性味苦甘酸平；归肝肾经；功效：逐瘀通经、补肝肾、强筋骨、利尿通淋、引血下行。
external\cls_chinese_medicine/train/zhenzhumu/zhenzhumu_0390.jpg,珍珠母,性味咸寒；归肝心经；功效：平肝潜阳、安神定惊、明目退翳。
external\cls_chinese_medicine/train/kushen/kushen_1043.jpg,苦参,性味苦寒；归心肝胃大肠膀胱经；功效：清热燥湿、杀虫利尿。
external\cls_chinese_medicine/train/fuling/fuling_1523.jpg,茯苓,性味甘淡平；归心肺脾肾经；功效：利水渗湿、健脾、宁心。
external\cls_chinese_medicine/train/qinghao/qinhao_1026.jpg,青蒿,性味苦辛寒；归肝胆经；功效：清虚热、除骨蒸、解暑热、截疟、退黄。
external\cls_chinese_medicine/train/danshen/danshen_1441.jpg,丹参,性味苦微寒；归心肝经；功效：活血调经、凉血消痈、安神。
external\cls_chinese_medicine/train/xixin/xixin_1164.jpg,细辛,性味辛温有小毒；归心肾肺经；功效：解表散寒、祛风止痛、通窍、温肺化饮。
external\cls_chinese_medicine/train/chishao/chishao_1482.jpg,赤芍,性味苦微寒；归肝经经；功效：清热凉血、散瘀止痛。
external\cls_chinese_medicine/train/chaihu/chaihu_0836.jpg,柴胡,性味苦辛微寒；归肝经；功效：疏散退热、疏肝解郁、升举阳气。
external\cls_chinese_medicine/train/shengma/shengma_1385.jpg,升麻,性味辛微甘微寒；归肺脾胃大肠经；功效：发表透疹、清热解毒、升举阳气。
external\cls_chinese_medicine/train/mudanpi/mudanpi_1012.jpg,牡丹皮,性味苦辛微寒；归心肝肾经；功效：清热凉血、活血化瘀。
external\cls_chinese_medicine/train/beishashentiao/beishashentiao_0795.jpg,北沙参(beishashentiao),性味甘微苦微寒；归肺胃经；功效：养阴清肺、益胃生津。
external\cls_chinese_medicine/train/hongkou/hongkou_1131.jpg,红豆蔻,性味辛温；归脾胃肺经；功效：散寒燥湿、醒脾消食。
external\cls_chinese_medicine/train/roucongronggen/roucongronggeng_1315.jpg,肉苁蓉(roucongronggen),性味甘咸温；归肾大肠经；功效：补肾阳、益精血、润肠通便。
external\cls_chinese_medicine/train/baihe/baihe_0404.jpg,百合,性味甘寒；归心肺经；功效：养阴润肺、清心安神。
external\cls_chinese_medicine/train/shechuangzi/shechuangzi_0032.jpg,蛇床子,性味辛苦温；归肾经；功效：燥湿祛风、杀虫止痒、温肾壮阳。
external\cls_chinese_medicine/train/hehuanpi/hehuanpi_0456.jpg,合欢皮,性味甘平；归心肝肺经；功效：解郁安神、活血消肿。
external\cls_chinese_medicine/train/chantui/chantui_0776.jpg,蝉蜕,性味甘寒；归肺肝经；功效：疏散风热、利咽开音、透疹、明目退翳、息风止痉。
external\cls_chinese_medicine/train/jiangcan/jiangcan_0647.jpg,僵蚕,性味咸辛平；归肝肺经；功效：息风止痉、祛风止痛、化痰散结。
external\cls_chinese_medicine/train/shegan/shegang_1562.jpg,射干,性味苦寒；归肺经；功效：清热解毒、消痰利咽。
external\cls_chinese_medicine/train/caokou/caokou_1091.jpg,草蔻,性味辛温；归脾胃经；功效：燥湿行气、温中止呕。
external\cls_chinese_medicine/train/jineijin/jineijin_0719.jpg,鸡内金,性味甘平；归脾胃小肠膀胱经；功效：健胃消食、涩精止遗、通淋化石。
external\cls_chinese_medicine/train/shanyao/shanyao_0757.jpg,山药,性味甘平；归脾肺肾经；功效：补脾养胃、生津益肺、补肾涩精。
external\cls_chinese_medicine/train/baihe/baihe_0039.jpg,百合,性味甘寒；归心肺经；功效：养阴润肺、清心安神。
external\cls_chinese_medicine/train/paojiang/paojiang_0773.jpg,炮姜,性味苦涩温；归脾胃肾经；功效：温经止血、温中止痛。
external\cls_chinese_medicine/train/suanzaoren/suanzaoren_0829.jpg,酸枣仁,性味甘酸平；归肝胆心经；功效：养心补肝、宁心安神、敛汗生津。
external\cls_chinese_medicine/train/tongcao/tongcao_0065.jpg,通草,性味甘淡微寒；归肺胃经；功效：清热利尿、通气下乳。
external\cls_chinese_medicine/train/baifan/baifan_0860.jpg,白矾,性味酸涩寒；归肺脾肝大肠经；功效：外用解毒杀虫、燥湿止痒；内服止血止泻、祛除风痰。
external\cls_chinese_medicine/train/gegen/gegen_0268.jpg,葛根,性味甘辛凉；归脾胃肺经；功效：解肌退热、生津止渴、透疹、升阳止泻、通经活络。
external\cls_chinese_medicine/train/baishao/baishao_0545.jpg,白芍,性味苦酸微寒；归肝脾经；功效：养血调经、敛阴止汗、柔肝止痛、平抑肝阳。
external\cls_chinese_medicine/train/tiankuizi/yitiankuizi_0297.jpg,天葵子,性味甘苦寒；归肝胃经；功效：清热解毒、消肿散结。
external\cls_chinese_medicine/train/zihuadiding/zihuadiding_1154.jpg,紫花地丁,性味苦辛寒；归心肝经；功效：清热解毒、凉血消肿。
external\cls_chinese_medicine/train/zicao/zicao_0854.jpg,紫草,性味甘咸寒；归心肝经；功效：凉血活血、解毒透疹。
external\cls_chinese_medicine/train/biejia/wangzhengbiejia_0984.jpg,鳖甲,性味咸微寒；归肝肾经；功效：滋阴潜阳、退热除蒸、软坚散结。
external\cls_chinese_medicine/train/zhiqiaopian/zhiqiaopian_1271.jpg,枳壳(zhiqiaopian),性味苦辛酸微寒；归脾胃经；功效：理气宽中、行滞消胀。
external\cls_chinese_medicine/train/lizhihe/lizhihe_1495.jpg,荔枝核,性味甘微苦温；归肝胃经；功效：行气散结、祛寒止痛。
external\cls_chinese_medicine/train/yuanzhi/yuanzhi_0281.jpg,远志,性味苦辛温；归心肾肺经；功效：安神益智、交通心肾、祛痰开窍、消散痈肿。
external\cls_chinese_medicine/train/huangjing/huangjing_1427.jpg,黄精,性味甘平；归脾胃肺肾经；功效：补气养阴、健脾、润肺、益肾。
external\cls_chinese_medicine/train/taoren/taoren_0950.jpg,桃仁,性味苦甘平；归心肝大肠经；功效：活血祛瘀、润肠通便、止咳平喘。
external\cls_chinese_medicine/train/pugongying/pugongying_1619.jpg,蒲公英,性味苦甘寒；归肝胃经；功效：清热解毒、消肿散结、利尿通淋。
external\cls_chinese_medicine/train/shegan/shegang_0158.jpg,射干,性味苦寒；归肺经；功效：清热解毒、消痰利咽。
external\cls_chinese_medicine/train/ziyuan/ziwang_1062.jpg,紫菀,性味辛苦温；归肺经；功效：润肺下气、消痰止咳。
external\cls_chinese_medicine/train/juemingzi/juemingzi_0660.jpg,决明子,性味甘苦咸微寒；归肝大肠经；功效：清热明目、润肠通便。
external\cls_chinese_medicine/train/suanzaoren/suanzaoren_0237.jpg,酸枣仁,性味甘酸平；归肝胆心经；功效：养心补肝、宁心安神、敛汗生津。
external\cls_chinese_medicine/train/zhebeimu/zhebeimu_0223.jpg,浙贝母,性味苦寒；归肺心经；功效：清热化痰、散结消痈。
external\cls_chinese_medicine/train/fuzi/fuzi_1252.jpg,附子,性味辛甘大热有毒；归心肾脾经；功效：回阳救逆、补火助阳、散寒止痛。
external\cls_chinese_medicine/train/zihuadiding/zihuadiding_0327.jpg,紫花地丁,性味苦辛寒；归心肝经；功效：清热解毒、凉血消肿。
external\cls_chinese_medicine/train/taoren/taoren_0964.jpg,桃仁,性味苦甘平；归心肝大肠经；功效：活血祛瘀、润肠通便、止咳平喘。
external\cls_chinese_medicine/train/tiandong/tiandong_0317.jpg,天冬,性味甘苦寒；归肺肾经；功效：养阴润燥、清肺生津。
external\cls_chinese_medicine/train/hongkou/hongkou_0626.jpg,红豆蔻,性味辛温；归脾胃肺经；功效：散寒燥湿、醒脾消食。
external\cls_chinese_medicine/train/xianhecao/xianhecao_0496.jpg,仙鹤草,性味苦涩平；归心肝经；功效：收敛止血、截疟止痢、解毒补虚。
external\cls_chinese_medicine/train/taoren/taoren_0354.jpg,桃仁,性味苦甘平；归心肝大肠经；功效：活血祛瘀、润肠通便、止咳平喘。
external\cls_chinese_medicine/train/jinyinhua/(445).jpg,金银花,性味甘寒；归肺心胃经；功效：清热解毒、疏散风热。
external\cls_chinese_medicine/train/jinqiancao/jinqiancao_1550.jpg,金钱草,性味甘咸微寒；归肝胆肾膀胱经；功效：利湿退黄、利尿通淋、解毒消肿。
external\cls_chinese_medicine/train/caokou/caokou_0595.jpg,草蔻,性味辛温；归脾胃经；功效：燥湿行气、温中止呕。
external\cls_chinese_medicine/train/fupenzi/fupenzi_0977.jpg,覆盆子,性味甘酸温；归肝肾经；功效：益肾固精缩尿、养肝明目。
external\cls_chinese_medicine/train/lianzixin/lianzixin_0284.jpg,莲子心,性味苦寒；归心肾经；功效：清心安神、交通心肾、涩精止血。
external\cls_chinese_medicine/train/digupi/digupi_1028.jpg,地骨皮,性味甘寒；归肺肝肾经；功效：凉血除蒸、清肺降火。
external\cls_chinese_medicine/train/aiye/aiye_0822.jpg,艾叶,性味辛苦温；归肝脾肾经；功效：温经止血、散寒止痛、调经安胎、外用祛湿止痒。
external\cls_chinese_medicine/train/bajitian/bajitian_1148.jpg,巴戟天,性味甘辛微温；归肾肝经；功效：补肾阳、强筋骨、祛风湿。
external\cls_chinese_medicine/train/guanzhong/guanzhong_1192.jpg,贯众,性味苦微寒有小毒；归肝胃经；功效：清热解毒、驱虫、止血。
external\cls_chinese_medicine/train/muxiang/muxiang_1239.jpg,木香,性味辛苦温；归脾胃大肠三焦经；功效：行气止痛、健脾消食。
external\cls_chinese_medicine/train/renshen/renshen_1070.jpg,人参(renshen),性味甘微苦微温；归脾肺心肾经；功效：大补元气、复脉固脱、补脾益肺、生津养血、安神。
external\cls_chinese_medicine/train/hongkou/hongkou_1492.jpg,红豆蔻,性味辛温；归脾胃肺经；功效：散寒燥湿、醒脾消食。
external\cls_chinese_medicine/train/lizhihe/lizhihe_1399.jpg,荔枝核,性味甘微苦温；归肝胃经；功效：行气散结、祛寒止痛。
external\cls_chinese_medicine/train/wuweizi/wuweizi_0962.jpg,五味子,性味酸甘温；归肺心肾经；功效：收敛固涩、益气生津、补肾宁心。
external\cls_chinese_medicine/train/roudoukou/roudoukou_0505.jpg,肉豆蔻,性味辛温；归脾胃大肠经；功效：温中行气、涩肠止泻。
external\cls_chinese_medicine/train/baifan/baifan_0671.jpg,白矾,性味酸涩寒；归肺脾肝大肠经；功效：外用解毒杀虫、燥湿止痒；内服止血止泻、祛除风痰。
external\cls_chinese_medicine/train/chantui/chantui_1161.jpg,蝉蜕,性味甘寒；归肺肝经；功效：疏散风热、利咽开音、透疹、明目退翳、息风止痉。
external\cls_chinese_medicine/train/lulutong/lulutong_0017.jpg,路路通,性味苦平；归肝膀胱经；功效：祛风活络、利水通经、下乳。
external\cls_chinese_medicine/train/shigao/shigao_0298.jpg,石膏,性味甘辛大寒；归肺胃经；功效：清热泻火、除烦止渴。
external\cls_chinese_medicine/train/chuanxinlian/chuanxinlian_0549.jpg,穿心莲,性味苦寒；归心肺大肠膀胱经；功效：清热解毒、凉血消肿、燥湿。
external\cls_chinese_medicine/train/qianhu/qianhu_0786.jpg,前胡,性味苦辛微寒；归肺脾经；功效：降气化痰、散风清热。
external\cls_chinese_medicine/train/nvzhenzi/nvzhenzi_0590.jpg,女贞子,性味甘苦凉；归肝肾经；功效：滋补肝肾、明目乌发。
external\cls_chinese_medicine/train/tianmakuai/tianmakuai_1087.jpg,天麻(tianmakuai),性味甘平；归肝经；功效：息风止痉、平抑肝阳、祛风通络。
external\cls_chinese_medicine/train/gouqizi/gouqizi_0787.jpg,枸杞,性味甘平；归肝肾经；功效：滋补肝肾、益精明目。
external\cls_chinese_medicine/train/xixin/xixin_0165.jpg,细辛,性味辛温有小毒；归心肾肺经；功效：解表散寒、祛风止痛、通窍、温肺化饮。
external\cls_chinese_medicine/train/banlangen/banlangen_1007.jpg,板蓝根,性味苦寒；归心胃经；功效：清热解毒、凉血利咽。
external\cls_chinese_medicine/train/chishao/chishao_0817.jpg,赤芍,性味苦微寒；归肝经经；功效：清热凉血、散瘀止痛。
external\cls_chinese_medicine/train/juemingzi/juemingzi_1427.jpg,决明子,性味甘苦咸微寒；归肝大肠经；功效：清热明目、润肠通便。
external\cls_chinese_medicine/train/roudoukou/roudoukou_0296.jpg,肉豆蔻,性味辛温；归脾胃大肠经；功效：温中行气、涩肠止泻。
external\cls_chinese_medicine/train/xixin/xixin_0952.jpg,细辛,性味辛温有小毒；归心肾肺经；功效：解表散寒、祛风止痛、通窍、温肺化饮。
external\cls_chinese_medicine/train/roucongronggen/roucongronggeng_0053.jpg,肉苁蓉(roucongronggen),性味甘咸温；归肾大肠经；功效：补肾阳、益精血、润肠通便。
external\cls_chinese_medicine/train/baihuasheshecao/baihuasheshecao_0418.jpg,白花蛇舌草,性味微苦甘寒；归胃大肠小肠经；功效：清热解毒、利湿通淋。
external\cls_chinese_medicine/train/yejuhua/yejuhua_1459.jpg,菊花,性味苦辛微寒；归肝心经；功效：清热解毒、泻火平肝。
external\cls_chinese_medicine/train/baibiandou/baibiandou_0077.jpg,白扁豆,性味甘微温；归脾胃经；功效：健脾化湿、和中消暑。
external\cls_chinese_medicine/train/jinqiancao/jinqiancao_0447.jpg,金钱草,性味甘咸微寒；归肝胆肾膀胱经；功效：利湿退黄、利尿通淋、解毒消肿。
external\cls_chinese_medicine/train/suanzaoren/suanzaoren_1074.jpg,酸枣仁,性味甘酸平；归肝胆心经；功效：养心补肝、宁心安神、敛汗生津。
external\cls_chinese_medicine/train/shouwutengkuai/shouwutengkuai_0653.jpg,首乌藤(shouwutengkuai),性味甘平；归心肝经；功效：养血安神、祛风通络。
external\cls_chinese_medicine/train/baibiandou/baibiandou_0662.jpg,白扁豆,性味甘微温；归脾胃经；功效：健脾化湿、和中消暑。
external\cls_chinese_medicine/train/digupi/digupi_1097.jpg,地骨皮,性味甘寒；归肺肝肾经；功效：凉血除蒸、清肺降火。
external\cls_chinese_medicine/train/jinyinhua/(200).jpg,金银花,性味甘寒；归肺心胃经；功效：清热解毒、疏散风热。
external\cls_chinese_medicine/train/roucongronggen/roucongronggeng_1401.jpg,肉苁蓉(roucongronggen),性味甘咸温；归肾大肠经；功效：补肾阳、益精血、润肠通便。
external\cls_chinese_medicine/train/fupenzi/fupenzi_1068.jpg,覆盆子,性味甘酸温；归肝肾经；功效：益肾固精缩尿、养肝明目。
external\cls_chinese_medicine/train/zhimu/zhimu_0478.jpg,知母,性味苦甘寒；归肺胃肾经；功效：清热泻火、滋阴润燥。
external\cls_chinese_medicine/train/shihu/shihu_0308.jpg,石斛,性味甘微寒；归胃肾经；功效：益胃生津、滋阴清热。
external\cls_chinese_medicine/train/zhuru/zhuru_0273.jpg,竹茹,性味甘微寒；归肺胃心胆经；功效：清热化痰、除烦止呕。
external\cls_chinese_medicine/train/caoguo/caoguo_1313.jpg,草果,性味辛温；归脾胃经；功效：燥湿温中、截疟除痰。
external\cls_chinese_medicine/train/qianghuo/qianhuo_0492.jpg,羌活,性味辛苦温；归膀胱肾经；功效：解表散寒、祛风胜湿、止痛。
external\cls_chinese_medicine/train/huomaren/huomaren_0964.jpg,火麻仁,性味甘平；归脾胃大肠经；功效：润肠通便。
external\cls_chinese_medicine/train/yimucao/yimucao_0223.jpg,益母草,性味苦辛微寒；归肝心包膀胱经；功效：活血调经、利尿消肿、清热解毒。
external\cls_chinese_medicine/train/xiakucao/xiakucao_0856.jpg,夏枯草,性味辛苦寒；归肝胆经；功效：清肝泻火、明目、散结消肿。
external\cls_chinese_medicine/train/renshen/renshen_1447.jpg,人参(renshen),性味甘微苦微温；归脾肺心肾经；功效：大补元气、复脉固脱、补脾益肺、生津养血、安神。
external\cls_chinese_medicine/train/mohanlian/mohanliang_1431.jpg,墨旱莲,性味甘酸寒；归肝肾经；功效：滋补肝肾、凉血止血。
external\cls_chinese_medicine/train/fangfeng/fangfeng_1469.jpg,防风,性味辛甘微温；归膀胱肝脾经；功效：祛风解表、胜湿止痛、止痉。
external\cls_chinese_medicine/train/baihe/baihe_0113.jpg,百合,性味甘寒；归心肺经；功效：养阴润肺、清心安神。
external\cls_chinese_medicine/train/xinyi/xinyi_1299.jpg,辛夷,性味辛温；归肺胃经；功效：散风寒、通鼻窍。
external\cls_chinese_medicine/train/caoguo/caoguo_0334.jpg,草果,性味辛温；归脾胃经；功效：燥湿温中、截疟除痰。
external\cls_chinese_medicine/train/caokou/caokou_1431.jpg,草蔻,性味辛温；归脾胃经；功效：燥湿行气、温中止呕。
external\cls_chinese_medicine/train/xixin/xixin_0052.jpg,细辛,性味辛温有小毒；归心肾肺经；功效：解表散寒、祛风止痛、通窍、温肺化饮。
external\cls_chinese_medicine/train/banxia/banxia_0350.jpg,半夏,性味辛温有毒；归脾胃肺经；功效：燥湿化痰、降逆止呕、消痞散结。
external\cls_chinese_medicine/train/fupenzi/fupenzi_1230.jpg,覆盆子,性味甘酸温；归肝肾经；功效：益肾固精缩尿、养肝明目。
external\cls_chinese_medicine/train/daqingye/daqinye_0210.jpg,大青叶,性味苦寒；归心胃经；功效：清热解毒、凉血消斑。
external\cls_chinese_medicine/train/foshou/foshou_1239.jpg,佛手,性味辛苦酸温；归肝脾胃肺经；功效：疏肝理气、和胃止痛、燥湿化痰。
external\cls_chinese_medicine/train/muxiang/muxiang_1459.jpg,木香,性味辛苦温；归脾胃大肠三焦经；功效：行气止痛、健脾消食。
external\cls_chinese_medicine/train/duzhong/duzhong_0503.jpg,杜仲,性味甘温；归肝肾经；功效：补肝肾、强筋骨、安胎。
external\cls_chinese_medicine/train/lizhihe/lizhihe_0091.jpg,荔枝核,性味甘微苦温；归肝胃经；功效：行气散结、祛寒止痛。
external\cls_chinese_medicine/train/lianzixin/lianzixin_1069.jpg,莲子心,性味苦寒；归心肾经；功效：清心安神、交通心肾、涩精止血。
external\cls_chinese_medicine/train/xuduan/xuduan_0217.jpg,续断,性味苦辛微温；归肝肾经；功效：补肝肾、强筋骨、续折伤、止崩漏。
external\cls_chinese_medicine/train/gouteng/gouteng_1268.jpg,钩藤,性味甘凉；归肝心包经；功效：息风定惊、清热平肝。
external\cls_chinese_medicine/train/yejuhua/yejuhua_1396.jpg,菊花,性味苦辛微寒；归肝心经；功效：清热解毒、泻火平肝。
external\cls_chinese_medicine/train/maidong/maidong_0647.jpg,麦冬,性味甘微苦微寒；归心胃肺经；功效：养阴生津、润肺清心。
external\cls_chinese_medicine/train/tubiechong/tubiechong_0576.jpg,土鳖虫,性味咸寒有小毒；归肝经；功效：破血逐瘀、续筋接骨。
external\cls_chinese_medicine/train/yimucao/yimucao_0527.jpg,益母草,性味苦辛微寒；归肝心包膀胱经；功效：活血调经、利尿消肿、清热解毒。
external\cls_chinese_medicine/train/dangshen/dangsheng_1039.jpg,党参,性味甘平；归脾肺经；功效：健脾益肺、养血生津。
external\cls_chinese_medicine/train/juemingzi/juemingzi_0207.jpg,决明子,性味甘苦咸微寒；归肝大肠经；功效：清热明目、润肠通便。
external\cls_chinese_medicine/train/tianmapian/tianmapian_1615.jpg,天麻(tianmapian),性味甘平；归肝经；功效：息风止痉、平抑肝阳、祛风通络。
external\cls_chinese_medicine/train/shengma/shengma_0326.jpg,升麻,性味辛微甘微寒；归肺脾胃大肠经；功效：发表透疹、清热解毒、升举阳气。
external\cls_chinese_medicine/train/suanzaoren/suanzaoren_1124.jpg,酸枣仁,性味甘酸平；归肝胆心经；功效：养心补肝、宁心安神、敛汗生津。
external\cls_chinese_medicine/train/jingjie/jinjie_0725.jpg,荆芥,性味辛微温；归肺肝经；功效：解表散风、透疹消疮、炒炭止血。
external\cls_chinese_medicine/train/baibu/baibu_0940.jpg,百部,性味甘苦微温；归肺经；功效：润肺下气止咳、杀虫灭虱。
external\cls_chinese_medicine/train/shegan/shegang_1377.jpg,射干,性味苦寒；归肺经；功效：清热解毒、消痰利咽。
external\cls_chinese_medicine/train/fupenzi/fupenzi_0532.jpg,覆盆子,性味甘酸温；归肝肾经；功效：益肾固精缩尿、养肝明目。
external\cls_chinese_medicine/train/zihuadiding/zihuadiding_0774.jpg,紫花地丁,性味苦辛寒；归心肝经；功效：清热解毒、凉血消肿。
external\cls_chinese_medicine/train/lizhihe/lizhihe_1219.jpg,荔枝核,性味甘微苦温；归肝胃经；功效：行气散结、祛寒止痛。
external\cls_chinese_medicine/train/cishi/cishi_1213.jpg,磁石,性味咸寒；归肝肾心经；功效：镇惊安神、平肝潜阳、聪耳明目、纳气平喘。
external\cls_chinese_medicine/train/chenxiang/chengxiang_0038.jpg,沉香,性味辛苦微温；归脾胃肾经；功效：行气止痛、温中止呕、纳气平喘。
external\cls_chinese_medicine/train/danshen/danshen_0479.jpg,丹参,性味苦微寒；归心肝经；功效：活血调经、凉血消痈、安神。
external\cls_chinese_medicine/train/roucongrongpian/roucongrongpian_1045.jpg,肉苁蓉(roucongrongpian),性味甘咸温；归肾大肠经；功效：补肾阳、益精血、润肠通便。
external\cls_chinese_medicine/train/diyu/diyu_0717.jpg,地榆,性味苦酸涩微寒；归肝大肠经；功效：凉血止血、解毒敛疮。
external\cls_chinese_medicine/train/dilong/dilong_1405.jpg,地龙,性味咸寒；归肝脾膀胱经；功效：清热定惊、通络平喘、利尿。
external\cls_chinese_medicine/train/mohanlian/mohanliang_0231.jpg,墨旱莲,性味甘酸寒；归肝肾经；功效：滋补肝肾、凉血止血。
external\cls_chinese_medicine/train/shanyao/shanyao_1577.jpg,山药,性味甘平；归脾肺肾经；功效：补脾养胃、生津益肺、补肾涩精。
external\cls_chinese_medicine/train/daxueteng/daxueteng_0464.jpg,大血藤,性味苦平；归大肠肝经；功效：清热解毒、活血止痛、祛风通络。
external\cls_chinese_medicine/train/xinyi/xinyi_0440.jpg,辛夷,性味辛温；归肺胃经；功效：散风寒、通鼻窍。
external\cls_chinese_medicine/train/hehuanpi/hehuanpi_1618.jpg,合欢皮,性味甘平；归心肝肺经；功效：解郁安神、活血消肿。
external\cls_chinese_medicine/train/tiandong/tiandong_1183.jpg,天冬,性味甘苦寒；归肺肾经；功效：养阴润燥、清肺生津。
external\cls_chinese_medicine/train/shengma/shengma_1551.jpg,升麻,性味辛微甘微寒；归肺脾胃大肠经；功效：发表透疹、清热解毒、升举阳气。
external\cls_chinese_medicine/train/shouwutengkuai/shouwutengkuai_0899.jpg,首乌藤(shouwutengkuai),性味甘平；归心肝经；功效：养血安神、祛风通络。
external\cls_chinese_medicine/train/chenpi/chenpi_0996.jpg,陈皮,性味苦辛温；归脾肺经；功效：理气健脾、燥湿化痰。
external\cls_chinese_medicine/train/cishi/cishi_1040.jpg,磁石,性味咸寒；归肝肾心经；功效：镇惊安神、平肝潜阳、聪耳明目、纳气平喘。
external\cls_chinese_medicine/train/ganjiang/gangjiang_0440.jpg,干姜,性味辛热；归脾胃肾心肺经；功效：温中散寒、回阳通脉、温肺化饮。
external\cls_chinese_medicine/train/xuduan/xuduan_0904.jpg,续断,性味苦辛微温；归肝肾经；功效：补肝肾、强筋骨、续折伤、止崩漏。
external\cls_chinese_medicine/train/niuxi/niuxi_1144.jpg,牛膝,性味苦甘酸平；归肝肾经；功效：逐瘀通经、补肝肾、强筋骨、利尿通淋、引血下行。
external\cls_chinese_medicine/train/huzhang/huzhang_1075.jpg,虎杖,性味微苦微寒；归肝胆肺经；功效：利湿退黄、清热解毒、散瘀止痛、止咳化痰。
external\cls_chinese_medicine/train/wujiapi/wujiapi_1484.jpg,五加皮,性味辛苦温；归肝肾经；功效：祛风湿、补肝肾、强筋骨。
external\cls_chinese_medicine/train/zhimu/zhimu_0531.jpg,知母,性味苦甘寒；归肺胃肾经；功效：清热泻火、滋阴润燥。
external\cls_chinese_medicine/train/muxiang/muxiang_0250.jpg,木香,性味辛苦温；归脾胃大肠三焦经；功效：行气止痛、健脾消食。
external\cls_chinese_medicine/train/renshenqiepian/renshenqiepian_1645.jpg,人参(renshenqiepian),性味甘微苦微温；归脾肺心肾经；功效：大补元气、复脉固脱、补脾益肺、生津养血、安神。
external\cls_chinese_medicine/train/lulutong/lulutong_0006.jpg,路路通,性味苦平；归肝膀胱经；功效：祛风活络、利水通经、下乳。
external\cls_chinese_medicine/train/shouwutengkuai/shouwutengkuai_1305.jpg,首乌藤(shouwutengkuai),性味甘平；归心肝经；功效：养血安神、祛风通络。
external\cls_chinese_medicine/train/hongkou/hongkou_1303.jpg,红豆蔻,性味辛温；归脾胃肺经；功效：散寒燥湿、醒脾消食。
external\cls_chinese_medicine/train/baitouweng/baitouweng_0802.jpg,白头翁,性味苦寒；归胃大肠经；功效：清热解毒、凉血止痢。
external\cls_chinese_medicine/train/qianhu/qianhu_1050.jpg,前胡,性味苦辛微寒；归肺脾经；功效：降气化痰、散风清热。
external\cls_chinese_medicine/train/baiziren/baiziren_1207.jpg,柏子仁,性味甘平；归心肾大肠经；功效：养心安神、润肠通便、止汗。
external\cls_chinese_medicine/train/baikou/baikou_1425.jpg,白豆蔻,性味辛温；归肺脾胃经；功效：化湿行气、温中止呕、开胃消食。
external\cls_chinese_medicine/train/shanzhuyu/shanzhuyu_0678.jpg,山茱萸,性味酸涩微温；归肝肾经；功效：补益肝肾、收涩固脱。
external\cls_chinese_medicine/train/biejia/wangzhengbiejia_0010.jpg,鳖甲,性味咸微寒；归肝肾经；功效：滋阴潜阳、退热除蒸、软坚散结。
external\cls_chinese_medicine/train/gegen/gegen_1301.jpg,葛根,性味甘辛凉；归脾胃肺经；功效：解肌退热、生津止渴、透疹、升阳止泻、通经活络。
external\cls_chinese_medicine/train/gancao/gancao_0687.jpg,甘草,性味甘平；归心肺脾胃经；功效：补脾益气、清热解毒、祛痰止咳、缓急止痛、调和诸药。
external\cls_chinese_medicine/train/houpu/houpu_0886.jpg,厚朴,性味苦辛温；归脾胃肺大肠经；功效：燥湿消痰、下气除满。
external\cls_chinese_medicine/train/dilong/dilong_0073.jpg,地龙,性味咸寒；归肝脾膀胱经；功效：清热定惊、通络平喘、利尿。
external\cls_chinese_medicine/train/yuzhupian/yuzhupian_0137.jpg,玉竹(yuzhupian),性味甘微寒；归肺胃经；功效：养阴润燥、生津止渴。
external\cls_chinese_medicine/train/roucongrongpian/roucongrongpian_0505.jpg,肉苁蓉(roucongrongpian),性味甘咸温；归肾大肠经；功效：补肾阳、益精血、润肠通便。
external\cls_chinese_medicine/train/qianghuo/qianhuo_0329.jpg,羌活,性味辛苦温；归膀胱肾经；功效：解表散寒、祛风胜湿、止痛。
external\cls_chinese_medicine/train/jiangcan/jiangcan_1361.jpg,僵蚕,性味咸辛平；归肝肺经；功效：息风止痉、祛风止痛、化痰散结。
external\cls_chinese_medicine/train/roucongronggen/roucongronggeng_0671.jpg,肉苁蓉(roucongronggen),性味甘咸温；归肾大肠经；功效：补肾阳、益精血、润肠通便。
external\cls_chinese_medicine/train/baihuasheshecao/baihuasheshecao_1463.jpg,白花蛇舌草,性味微苦甘寒；归胃大肠小肠经；功效：清热解毒、利湿通淋。
external\cls_chinese_medicine/train/maiya/maiya_1541.jpg,麦芽,性味甘平；归脾胃肝经；功效：行气消食、健脾开胃、回乳消胀。
external\cls_chinese_medicine/train/baibiandou/baibiandou_0926.jpg,白扁豆,性味甘微温；归脾胃经；功效：健脾化湿、和中消暑。
external\cls_chinese_medicine/train/maiya/maiya_0129.jpg,麦芽,性味甘平；归脾胃肝经；功效：行气消食、健脾开胃、回乳消胀。
external\cls_chinese_medicine/train/chantui/chantui_0345.jpg,蝉蜕,性味甘寒；归肺肝经；功效：疏散风热、利咽开音、透疹、明目退翳、息风止痉。
external\cls_chinese_medicine/train/zhimu/zhimu_0727.jpg,知母,性味苦甘寒；归肺胃肾经；功效：清热泻火、滋阴润燥。
external\cls_chinese_medicine/train/cebaiye/cebaiye_0946.jpg,侧柏叶,性味苦涩寒；归肺肝大肠经；功效：凉血止血、化痰止咳、生发乌发。
external\cls_chinese_medicine/train/baiziren/baiziren_0893.jpg,柏子仁,性味甘平；归心肾大肠经；功效：养心安神、润肠通便、止汗。
external\cls_chinese_medicine/train/jinyinhua/(1029).jpg,金银花,性味甘寒；归肺心胃经；功效：清热解毒、疏散风热。
external\cls_chinese_medicine/train/yimucao/yimucao_0844.jpg,益母草,性味苦辛微寒；归肝心包膀胱经；功效：活血调经、利尿消肿、清热解毒。
external\cls_chinese_medicine/train/dilong/dilong_0122.jpg,地龙,性味咸寒；归肝脾膀胱经；功效：清热定惊、通络平喘、利尿。
external\cls_chinese_medicine/train/shanyao/shanyao_1318.jpg,山药,性味甘平；归脾肺肾经；功效：补脾养胃、生津益肺、补肾涩精。
external\cls_chinese_medicine/train/shanzhuyu/shanzhuyu_0387.jpg,山茱萸,性味酸涩微温；归肝肾经；功效：补益肝肾、收涩固脱。
external\cls_chinese_medicine/train/zelan/zelan_0927.jpg,泽兰,性味苦辛微温；归肝脾经；功效：活血调经、祛瘀消痈、利水消肿。
external\cls_chinese_medicine/train/dafupi/dafupi_0222.jpg,大腹皮,性味辛微温；归脾胃大肠小肠经；功效：行气宽中、行水消肿。
external\cls_chinese_medicine/train/shechuangzi/shechuangzi_0369.jpg,蛇床子,性味辛苦温；归肾经；功效：燥湿祛风、杀虫止痒、温肾壮阳。
external\cls_chinese_medicine/train/zhiqiaopian/zhiqiaopian_0826.jpg,枳壳(zhiqiaopian),性味苦辛酸微寒；归脾胃经；功效：理气宽中、行滞消胀。
external\cls_chinese_medicine/train/baimaogen/baimaogen_1350.jpg,白茅根,性味甘寒；归肺胃膀胱经；功效：凉血止血、清热利尿。
external\cls_chinese_medicine/train/cangzhu/cangzhu_0774.jpg,苍术,性味辛苦温；归脾胃肝经；功效：燥湿健脾、祛风散寒、明目。
external\cls_chinese_medicine/train/cangzhu/cangzhu_0267.jpg,苍术,性味辛苦温；归脾胃肝经；功效：燥湿健脾、祛风散寒、明目。
external\cls_chinese_medicine/train/renshenqiepian/renshenqiepian_1044.jpg,人参(renshenqiepian),性味甘微苦微温；归脾肺心肾经；功效：大补元气、复脉固脱、补脾益肺、生津养血、安神。
external\cls_chinese_medicine/train/baishao/baishao_0110.jpg,白芍,性味苦酸微寒；归肝脾经；功效：养血调经、敛阴止汗、柔肝止痛、平抑肝阳。
external\cls_chinese_medicine/train/yiyiren/yiyiren_1108.jpg,薏苡仁,性味甘淡凉；归脾胃肺经；功效：利水渗湿、健脾止泻、除痹、排脓、解毒散结。
external\cls_chinese_medicine/train/nvzhenzi/nvzhenzi_0275.jpg,女贞子,性味甘苦凉；归肝肾经；功效：滋补肝肾、明目乌发。
external\cls_chinese_medicine/train/mudanpi/mudanpi_0071.jpg,牡丹皮,性味苦辛微寒；归心肝肾经；功效：清热凉血、活血化瘀。
external\cls_chinese_medicine/train/zhuru/zhuru_1228.jpg,竹茹,性味甘微寒；归肺胃心胆经；功效：清热化痰、除烦止呕。
external\cls_chinese_medicine/train/ajiao/ajiao_1422.jpg,阿胶,性味甘平；归肺肝肾经；功效：补血滋阴、润燥、止血。
external\cls_chinese_medicine/train/xuduan/xuduan_0240.jpg,续断,性味苦辛微温；归肝肾经；功效：补肝肾、强筋骨、续折伤、止崩漏。
external\cls_chinese_medicine/train/baihe/baihe_1303.jpg,百合,性味甘寒；归心肺经；功效：养阴润肺、清心安神。
external\cls_chinese_medicine/train/maiya/maiya_0748.jpg,麦芽,性味甘平；归脾胃肝经；功效：行气消食、健脾开胃、回乳消胀。
external\cls_chinese_medicine/train/niuxi/niuxi_1261.jpg,牛膝,性味苦甘酸平；归肝肾经；功效：逐瘀通经、补肝肾、强筋骨、利尿通淋、引血下行。
external\cls_chinese_medicine/train/ajiao/ajiao_0550.jpg,阿胶,性味甘平；归肺肝肾经；功效：补血滋阴、润燥、止血。
external\cls_chinese_medicine/train/muli/muli_1545.jpg,牡蛎,性味咸微寒；归肝肾经；功效：重镇安神、潜阳补阴、软坚散结、收敛固涩。
external\cls_chinese_medicine/train/chuanxinlian/chuanxinlian_0087.jpg,穿心莲,性味苦寒；归心肺大肠膀胱经；功效：清热解毒、凉血消肿、燥湿。
external\cls_chinese_medicine/train/fuzi/fuzi_0007.jpg,附子,性味辛甘大热有毒；归心肾脾经；功效：回阳救逆、补火助阳、散寒止痛。
external\cls_chinese_medicine/train/lizhihe/lizhihe_0485.jpg,荔枝核,性味甘微苦温；归肝胃经；功效：行气散结、祛寒止痛。
external\cls_chinese_medicine/train/baifan/baifan_1158.jpg,白矾,性味酸涩寒；归肺脾肝大肠经；功效：外用解毒杀虫、燥湿止痒；内服止血止泻、祛除风痰。
external\cls_chinese_medicine/train/tusizi/tusizi_1554.jpg,菟丝子,性味辛甘平；归肝肾脾经；功效：补益肝肾、固精缩尿、安胎、明目、止泻。
external\cls_chinese_medicine/train/huangqin/huangqin_0767.jpg,黄芩,性味苦寒；归肺胆脾大肠小肠经；功效：清热燥湿、泻火解毒、止血、安胎。
external\cls_chinese_medicine/train/wuweizi/wuweizi_0394.jpg,五味子,性味酸甘温；归肺心肾经；功效：收敛固涩、益气生津、补肾宁心。
external\cls_chinese_medicine/train/digupi/digupi_1130.jpg,地骨皮,性味甘寒；归肺肝肾经；功效：凉血除蒸、清肺降火。
external\cls_chinese_medicine/train/dilong/dilong_0066.jpg,地龙,性味咸寒；归肝脾膀胱经；功效：清热定惊、通络平喘、利尿。
external\cls_chinese_medicine/train/guya/guya_0561.jpg,谷芽,性味甘温；归脾胃经；功效：消食和中、健脾开胃。
external\cls_chinese_medicine/train/juemingzi/juemingzi_1146.jpg,决明子,性味甘苦咸微寒；归肝大肠经；功效：清热明目、润肠通便。
external\cls_chinese_medicine/train/jiangcan/jiangcan_0027.jpg,僵蚕,性味咸辛平；归肝肺经；功效：息风止痉、祛风止痛、化痰散结。
external\cls_chinese_medicine/train/caokou/caokou_0330.jpg,草蔻,性味辛温；归脾胃经；功效：燥湿行气、温中止呕。
external\cls_chinese_medicine/train/roudoukou/roudoukou_1113.jpg,肉豆蔻,性味辛温；归脾胃大肠经；功效：温中行气、涩肠止泻。
external\cls_chinese_medicine/train/shenqu/shengqu_1105.jpg,神曲,性味甘辛温；归脾胃经；功效：消食和胃。
external\cls_chinese_medicine/train/huzhang/huzhang_1615.jpg,虎杖,性味微苦微寒；归肝胆肺经；功效：利湿退黄、清热解毒、散瘀止痛、止咳化痰。
external\cls_chinese_medicine/train/chaihu/chaihu_0086.jpg,柴胡,性味苦辛微寒；归肝经；功效：疏散退热、疏肝解郁、升举阳气。
external\cls_chinese_medicine/train/qinghao/qinhao_0845.jpg,青蒿,性味苦辛寒；归肝胆经；功效：清虚热、除骨蒸、解暑热、截疟、退黄。
external\cls_chinese_medicine/train/luohanguo/luohanguo_1283.jpg,罗汉果,性味甘凉；归肺大肠经；功效：清热润肺、利咽开音、滑肠通便。
external\cls_chinese_medicine/train/renshenqiepian/renshenqiepian_0204.jpg,人参(renshenqiepian),性味甘微苦微温；归脾肺心肾经；功效：大补元气、复脉固脱、补脾益肺、生津养血、安神。
external\cls_chinese_medicine/train/baihuasheshecao/baihuasheshecao_1282.jpg,白花蛇舌草,性味微苦甘寒；归胃大肠小肠经；功效：清热解毒、利湿通淋。
external\cls_chinese_medicine/train/huangjing/huangjing_0790.jpg,黄精,性味甘平；归脾胃肺肾经；功效：补气养阴、健脾、润肺、益肾。
external\cls_chinese_medicine/train/bajitian/bajitian_1632.jpg,巴戟天,性味甘辛微温；归肾肝经；功效：补肾阳、强筋骨、祛风湿。
external\cls_chinese_medicine/train/luohanguo/luohanguo_0081.jpg,罗汉果,性味甘凉；归肺大肠经；功效：清热润肺、利咽开音、滑肠通便。
external\cls_chinese_medicine/train/baifan/baifan_1541.jpg,白矾,性味酸涩寒；归肺脾肝大肠经；功效：外用解毒杀虫、燥湿止痒；内服止血止泻、祛除风痰。
external\cls_chinese_medicine/train/tubiechong/tubiechong_1324.jpg,土鳖虫,性味咸寒有小毒；归肝经；功效：破血逐瘀、续筋接骨。
external\cls_chinese_medicine/train/juemingzi/juemingzi_1322.jpg,决明子,性味甘苦咸微寒；归肝大肠经；功效：清热明目、润肠通便。
external\cls_chinese_medicine/train/beishashenkuai/beishashenkuai_0667.jpg,北沙参(beishashenkuai),性味甘微苦微寒；归肺胃经；功效：养阴清肺、益胃生津。
external\cls_chinese_medicine/train/biejia/wangzhengbiejia_0564.jpg,鳖甲,性味咸微寒；归肝肾经；功效：滋阴潜阳、退热除蒸、软坚散结。
external\cls_chinese_medicine/train/niuxi/niuxi_0865.jpg,牛膝,性味苦甘酸平；归肝肾经；功效：逐瘀通经、补肝肾、强筋骨、利尿通淋、引血下行。
external\cls_chinese_medicine/train/hehuanpi/hehuanpi_0211.jpg,合欢皮,性味甘平；归心肝肺经；功效：解郁安神、活血消肿。
external\cls_chinese_medicine/train/shanzha/shanzha_1226.jpg,山楂,性味酸甘微温；归脾胃肝经；功效：消食健胃、行气散瘀、化浊降脂。
external\cls_chinese_medicine/train/huomaren/huomaren_0186.jpg,火麻仁,性味甘平；归脾胃大肠经；功效：润肠通便。
external\cls_chinese_medicine/train/baizhu/baizhu_0001.jpg,白术,性味苦甘温；归脾胃经；功效：健脾益气、燥湿利水、止汗、安胎。
external\cls_chinese_medicine/train/nvzhenzi/nvzhenzi_0437.jpg,女贞子,性味甘苦凉；归肝肾经；功效：滋补肝肾、明目乌发。
external\cls_chinese_medicine/train/tiankuizi/yitiankuizi_0305.jpg,天葵子,性味甘苦寒；归肝胃经；功效：清热解毒、消肿散结。
external\cls_chinese_medicine/train/luohanguo/luohanguo_0930.jpg,罗汉果,性味甘凉；归肺大肠经；功效：清热润肺、利咽开音、滑肠通便。
external\cls_chinese_medicine/train/aiye/aiye_1242.jpg,艾叶,性味辛苦温；归肝脾肾经；功效：温经止血、散寒止痛、调经安胎、外用祛湿止痒。
external\cls_chinese_medicine/train/huzhang/huzhang_0491.jpg,虎杖,性味微苦微寒；归肝胆肺经；功效：利湿退黄、清热解毒、散瘀止痛、止咳化痰。
external\cls_chinese_medicine/train/biejia/biejia_0831.jpg,鳖甲,性味咸微寒；归肝肾经；功效：滋阴潜阳、退热除蒸、软坚散结。
external\cls_chinese_medicine/train/baihuasheshecao/baihuasheshecao_0672.jpg,白花蛇舌草,性味微苦甘寒；归胃大肠小肠经；功效：清热解毒、利湿通淋。
external\cls_chinese_medicine/train/caoguo/caoguo_0784.jpg,草果,性味辛温；归脾胃经；功效：燥湿温中、截疟除痰。
external\cls_chinese_medicine/train/baibu/baibu_1714.jpg,百部,性味甘苦微温；归肺经；功效：润肺下气止咳、杀虫灭虱。
external\cls_chinese_medicine/train/danshen/danshen_0270.jpg,丹参,性味苦微寒；归心肝经；功效：活血调经、凉血消痈、安神。
external\cls_chinese_medicine/train/zhebeimu/zhebeimu_0928.jpg,浙贝母,性味苦寒；归肺心经；功效：清热化痰、散结消痈。
external\cls_chinese_medicine/train/chuanxinlian/chuanxinlian_0629.jpg,穿心莲,性味苦寒；归心肺大肠膀胱经；功效：清热解毒、凉血消肿、燥湿。
external\cls_chinese_medicine/train/qinghao/qinhao_0251.jpg,青蒿,性味苦辛寒；归肝胆经；功效：清虚热、除骨蒸、解暑热、截疟、退黄。
external\cls_chinese_medicine/train/xiangfu/xiangfu_0562.jpg,香附,性味辛微苦微甘平；归肝脾三焦经；功效：疏肝解郁、理气宽中、调经止痛。
external\cls_chinese_medicine/train/jingjie/jinjie_0629.jpg,荆芥,性味辛微温；归肺肝经；功效：解表散风、透疹消疮、炒炭止血。
external\cls_chinese_medicine/train/lizhihe/lizhihe_1224.jpg,荔枝核,性味甘微苦温；归肝胃经；功效：行气散结、祛寒止痛。
external\cls_chinese_medicine/train/lingzhi/linzhi_0162.jpg,灵芝,性味甘平；归心肺肝肾经；功效：补气安神、止咳平喘。
external\cls_chinese_medicine/train/rougui/rougui_1067.jpg,肉桂,性味辛甘大热；归肾脾心肝经；功效：补火助阳、引火归元、散寒止痛、温通经脉。
external\cls_chinese_medicine/train/shanzha/shanzha_1017.jpg,山楂,性味酸甘微温；归脾胃肝经；功效：消食健胃、行气散瘀、化浊降脂。
external\cls_chinese_medicine/train/huangbo/huangbai_1212.jpg,黄柏,性味苦寒；归肾膀胱经；功效：清热燥湿、泻火除蒸、解毒疗疮。
external\cls_chinese_medicine/train/shuiniujiao/shuiniujiao_1498.jpg,水牛角,性味苦寒；归心肝胃经；功效：清热凉血、定惊。
external\cls_chinese_medicine/train/baizhu/baizhu_0763.jpg,白术,性味苦甘温；归脾胃经；功效：健脾益气、燥湿利水、止汗、安胎。
external\cls_chinese_medicine/train/maidong/maidong_0023.jpg,麦冬,性味甘微苦微寒；归心胃肺经；功效：养阴生津、润肺清心。
external\cls_chinese_medicine/train/gouqizi/gouqizi_1554.jpg,枸杞,性味甘平；归肝肾经；功效：滋补肝肾、益精明目。
external\cls_chinese_medicine/train/shechuangzi/shechuangzi_0400.jpg,蛇床子,性味辛苦温；归肾经；功效：燥湿祛风、杀虫止痒、温肾壮阳。
external\cls_chinese_medicine/train/cishi/cishi_1601.jpg,磁石,性味咸寒；归肝肾心经；功效：镇惊安神、平肝潜阳、聪耳明目、纳气平喘。
external\cls_chinese_medicine/train/chuanshanjia/chuanshanjia_0216.jpg,穿山甲,性味咸微寒；归肝胃经；功效：活血消癥、通经下乳、消肿排脓、搜风通络。
external\cls_chinese_medicine/train/chongcao/chongcao_1417.jpg,虫草,性味甘平；归肺肾经；功效：补肾益肺、止血化痰。
external\cls_chinese_medicine/train/muli/muli_0642.jpg,牡蛎,性味咸微寒；归肝肾经；功效：重镇安神、潜阳补阴、软坚散结、收敛固涩。
external\cls_chinese_medicine/train/lizhihe/lizhihe_0136.jpg,荔枝核,性味甘微苦温；归肝胃经；功效：行气散结、祛寒止痛。
external\cls_chinese_medicine/train/chenxiang/chengxiang_0425.jpg,沉香,性味辛苦微温；归脾胃肾经；功效：行气止痛、温中止呕、纳气平喘。
external\cls_chinese_medicine/train/banxia/banxia_1199.jpg,半夏,性味辛温有毒；归脾胃肺经；功效：燥湿化痰、降逆止呕、消痞散结。
external\cls_chinese_medicine/train/caokou/caokou_0254.jpg,草蔻,性味辛温；归脾胃经；功效：燥湿行气、温中止呕。
external\cls_chinese_medicine/train/chenxiang/chengxiang_0994.jpg,沉香,性味辛苦微温；归脾胃肾经；功效：行气止痛、温中止呕、纳气平喘。
external\cls_chinese_medicine/train/digupi/digupi_0345.jpg,地骨皮,性味甘寒；归肺肝肾经；功效：凉血除蒸、清肺降火。
external\cls_chinese_medicine/train/huangjing/huangjing_0775.jpg,黄精,性味甘平；归脾胃肺肾经；功效：补气养阴、健脾、润肺、益肾。
external\cls_chinese_medicine/train/xiaohuixiang/xiaohuixiang_0202.jpg,小茴香,性味辛温；归肝肾脾胃经；功效：散寒止痛、理气和胃。
external\cls_chinese_medicine/train/beishashenkuai/beishashenkuai_0116.jpg,北沙参(beishashenkuai),性味甘微苦微寒；归肺胃经；功效：养阴清肺、益胃生津。
external\cls_chinese_medicine/train/banlangen/banlangen_0035.jpg,板蓝根,性味苦寒；归心胃经；功效：清热解毒、凉血利咽。
external\cls_chinese_medicine/train/yinchen/yinchen_0483.jpg,茵陈,性味苦辛微寒；归脾胃肝胆经；功效：清利湿热、利胆退黄。
external\cls_chinese_medicine/train/dangshen/dangsheng_1654.jpg,党参,性味甘平；归脾肺经；功效：健脾益肺、养血生津。
external\cls_chinese_medicine/train/dafupi/dafupi_1091.jpg,大腹皮,性味辛微温；归脾胃大肠小肠经；功效：行气宽中、行水消肿。
external\cls_chinese_medicine/train/shegan/shegang_0984.jpg,射干,性味苦寒；归肺经；功效：清热解毒、消痰利咽。
external\cls_chinese_medicine/train/yimucao/yimucao_1569.jpg,益母草,性味苦辛微寒；归肝心包膀胱经；功效：活血调经、利尿消肿、清热解毒。
external\cls_chinese_medicine/train/chuanshanjia/chuanshanjia_0986.jpg,穿山甲,性味咸微寒；归肝胃经；功效：活血消癥、通经下乳、消肿排脓、搜风通络。
external\cls_chinese_medicine/train/puhuang/puhuang_1000.jpg,蒲黄,性味甘平；归肝心包经；功效：止血、化瘀、通淋。
external\cls_chinese_medicine/train/fuling/fuling_1368.jpg,茯苓,性味甘淡平；归心肺脾肾经；功效：利水渗湿、健脾、宁心。
external\cls_chinese_medicine/train/paojiang/paojiang_0040.jpg,炮姜,性味苦涩温；归脾胃肾经；功效：温经止血、温中止痛。
external\cls_chinese_medicine/train/shichangpu/shichangpu_1433.jpg,石菖蒲,性味辛苦温；归心胃经；功效：开窍豁痰、醒神益智、化湿开胃。
external\cls_chinese_medicine/train/tongcao/tongcao_0025.jpg,通草,性味甘淡微寒；归肺胃经；功效：清热利尿、通气下乳。
external\cls_chinese_medicine/train/jianghuang/jianghuang_0732.jpg,姜黄,性味辛苦温；归脾胃肝经；功效：破血行气、通经止痛。
external\cls_chinese_medicine/train/baimaogen/baimaogen_1466.jpg,白茅根,性味甘寒；归肺胃膀胱经；功效：凉血止血、清热利尿。
external\cls_chinese_medicine/train/renshen/renshen_0752.jpg,人参(renshen),性味甘微苦微温；归脾肺心肾经；功效：大补元气、复脉固脱、补脾益肺、生津养血、安神。
external\cls_chinese_medicine/train/dilong/dilong_1263.jpg,地龙,性味咸寒；归肝脾膀胱经；功效：清热定惊、通络平喘、利尿。
external\cls_chinese_medicine/train/gegen/gegen_0789.jpg,葛根,性味甘辛凉；归脾胃肺经；功效：解肌退热、生津止渴、透疹、升阳止泻、通经活络。
external\cls_chinese_medicine/train/qianghuo/qianhuo_0089.jpg,羌活,性味辛苦温；归膀胱肾经；功效：解表散寒、祛风胜湿、止痛。
external\cls_chinese_medicine/train/huzhang/huzhang_0565.jpg,虎杖,性味微苦微寒；归肝胆肺经；功效：利湿退黄、清热解毒、散瘀止痛、止咳化痰。
external\cls_chinese_medicine/train/suanzaoren/suanzaoren_1487.jpg,酸枣仁,性味甘酸平；归肝胆心经；功效：养心补肝、宁心安神、敛汗生津。
external\cls_chinese_medicine/train/xiangfu/xiangfu_0061.jpg,香附,性味辛微苦微甘平；归肝脾三焦经；功效：疏肝解郁、理气宽中、调经止痛。
external\cls_chinese_medicine/train/lianqiao/lianqiao_1351.jpg,连翘,性味苦微寒；归肺心小肠经；功效：清热解毒、疏散风热、消肿散结。
external\cls_chinese_medicine/train/taoren/taoren_0299.jpg,桃仁,性味苦甘平；归心肝大肠经；功效：活血祛瘀、润肠通便、止咳平喘。
external\cls_chinese_medicine/train/zhenzhumu/zhenzhumu_1562.jpg,珍珠母,性味咸寒；归肝心经；功效：平肝潜阳、安神定惊、明目退翳。
external\cls_chinese_medicine/train/tubiechong/tubiechong_0510.jpg,土鳖虫,性味咸寒有小毒；归肝经；功效：破血逐瘀、续筋接骨。
external\cls_chinese_medicine/train/tongcao/tongcao_0648.jpg,通草,性味甘淡微寒；归肺胃经；功效：清热利尿、通气下乳。
external\cls_chinese_medicine/train/guya/guya_0139.jpg,谷芽,性味甘温；归脾胃经；功效：消食和中、健脾开胃。
external\cls_chinese_medicine/train/chaihu/chaihu_1253.jpg,柴胡,性味苦辛微寒；归肝经；功效：疏散退热、疏肝解郁、升举阳气。
external\cls_chinese_medicine/train/lulutong/lulutong_0113.jpg,路路通,性味苦平；归肝膀胱经；功效：祛风活络、利水通经、下乳。
external\cls_chinese_medicine/train/honghua/honghua_0199.jpg,红花,性味辛温；归心肝经；功效：活血通经、散瘀止痛。
external\cls_chinese_medicine/train/fupenzi/fupenzi_0355.jpg,覆盆子,性味甘酸温；归肝肾经；功效：益肾固精缩尿、养肝明目。
external\cls_chinese_medicine/train/rougui/rougui_1240.jpg,肉桂,性味辛甘大热；归肾脾心肝经；功效：补火助阳、引火归元、散寒止痛、温通经脉。
external\cls_chinese_medicine/train/zhimu/zhimu_0333.jpg,知母,性味苦甘寒；归肺胃肾经；功效：清热泻火、滋阴润燥。
external\cls_chinese_medicine/train/daxueteng/daxueteng_0419.jpg,大血藤,性味苦平；归大肠肝经；功效：清热解毒、活血止痛、祛风通络。
external\cls_chinese_medicine/train/baikou/baikou_0829.jpg,白豆蔻,性味辛温；归肺脾胃经；功效：化湿行气、温中止呕、开胃消食。
external\cls_chinese_medicine/train/zhebeimu/zhebeimu_0913.jpg,浙贝母,性味苦寒；归肺心经；功效：清热化痰、散结消痈。
external\cls_chinese_medicine/train/yiyiren/yiyiren_1295.jpg,薏苡仁,性味甘淡凉；归脾胃肺经；功效：利水渗湿、健脾止泻、除痹、排脓、解毒散结。
external\cls_chinese_medicine/train/jinqiancao/jinqiancao_1462.jpg,金钱草,性味甘咸微寒；归肝胆肾膀胱经；功效：利湿退黄、利尿通淋、解毒消肿。
external\cls_chinese_medicine/train/caoguo/caoguo_0590.jpg,草果,性味辛温；归脾胃经；功效：燥湿温中、截疟除痰。
external\cls_chinese_medicine/train/jixueteng/jixueteng_0989.jpg,鸡血藤,性味苦甘温；归肝经；功效：活血补血、调经止痛、舒筋活络。
external\cls_chinese_medicine/train/xiangfu/xiangfu_0003.jpg,香附,性味辛微苦微甘平；归肝脾三焦经；功效：疏肝解郁、理气宽中、调经止痛。
external\cls_chinese_medicine/train/baikou/baikou_1548.jpg,白豆蔻,性味辛温；归肺脾胃经；功效：化湿行气、温中止呕、开胃消食。
external\cls_chinese_medicine/train/guya/guya_1253.jpg,谷芽,性味甘温；归脾胃经；功效：消食和中、健脾开胃。
external\cls_chinese_medicine/train/zhuru/zhuru_0047.jpg,竹茹,性味甘微寒；归肺胃心胆经；功效：清热化痰、除烦止呕。
external\cls_chinese_medicine/train/shanzhuyu/shanzhuyu_1576.jpg,山茱萸,性味酸涩微温；归肝肾经；功效：补益肝肾、收涩固脱。
external\cls_chinese_medicine/train/tiandong/tiandong_0132.jpg,天冬,性味甘苦寒；归肺肾经；功效：养阴润燥、清肺生津。
external\cls_chinese_medicine/train/zhuru/zhuru_0166.jpg,竹茹,性味甘微寒；归肺胃心胆经；功效：清热化痰、除烦止呕。
external\cls_chinese_medicine/train/beishashentiao/beishashentiao_1159.jpg,北沙参(beishashentiao),性味甘微苦微寒；归肺胃经；功效：养阴清肺、益胃生津。
external\cls_chinese_medicine/train/baishao/baishao_1158.jpg,白芍,性味苦酸微寒；归肝脾经；功效：养血调经、敛阴止汗、柔肝止痛、平抑肝阳。
external\cls_chinese_medicine/train/wujiapi/wujiapi_1690.jpg,五加皮,性味辛苦温；归肝肾经；功效：祛风湿、补肝肾、强筋骨。
external\cls_chinese_medicine/train/shanzha/shanzha_1470.jpg,山楂,性味酸甘微温；归脾胃肝经；功效：消食健胃、行气散瘀、化浊降脂。
external\cls_chinese_medicine/train/xiakucao/xiakucao_1403.jpg,夏枯草,性味辛苦寒；归肝胆经；功效：清肝泻火、明目、散结消肿。
external\cls_chinese_medicine/train/baihe/baihe_0129.jpg,百合,性味甘寒；归心肺经；功效：养阴润肺、清心安神。
external\cls_chinese_medicine/train/baibu/baibu_0827.jpg,百部,性味甘苦微温；归肺经；功效：润肺下气止咳、杀虫灭虱。
external\cls_chinese_medicine/train/fuling/fuling_1588.jpg,茯苓,性味甘淡平；归心肺脾肾经；功效：利水渗湿、健脾、宁心。
external\cls_chinese_medicine/train/sharen/sharen_0749.jpg,砂仁,性味辛温；归脾胃肾经；功效：化湿开胃、温脾止泻、理气安胎。
external\cls_chinese_medicine/train/gegen/gegen_1055.jpg,葛根,性味甘辛凉；归脾胃肺经；功效：解肌退热、生津止渴、透疹、升阳止泻、通经活络。
external\cls_chinese_medicine/train/digupi/digupi_0127.jpg,地骨皮,性味甘寒；归肺肝肾经；功效：凉血除蒸、清肺降火。
external\cls_chinese_medicine/train/baihe/baihe_0839.jpg,百合,性味甘寒；归心肺经；功效：养阴润肺、清心安神。
external\cls_chinese_medicine/train/sangshen/sangshen_1191.jpg,桑葚,性味甘酸寒；归心肝肾经；功效：滋阴补血、生津润燥。
external\cls_chinese_medicine/train/renshenqiepian/renshenqiepian_1508.jpg,人参(renshenqiepian),性味甘微苦微温；归脾肺心肾经；功效：大补元气、复脉固脱、补脾益肺、生津养血、安神。
external\cls_chinese_medicine/train/shegan/shegang_0670.jpg,射干,性味苦寒；归肺经；功效：清热解毒、消痰利咽。
external\cls_chinese_medicine/train/qianhu/qianhu_1608.jpg,前胡,性味苦辛微寒；归肺脾经；功效：降气化痰、散风清热。
external\cls_chinese_medicine/train/shegan/shegang_0625.jpg,射干,性味苦寒；归肺经；功效：清热解毒、消痰利咽。
external\cls_chinese_medicine/train/shihu/shihu_1158.jpg,石斛,性味甘微寒；归胃肾经；功效：益胃生津、滋阴清热。
external\cls_chinese_medicine/train/heshouwu/heshouwu_1590.jpg,何首乌,性味苦甘涩微温；归肝肾经；功效：制用补肝肾益精血、生用解毒消痈润肠通便。
external\cls_chinese_medicine/train/dangshen/dangsheng_0913.jpg,党参,性味甘平；归脾肺经；功效：健脾益肺、养血生津。
external\cls_chinese_medicine/train/tiankuizi/yitiankuizi_1536.jpg,天葵子,性味甘苦寒；归肝胃经；功效：清热解毒、消肿散结。
external\cls_chinese_medicine/train/taoren/taoren_0871.jpg,桃仁,性味苦甘平；归心肝大肠经；功效：活血祛瘀、润肠通便、止咳平喘。
external\cls_chinese_medicine/train/cebaiye/cebaiye_1053.jpg,侧柏叶,性味苦涩寒；归肺肝大肠经；功效：凉血止血、化痰止咳、生发乌发。
external\cls_chinese_medicine/train/chishao/chishao_0622.jpg,赤芍,性味苦微寒；归肝经经；功效：清热凉血、散瘀止痛。
external\cls_chinese_medicine/train/jiangcan/jiangcan_1097.jpg,僵蚕,性味咸辛平；归肝肺经；功效：息风止痉、祛风止痛、化痰散结。
external\cls_chinese_medicine/train/luohanguo/luohanguo_0868.jpg,罗汉果,性味甘凉；归肺大肠经；功效：清热润肺、利咽开音、滑肠通便。
external\cls_chinese_medicine/train/quanxie/quangxie_0257.jpg,全蝎,性味辛平有毒；归肝经；功效：息风镇痉、通络止痛、攻毒散结。
external\cls_chinese_medicine/train/kushen/kushen_0219.jpg,苦参,性味苦寒；归心肝胃大肠膀胱经；功效：清热燥湿、杀虫利尿。
external\cls_chinese_medicine/train/jinyinhua/(510).jpg,金银花,性味甘寒；归肺心胃经；功效：清热解毒、疏散风热。
external\cls_chinese_medicine/train/shanyao/shanyao_0716.jpg,山药,性味甘平；归脾肺肾经；功效：补脾养胃、生津益肺、补肾涩精。
external\cls_chinese_medicine/train/shihu/shihu_1607.jpg,石斛,性味甘微寒；归胃肾经；功效：益胃生津、滋阴清热。
external\cls_chinese_medicine/train/yuanzhi/yuanzhi_0528.jpg,远志,性味苦辛温；归心肾肺经；功效：安神益智、交通心肾、祛痰开窍、消散痈肿。
external\cls_chinese_medicine/train/yuanzhi/yuanzhi_0512.jpg,远志,性味苦辛温；归心肾肺经；功效：安神益智、交通心肾、祛痰开窍、消散痈肿。
external\cls_chinese_medicine/train/baimaogen/baimaogen_0901.jpg,白茅根,性味甘寒；归肺胃膀胱经；功效：凉血止血、清热利尿。
external\cls_chinese_medicine/train/shouwutengpian/shouwutengpian_1594.jpg,首乌藤(shouwutengpian),性味甘平；归心肝经；功效：养血安神、祛风通络。
external\cls_chinese_medicine/train/jiangcan/jiangcan_0947.jpg,僵蚕,性味咸辛平；归肝肺经；功效：息风止痉、祛风止痛、化痰散结。
external\cls_chinese_medicine/train/gouqizi/gouqizi_0427.jpg,枸杞,性味甘平；归肝肾经；功效：滋补肝肾、益精明目。
external\cls_chinese_medicine/train/wulingzhi/wulinzhi_1516.jpg,五灵脂,性味苦咸甘温；归肝经；功效：活血止痛、化瘀止血。
external\cls_chinese_medicine/train/shegan/shegang_0845.jpg,射干,性味苦寒；归肺经；功效：清热解毒、消痰利咽。
external\cls_chinese_medicine/train/muli/muli_0627.jpg,牡蛎,性味咸微寒；归肝肾经；功效：重镇安神、潜阳补阴、软坚散结、收敛固涩。
external\cls_chinese_medicine/train/xiangfu/xiangfu_1490.jpg,香附,性味辛微苦微甘平；归肝脾三焦经；功效：疏肝解郁、理气宽中、调经止痛。
external\cls_chinese_medicine/train/maidong/maidong_1231.jpg,麦冬,性味甘微苦微寒；归心胃肺经；功效：养阴生津、润肺清心。
external\cls_chinese_medicine/train/duzhong/duzhong_1023.jpg,杜仲,性味甘温；归肝肾经；功效：补肝肾、强筋骨、安胎。
external\cls_chinese_medicine/train/baifan/baifan_1308.jpg,白矾,性味酸涩寒；归肺脾肝大肠经；功效：外用解毒杀虫、燥湿止痒；内服止血止泻、祛除风痰。
external\cls_chinese_medicine/train/guya/guya_0205.jpg,谷芽,性味甘温；归脾胃经；功效：消食和中、健脾开胃。
external\cls_chinese_medicine/train/chuanshanjia/chuanshanjia_0013.jpg,穿山甲,性味咸微寒；归肝胃经；功效：活血消癥、通经下乳、消肿排脓、搜风通络。
external\cls_chinese_medicine/train/huomaren/huomaren_1352.jpg,火麻仁,性味甘平；归脾胃大肠经；功效：润肠通便。
external\cls_chinese_medicine/train/taoren/taoren_1130.jpg,桃仁,性味苦甘平；归心肝大肠经；功效：活血祛瘀、润肠通便、止咳平喘。
external\cls_chinese_medicine/train/shechuangzi/shechuangzi_0687.jpg,蛇床子,性味辛苦温；归肾经；功效：燥湿祛风、杀虫止痒、温肾壮阳。
external\cls_chinese_medicine/train/puhuang/puhuang_1218.jpg,蒲黄,性味甘平；归肝心包经；功效：止血、化瘀、通淋。
external\cls_chinese_medicine/train/renshenqiepian/renshenqiepian_0080.jpg,人参(renshenqiepian),性味甘微苦微温；归脾肺心肾经；功效：大补元气、复脉固脱、补脾益肺、生津养血、安神。
external\cls_chinese_medicine/train/luohanguo/luohanguo_1584.jpg,罗汉果,性味甘凉；归肺大肠经；功效：清热润肺、利咽开音、滑肠通便。
external\cls_chinese_medicine/train/zhebeimu/zhebeimu_0383.jpg,浙贝母,性味苦寒；归肺心经；功效：清热化痰、散结消痈。
external\cls_chinese_medicine/train/xinyi/xinyi_0847.jpg,辛夷,性味辛温；归肺胃经；功效：散风寒、通鼻窍。
external\cls_chinese_medicine/train/huangjing/huangjing_1305.jpg,黄精,性味甘平；归脾胃肺肾经；功效：补气养阴、健脾、润肺、益肾。
external\cls_chinese_medicine/train/luoshiteng/luoshiteng_0697.jpg,络石藤,性味苦微寒；归心肝经；功效：祛风通络、凉血消肿。
external\cls_chinese_medicine/train/sanqi/sanqi_0978.jpg,三七,性味甘微苦温；归肝胃经；功效：化瘀止血、活血定痛。
external\cls_chinese_medicine/train/qianhu/qianhu_1358.jpg,前胡,性味苦辛微寒；归肺脾经；功效：降气化痰、散风清热。
external\cls_chinese_medicine/train/jixueteng/jixueteng_1350.jpg,鸡血藤,性味苦甘温；归肝经；功效：活血补血、调经止痛、舒筋活络。
external\cls_chinese_medicine/train/huangbo/huangbai_1098.jpg,黄柏,性味苦寒；归肾膀胱经；功效：清热燥湿、泻火除蒸、解毒疗疮。
external\cls_chinese_medicine/train/lingzhi/linzhi_1351.jpg,灵芝,性味甘平；归心肺肝肾经；功效：补气安神、止咳平喘。
external\cls_chinese_medicine/train/xuduan/xuduan_0233.jpg,续断,性味苦辛微温；归肝肾经；功效：补肝肾、强筋骨、续折伤、止崩漏。
external\cls_chinese_medicine/train/daxueteng/daxueteng_0774.jpg,大血藤,性味苦平；归大肠肝经；功效：清热解毒、活血止痛、祛风通络。
external\cls_chinese_medicine/train/xinyi/xinyi_1030.jpg,辛夷,性味辛温；归肺胃经；功效：散风寒、通鼻窍。
external\cls_chinese_medicine/train/aiye/aiye_0463.jpg,艾叶,性味辛苦温；归肝脾肾经；功效：温经止血、散寒止痛、调经安胎、外用祛湿止痒。
external\cls_chinese_medicine/train/baimaogen/baimaogen_0205.jpg,白茅根,性味甘寒；归肺胃膀胱经；功效：凉血止血、清热利尿。
external\cls_chinese_medicine/train/peilan/peilan_0481.jpg,佩兰,性味辛平；归脾胃肺经；功效：芳香化湿、醒脾开胃、发表解暑。
external\cls_chinese_medicine/train/aiye/aiye_1307.jpg,艾叶,性味辛苦温；归肝脾肾经；功效：温经止血、散寒止痛、调经安胎、外用祛湿止痒。
external\cls_chinese_medicine/train/gouqizi/gouqizi_0471.jpg,枸杞,性味甘平；归肝肾经；功效：滋补肝肾、益精明目。
external\cls_chinese_medicine/train/juemingzi/juemingzi_1484.jpg,决明子,性味甘苦咸微寒；归肝大肠经；功效：清热明目、润肠通便。
external\cls_chinese_medicine/train/huangqin/huangqin_1516.jpg,黄芩,性味苦寒；归肺胆脾大肠小肠经；功效：清热燥湿、泻火解毒、止血、安胎。
external\cls_chinese_medicine/train/huaihua/huaihua_0066.jpg,槐花,性味苦微寒；归肝大肠经；功效：凉血止血、清肝泻火。
external\cls_chinese_medicine/train/lianzixin/lianzixin_1336.jpg,莲子心,性味苦寒；归心肾经；功效：清心安神、交通心肾、涩精止血。
external\cls_chinese_medicine/train/zhenzhumu/zhenzhumu_0980.jpg,珍珠母,性味咸寒；归肝心经；功效：平肝潜阳、安神定惊、明目退翳。
external\cls_chinese_medicine/train/shanzha/shanzha_1263.jpg,山楂,性味酸甘微温；归脾胃肝经；功效：消食健胃、行气散瘀、化浊降脂。
external\cls_chinese_medicine/train/baihuasheshecao/baihuasheshecao_1617.jpg,白花蛇舌草,性味微苦甘寒；归胃大肠小肠经；功效：清热解毒、利湿通淋。
external\cls_chinese_medicine/train/qianhu/qianhu_1023.jpg,前胡,性味苦辛微寒；归肺脾经；功效：降气化痰、散风清热。
external\cls_chinese_medicine/train/cishi/cishi_0080.jpg,磁石,性味咸寒；归肝肾心经；功效：镇惊安神、平肝潜阳、聪耳明目、纳气平喘。
external\cls_chinese_medicine/train/baishao/baishao_0293.jpg,白芍,性味苦酸微寒；归肝脾经；功效：养血调经、敛阴止汗、柔肝止痛、平抑肝阳。
external\cls_chinese_medicine/train/baibu/baibu_0326.jpg,百部,性味甘苦微温；归肺经；功效：润肺下气止咳、杀虫灭虱。
external\cls_chinese_medicine/train/gancao/gancao_1306.jpg,甘草,性味甘平；归心肺脾胃经；功效：补脾益气、清热解毒、祛痰止咳、缓急止痛、调和诸药。
external\cls_chinese_medicine/train/yimucao/yimucao_0966.jpg,益母草,性味苦辛微寒；归肝心包膀胱经；功效：活血调经、利尿消肿、清热解毒。
external\cls_chinese_medicine/train/lizhihe/lizhihe_0009.jpg,荔枝核,性味甘微苦温；归肝胃经；功效：行气散结、祛寒止痛。
external\cls_chinese_medicine/train/zelan/zelan_0134.jpg,泽兰,性味苦辛微温；归肝脾经；功效：活血调经、祛瘀消痈、利水消肿。
external\cls_chinese_medicine/train/chuanxinlian/chuanxinlian_1329.jpg,穿心莲,性味苦寒；归心肺大肠膀胱经；功效：清热解毒、凉血消肿、燥湿。
external\cls_chinese_medicine/train/guanzhong/guanzhong_1315.jpg,贯众,性味苦微寒有小毒；归肝胃经；功效：清热解毒、驱虫、止血。
external\cls_chinese_medicine/train/huomaren/huomaren_0422.jpg,火麻仁,性味甘平；归脾胃大肠经；功效：润肠通便。
external\cls_chinese_medicine/train/niuxi/niuxi_1328.jpg,牛膝,性味苦甘酸平；归肝肾经；功效：逐瘀通经、补肝肾、强筋骨、利尿通淋、引血下行。
external\cls_chinese_medicine/train/pugongying/pugongying_1273.jpg,蒲公英,性味苦甘寒；归肝胃经；功效：清热解毒、消肿散结、利尿通淋。
external\cls_chinese_medicine/train/baitouweng/baitouweng_0097.jpg,白头翁,性味苦寒；归胃大肠经；功效：清热解毒、凉血止痢。
external\cls_chinese_medicine/train/nvzhenzi/nvzhenzi_1276.jpg,女贞子,性味甘苦凉；归肝肾经；功效：滋补肝肾、明目乌发。
external\cls_chinese_medicine/train/cangzhu/cangzhu_0668.jpg,苍术,性味辛苦温；归脾胃肝经；功效：燥湿健脾、祛风散寒、明目。
external\cls_chinese_medicine/train/zhiqiaopian/zhiqiaopian_1342.jpg,枳壳(zhiqiaopian),性味苦辛酸微寒；归脾胃经；功效：理气宽中、行滞消胀。
external\cls_chinese_medicine/train/luohanguo/luohanguo_0954.jpg,罗汉果,性味甘凉；归肺大肠经；功效：清热润肺、利咽开音、滑肠通便。
external\cls_chinese_medicine/train/rougui/rougui_0072.jpg,肉桂,性味辛甘大热；归肾脾心肝经；功效：补火助阳、引火归元、散寒止痛、温通经脉。
external\cls_chinese_medicine/train/mohanlian/mohanliang_0386.jpg,墨旱莲,性味甘酸寒；归肝肾经；功效：滋补肝肾、凉血止血。
external\cls_chinese_medicine/train/baifan/baifan_1052.jpg,白矾,性味酸涩寒；归肺脾肝大肠经；功效：外用解毒杀虫、燥湿止痒；内服止血止泻、祛除风痰。
external\cls_chinese_medicine/train/pugongying/pugongying_1612.jpg,蒲公英,性味苦甘寒；归肝胃经；功效：清热解毒、消肿散结、利尿通淋。
external\cls_chinese_medicine/train/chuanshanjia/chuanshanjia_1113.jpg,穿山甲,性味咸微寒；归肝胃经；功效：活血消癥、通经下乳、消肿排脓、搜风通络。
external\cls_chinese_medicine/train/huangqin/huangqin_0003.jpg,黄芩,性味苦寒；归肺胆脾大肠小肠经；功效：清热燥湿、泻火解毒、止血、安胎。
external\cls_chinese_medicine/train/cangzhu/cangzhu_0883.jpg,苍术,性味辛苦温；归脾胃肝经；功效：燥湿健脾、祛风散寒、明目。
external\cls_chinese_medicine/train/baibiandou/baibiandou_0410.jpg,白扁豆,性味甘微温；归脾胃经；功效：健脾化湿、和中消暑。
external\cls_chinese_medicine/train/renshen/renshen_0466.jpg,人参(renshen),性味甘微苦微温；归脾肺心肾经；功效：大补元气、复脉固脱、补脾益肺、生津养血、安神。
external\cls_chinese_medicine/train/huangqin/huangqin_0803.jpg,黄芩,性味苦寒；归肺胆脾大肠小肠经；功效：清热燥湿、泻火解毒、止血、安胎。
external\cls_chinese_medicine/train/zhiqiaotiao/zhiqiaotiao_1428.jpg,枳壳(zhiqiaotiao),性味苦辛酸微寒；归脾胃经；功效：理气宽中、行滞消胀。
external\cls_chinese_medicine/train/huangqin/huangqin_1401.jpg,黄芩,性味苦寒；归肺胆脾大肠小肠经；功效：清热燥湿、泻火解毒、止血、安胎。
external\cls_chinese_medicine/train/tianmakuai/tianmakuai_0959.jpg,天麻(tianmakuai),性味甘平；归肝经；功效：息风止痉、平抑肝阳、祛风通络。
external\cls_chinese_medicine/train/diyu/diyu_1112.jpg,地榆,性味苦酸涩微寒；归肝大肠经；功效：凉血止血、解毒敛疮。
external\cls_chinese_medicine/train/dafupi/dafupi_0144.jpg,大腹皮,性味辛微温；归脾胃大肠小肠经；功效：行气宽中、行水消肿。
external\cls_chinese_medicine/train/nvzhenzi/nvzhenzi_0969.jpg,女贞子,性味甘苦凉；归肝肾经；功效：滋补肝肾、明目乌发。
external\cls_chinese_medicine/train/xiakucao/xiakucao_1078.jpg,夏枯草,性味辛苦寒；归肝胆经；功效：清肝泻火、明目、散结消肿。
external\cls_chinese_medicine/train/huzhang/huzhang_0835.jpg,虎杖,性味微苦微寒；归肝胆肺经；功效：利湿退黄、清热解毒、散瘀止痛、止咳化痰。
external\cls_chinese_medicine/train/zihuadiding/zihuadiding_0092.jpg,紫花地丁,性味苦辛寒；归心肝经；功效：清热解毒、凉血消肿。
external\cls_chinese_medicine/train/muxiang/muxiang_0363.jpg,木香,性味辛苦温；归脾胃大肠三焦经；功效：行气止痛、健脾消食。
external\cls_chinese_medicine/train/roudoukou/roudoukou_0778.jpg,肉豆蔻,性味辛温；归脾胃大肠经；功效：温中行气、涩肠止泻。
external\cls_chinese_medicine/train/huzhang/huzhang_1244.jpg,虎杖,性味微苦微寒；归肝胆肺经；功效：利湿退黄、清热解毒、散瘀止痛、止咳化痰。
external\cls_chinese_medicine/train/dafupi/dafupi_1201.jpg,大腹皮,性味辛微温；归脾胃大肠小肠经；功效：行气宽中、行水消肿。
external\cls_chinese_medicine/train/chishao/chishao_1433.jpg,赤芍,性味苦微寒；归肝经经；功效：清热凉血、散瘀止痛。
external\cls_chinese_medicine/train/jianghuang/jianghuang_0169.jpg,姜黄,性味辛苦温；归脾胃肝经；功效：破血行气、通经止痛。
external\cls_chinese_medicine/train/wuweizi/wuweizi_0516.jpg,五味子,性味酸甘温；归肺心肾经；功效：收敛固涩、益气生津、补肾宁心。
external\cls_chinese_medicine/train/shouwutengpian/shouwutengpian_1319.jpg,首乌藤(shouwutengpian),性味甘平；归心肝经；功效：养血安神、祛风通络。
external\cls_chinese_medicine/train/danshen/danshen_0578.jpg,丹参,性味苦微寒；归心肝经；功效：活血调经、凉血消痈、安神。
external\cls_chinese_medicine/train/shengma/shengma_1558.jpg,升麻,性味辛微甘微寒；归肺脾胃大肠经；功效：发表透疹、清热解毒、升举阳气。
external\cls_chinese_medicine/train/xixin/xixin_0417.jpg,细辛,性味辛温有小毒；归心肾肺经；功效：解表散寒、祛风止痛、通窍、温肺化饮。
external\cls_chinese_medicine/train/qianghuo/qianhuo_0890.jpg,羌活,性味辛苦温；归膀胱肾经；功效：解表散寒、祛风胜湿、止痛。
external\cls_chinese_medicine/train/lianzixin/lianzixin_1039.jpg,莲子心,性味苦寒；归心肾经；功效：清心安神、交通心肾、涩精止血。
external\cls_chinese_medicine/train/tiankuizi/yitiankuizi_1394.jpg,天葵子,性味甘苦寒；归肝胃经；功效：清热解毒、消肿散结。
external\cls_chinese_medicine/train/qinghao/qinhao_1242.jpg,青蒿,性味苦辛寒；归肝胆经；功效：清虚热、除骨蒸、解暑热、截疟、退黄。
external\cls_chinese_medicine/train/laifuzi/laifuzi_1012.jpg,莱菔子,性味辛甘平；归脾胃肺经；功效：消食除胀、降气化痰。
external\cls_chinese_medicine/train/digupi/digupi_0617.jpg,地骨皮,性味甘寒；归肺肝肾经；功效：凉血除蒸、清肺降火。
external\cls_chinese_medicine/train/huangbo/huangbai_1066.jpg,黄柏,性味苦寒；归肾膀胱经；功效：清热燥湿、泻火除蒸、解毒疗疮。
external\cls_chinese_medicine/train/chenpi/chenpi_1257.jpg,陈皮,性味苦辛温；归脾肺经；功效：理气健脾、燥湿化痰。
external\cls_chinese_medicine/train/houpu/houpu_1545.jpg,厚朴,性味苦辛温；归脾胃肺大肠经；功效：燥湿消痰、下气除满。
external\cls_chinese_medicine/train/shuihonghuazi/shuihonghuazi_1359.jpg,水红花子,性味咸凉；归肝胃经；功效：散血消癥、消积止痛、利水消肿。
external\cls_chinese_medicine/train/tiandong/tiandong_0339.jpg,天冬,性味甘苦寒；归肺肾经；功效：养阴润燥、清肺生津。
external\cls_chinese_medicine/train/sharen/sharen_1590.jpg,砂仁,性味辛温；归脾胃肾经；功效：化湿开胃、温脾止泻、理气安胎。
external\cls_chinese_medicine/train/lianqiao/lianqiao_1285.jpg,连翘,性味苦微寒；归肺心小肠经；功效：清热解毒、疏散风热、消肿散结。
external\cls_chinese_medicine/train/muli/muli_1430.jpg,牡蛎,性味咸微寒；归肝肾经；功效：重镇安神、潜阳补阴、软坚散结、收敛固涩。
external\cls_chinese_medicine/train/ziyuan/ziwang_1293.jpg,紫菀,性味辛苦温；归肺经；功效：润肺下气、消痰止咳。
external\cls_chinese_medicine/train/tubiechong/tubiechong_1621.jpg,土鳖虫,性味咸寒有小毒；归肝经；功效：破血逐瘀、续筋接骨。
external\cls_chinese_medicine/train/muli/muli_1616.jpg,牡蛎,性味咸微寒；归肝肾经；功效：重镇安神、潜阳补阴、软坚散结、收敛固涩。
external\cls_chinese_medicine/train/yimucao/yimucao_0953.jpg,益母草,性味苦辛微寒；归肝心包膀胱经；功效：活血调经、利尿消肿、清热解毒。
external\cls_chinese_medicine/train/tiannanxing/tiannanxing_0273.jpg,天南星,性味苦辛温有毒；归肺肝脾经；功效：燥湿化痰、祛风止痉、散结消肿。
external\cls_chinese_medicine/train/paojiang/paojiang_0033.jpg,炮姜,性味苦涩温；归脾胃肾经；功效：温经止血、温中止痛。
external\cls_chinese_medicine/train/dangshen/dangsheng_1636.jpg,党参,性味甘平；归脾肺经；功效：健脾益肺、养血生津。
external\cls_chinese_medicine/train/yuzhutiao/yuzhutiao_0664.jpg,玉竹(yuzhutiao),性味甘微寒；归肺胃经；功效：养阴润燥、生津止渴。
external\cls_chinese_medicine/train/sangpiaoxiao/sangpiaoxiao_0742.jpg,桑螵蛸,性味甘咸平；归肝肾经；功效：固精缩尿、补肾助阳。
external\cls_chinese_medicine/train/juemingzi/juemingzi_0179.jpg,决明子,性味甘苦咸微寒；归肝大肠经；功效：清热明目、润肠通便。
external\cls_chinese_medicine/train/banxia/banxia_0861.jpg,半夏,性味辛温有毒；归脾胃肺经；功效：燥湿化痰、降逆止呕、消痞散结。
external\cls_chinese_medicine/train/shouwutengpian/shouwutengpian_1144.jpg,首乌藤(shouwutengpian),性味甘平；归心肝经；功效：养血安神、祛风通络。
external\cls_chinese_medicine/train/beishashentiao/beishashentiao_0313.jpg,北沙参(beishashentiao),性味甘微苦微寒；归肺胃经；功效：养阴清肺、益胃生津。
external\cls_chinese_medicine/train/xuduan/xuduan_0883.jpg,续断,性味苦辛微温；归肝肾经；功效：补肝肾、强筋骨、续折伤、止崩漏。
external\cls_chinese_medicine/train/hongkou/hongkou_1290.jpg,红豆蔻,性味辛温；归脾胃肺经；功效：散寒燥湿、醒脾消食。
external\cls_chinese_medicine/train/lulutong/lulutong_0381.jpg,路路通,性味苦平；归肝膀胱经；功效：祛风活络、利水通经、下乳。
external\cls_chinese_medicine/train/baizhu/baizhu_1206.jpg,白术,性味苦甘温；归脾胃经；功效：健脾益气、燥湿利水、止汗、安胎。
external\cls_chinese_medicine/train/puhuang/puhuang_1434.jpg,蒲黄,性味甘平；归肝心包经；功效：止血、化瘀、通淋。
external\cls_chinese_medicine/train/yimucao/yimucao_0725.jpg,益母草,性味苦辛微寒；归肝心包膀胱经；功效：活血调经、利尿消肿、清热解毒。
external\cls_chinese_medicine/train/xiaohuixiang/xiaohuixiang_0676.jpg,小茴香,性味辛温；归肝肾脾胃经；功效：散寒止痛、理气和胃。
external\cls_chinese_medicine/train/guanzhong/guanzhong_0570.jpg,贯众,性味苦微寒有小毒；归肝胃经；功效：清热解毒、驱虫、止血。
external\cls_chinese_medicine/train/chishao/chishao_0398.jpg,赤芍,性味苦微寒；归肝经经；功效：清热凉血、散瘀止痛。
external\cls_chinese_medicine/train/ziyuan/ziwang_1651.jpg,紫菀,性味辛苦温；归肺经；功效：润肺下气、消痰止咳。
external\cls_chinese_medicine/train/shegan/shegang_0015.jpg,射干,性味苦寒；归肺经；功效：清热解毒、消痰利咽。
external\cls_chinese_medicine/train/ganjiang/gangjiang_1175.jpg,干姜,性味辛热；归脾胃肾心肺经；功效：温中散寒、回阳通脉、温肺化饮。
external\cls_chinese_medicine/train/qinghao/qinhao_0211.jpg,青蒿,性味苦辛寒；归肝胆经；功效：清虚热、除骨蒸、解暑热、截疟、退黄。
external\cls_chinese_medicine/train/xiakucao/xiakucao_0239.jpg,夏枯草,性味辛苦寒；归肝胆经；功效：清肝泻火、明目、散结消肿。
external\cls_chinese_medicine/train/xuduan/xuduan_0722.jpg,续断,性味苦辛微温；归肝肾经；功效：补肝肾、强筋骨、续折伤、止崩漏。
external\cls_chinese_medicine/train/biejia/wangzhengbiejia_1283.jpg,鳖甲,性味咸微寒；归肝肾经；功效：滋阴潜阳、退热除蒸、软坚散结。
external\cls_chinese_medicine/train/daxueteng/daxueteng_1189.jpg,大血藤,性味苦平；归大肠肝经；功效：清热解毒、活血止痛、祛风通络。
external\cls_chinese_medicine/train/cishi/cishi_0639.jpg,磁石,性味咸寒；归肝肾心经；功效：镇惊安神、平肝潜阳、聪耳明目、纳气平喘。
external\cls_chinese_medicine/train/yuzhupian/yuzhupian_0793.jpg,玉竹(yuzhupian),性味甘微寒；归肺胃经；功效：养阴润燥、生津止渴。
external\cls_chinese_medicine/train/chantui/chantui_0863.jpg,蝉蜕,性味甘寒；归肺肝经；功效：疏散风热、利咽开音、透疹、明目退翳、息风止痉。
external\cls_chinese_medicine/train/roucongrongpian/roucongrongpian_0949.jpg,肉苁蓉(roucongrongpian),性味甘咸温；归肾大肠经；功效：补肾阳、益精血、润肠通便。
external\cls_chinese_medicine/train/tubiechong/tubiechong_0078.jpg,土鳖虫,性味咸寒有小毒；归肝经；功效：破血逐瘀、续筋接骨。
external\cls_chinese_medicine/train/wulingzhi/wulinzhi_0429.jpg,五灵脂,性味苦咸甘温；归肝经；功效：活血止痛、化瘀止血。
external\cls_chinese_medicine/train/laifuzi/laifuzi_0524.jpg,莱菔子,性味辛甘平；归脾胃肺经；功效：消食除胀、降气化痰。
external\cls_chinese_medicine/train/renshenqiepian/renshenqiepian_0569.jpg,人参(renshenqiepian),性味甘微苦微温；归脾肺心肾经；功效：大补元气、复脉固脱、补脾益肺、生津养血、安神。
external\cls_chinese_medicine/train/hongkou/hongkou_0934.jpg,红豆蔻,性味辛温；归脾胃肺经；功效：散寒燥湿、醒脾消食。
external\cls_chinese_medicine/train/xiangfu/xiangfu_1361.jpg,香附,性味辛微苦微甘平；归肝脾三焦经；功效：疏肝解郁、理气宽中、调经止痛。
external\cls_chinese_medicine/train/wulingzhi/wulinzhi_0998.jpg,五灵脂,性味苦咸甘温；归肝经；功效：活血止痛、化瘀止血。
external\cls_chinese_medicine/train/shichangpu/shichangpu_0750.jpg,石菖蒲,性味辛苦温；归心胃经；功效：开窍豁痰、醒神益智、化湿开胃。
external\cls_chinese_medicine/train/baiziren/baiziren_1051.jpg,柏子仁,性味甘平；归心肾大肠经；功效：养心安神、润肠通便、止汗。
external\cls_chinese_medicine/train/zhishi/zhishi_1274.jpg,枳实,性味苦辛酸微寒；归脾胃经；功效：破气消积、化痰散痞。
external\cls_chinese_medicine/train/fupenzi/fupenzi_1090.jpg,覆盆子,性味甘酸温；归肝肾经；功效：益肾固精缩尿、养肝明目。
external\cls_chinese_medicine/train/yejuhua/yejuhua_0268.jpg,菊花,性味苦辛微寒；归肝心经；功效：清热解毒、泻火平肝。
external\cls_chinese_medicine/train/dilong/dilong_0241.jpg,地龙,性味咸寒；归肝脾膀胱经；功效：清热定惊、通络平喘、利尿。
external\cls_chinese_medicine/train/baizhu/baizhu_0865.jpg,白术,性味苦甘温；归脾胃经；功效：健脾益气、燥湿利水、止汗、安胎。
external\cls_chinese_medicine/train/cangzhu/cangzhu_1042.jpg,苍术,性味辛苦温；归脾胃肝经；功效：燥湿健脾、祛风散寒、明目。
external\cls_chinese_medicine/train/baifan/baifan_1613.jpg,白矾,性味酸涩寒；归肺脾肝大肠经；功效：外用解毒杀虫、燥湿止痒；内服止血止泻、祛除风痰。
external\cls_chinese_medicine/train/fupenzi/fupenzi_0604.jpg,覆盆子,性味甘酸温；归肝肾经；功效：益肾固精缩尿、养肝明目。
external\cls_chinese_medicine/train/yuzhupian/yuzhupian_0328.jpg,玉竹(yuzhupian),性味甘微寒；归肺胃经；功效：养阴润燥、生津止渴。
external\cls_chinese_medicine/train/wumei/wumei_0269.jpg,乌梅,性味酸涩平；归肝脾肺大肠经；功效：敛肺涩肠、生津安蛔。
external\cls_chinese_medicine/train/tubiechong/tubiechong_0445.jpg,土鳖虫,性味咸寒有小毒；归肝经；功效：破血逐瘀、续筋接骨。
external\cls_chinese_medicine/train/renshen/renshen_0329.jpg,人参(renshen),性味甘微苦微温；归脾肺心肾经；功效：大补元气、复脉固脱、补脾益肺、生津养血、安神。
external\cls_chinese_medicine/train/puhuang/puhuang_1459.jpg,蒲黄,性味甘平；归肝心包经；功效：止血、化瘀、通淋。
external\cls_chinese_medicine/train/sharen/sharen_0374.jpg,砂仁,性味辛温；归脾胃肾经；功效：化湿开胃、温脾止泻、理气安胎。
external\cls_chinese_medicine/train/renshen/renshen_1173.jpg,人参(renshen),性味甘微苦微温；归脾肺心肾经；功效：大补元气、复脉固脱、补脾益肺、生津养血、安神。
external\cls_chinese_medicine/train/mudanpi/mudanpi_0924.jpg,牡丹皮,性味苦辛微寒；归心肝肾经；功效：清热凉血、活血化瘀。
external\cls_chinese_medicine/train/cangzhu/cangzhu_1092.jpg,苍术,性味辛苦温；归脾胃肝经；功效：燥湿健脾、祛风散寒、明目。
external\cls_chinese_medicine/train/chenxiang/chengxiang_1148.jpg,沉香,性味辛苦微温；归脾胃肾经；功效：行气止痛、温中止呕、纳气平喘。
external\cls_chinese_medicine/train/tubiechong/tubiechong_1152.jpg,土鳖虫,性味咸寒有小毒；归肝经；功效：破血逐瘀、续筋接骨。
external\cls_chinese_medicine/train/longgu/longgu_0807.jpg,龙骨,性味甘涩平；归心肝肾经；功效：镇惊安神、平肝潜阳、收敛固涩。
external\cls_chinese_medicine/train/rougui/rougui_0615.jpg,肉桂,性味辛甘大热；归肾脾心肝经；功效：补火助阳、引火归元、散寒止痛、温通经脉。
external\cls_chinese_medicine/train/daxueteng/daxueteng_0198.jpg,大血藤,性味苦平；归大肠肝经；功效：清热解毒、活血止痛、祛风通络。
external\cls_chinese_medicine/train/sanqi/sanqi_0679.jpg,三七,性味甘微苦温；归肝胃经；功效：化瘀止血、活血定痛。
external\cls_chinese_medicine/train/hongkou/hongkou_0149.jpg,红豆蔻,性味辛温；归脾胃肺经；功效：散寒燥湿、醒脾消食。
external\cls_chinese_medicine/train/wuweizi/wuweizi_0369.jpg,五味子,性味酸甘温；归肺心肾经；功效：收敛固涩、益气生津、补肾宁心。
external\cls_chinese_medicine/train/muli/muli_1118.jpg,牡蛎,性味咸微寒；归肝肾经；功效：重镇安神、潜阳补阴、软坚散结、收敛固涩。
external\cls_chinese_medicine/train/chuanxinlian/chuanxinlian_0531.jpg,穿心莲,性味苦寒；归心肺大肠膀胱经；功效：清热解毒、凉血消肿、燥湿。
external\cls_chinese_medicine/train/danshen/danshen_1135.jpg,丹参,性味苦微寒；归心肝经；功效：活血调经、凉血消痈、安神。
external\cls_chinese_medicine/train/danshen/danshen_1090.jpg,丹参,性味苦微寒；归心肝经；功效：活血调经、凉血消痈、安神。
external\cls_chinese_medicine/train/pugongying/pugongying_1195.jpg,蒲公英,性味苦甘寒；归肝胃经；功效：清热解毒、消肿散结、利尿通淋。
external\cls_chinese_medicine/train/yiyiren/yiyiren_0983.jpg,薏苡仁,性味甘淡凉；归脾胃肺经；功效：利水渗湿、健脾止泻、除痹、排脓、解毒散结。
external\cls_chinese_medicine/train/xiangfu/xiangfu_1248.jpg,香附,性味辛微苦微甘平；归肝脾三焦经；功效：疏肝解郁、理气宽中、调经止痛。
external\cls_chinese_medicine/train/zhebeimu/zhebeimu_1395.jpg,浙贝母,性味苦寒；归肺心经；功效：清热化痰、散结消痈。
external\cls_chinese_medicine/train/suanzaoren/suanzaoren_0364.jpg,酸枣仁,性味甘酸平；归肝胆心经；功效：养心补肝、宁心安神、敛汗生津。
external\cls_chinese_medicine/train/ganjiang/gangjiang_1608.jpg,干姜,性味辛热；归脾胃肾心肺经；功效：温中散寒、回阳通脉、温肺化饮。
external\cls_chinese_medicine/train/shanyao/shanyao_0560.jpg,山药,性味甘平；归脾肺肾经；功效：补脾养胃、生津益肺、补肾涩精。
external\cls_chinese_medicine/train/gouqizi/gouqizi_1569.jpg,枸杞,性味甘平；归肝肾经；功效：滋补肝肾、益精明目。
external\cls_chinese_medicine/train/jianghuang/jianghuang_1409.jpg,姜黄,性味辛苦温；归脾胃肝经；功效：破血行气、通经止痛。
external\cls_chinese_medicine/train/zhiqiaopian/zhiqiaopian_1610.jpg,枳壳(zhiqiaopian),性味苦辛酸微寒；归脾胃经；功效：理气宽中、行滞消胀。
external\cls_chinese_medicine/train/chenpi/chenpi_0964.jpg,陈皮,性味苦辛温；归脾肺经；功效：理气健脾、燥湿化痰。
external\cls_chinese_medicine/train/longgu/longgu_0364.jpg,龙骨,性味甘涩平；归心肝肾经；功效：镇惊安神、平肝潜阳、收敛固涩。
external\cls_chinese_medicine/train/shegan/shegang_0255.jpg,射干,性味苦寒；归肺经；功效：清热解毒、消痰利咽。
external\cls_chinese_medicine/train/jixueteng/jixueteng_1452.jpg,鸡血藤,性味苦甘温；归肝经；功效：活血补血、调经止痛、舒筋活络。
external\cls_chinese_medicine/train/shichangpu/shichangpu_1568.jpg,石菖蒲,性味辛苦温；归心胃经；功效：开窍豁痰、醒神益智、化湿开胃。
external\cls_chinese_medicine/train/yuanzhi/yuanzhi_0756.jpg,远志,性味苦辛温；归心肾肺经；功效：安神益智、交通心肾、祛痰开窍、消散痈肿。
external\cls_chinese_medicine/train/tianmapian/tianmapian_0198.jpg,天麻(tianmapian),性味甘平；归肝经；功效：息风止痉、平抑肝阳、祛风通络。
external\cls_chinese_medicine/train/xianhecao/xianhecao_1058.jpg,仙鹤草,性味苦涩平；归心肝经；功效：收敛止血、截疟止痢、解毒补虚。
external\cls_chinese_medicine/train/zihuadiding/zihuadiding_1307.jpg,紫花地丁,性味苦辛寒；归心肝经；功效：清热解毒、凉血消肿。
external\cls_chinese_medicine/train/yuanzhi/yuanzhi_0952.jpg,远志,性味苦辛温；归心肾肺经；功效：安神益智、交通心肾、祛痰开窍、消散痈肿。
external\cls_chinese_medicine/train/fuling/fuling_1137.jpg,茯苓,性味甘淡平；归心肺脾肾经；功效：利水渗湿、健脾、宁心。
external\cls_chinese_medicine/train/wulingzhi/wulinzhi_1018.jpg,五灵脂,性味苦咸甘温；归肝经；功效：活血止痛、化瘀止血。
external\cls_chinese_medicine/train/chishao/chishao_0357.jpg,赤芍,性味苦微寒；归肝经经；功效：清热凉血、散瘀止痛。
external\cls_chinese_medicine/train/digupi/digupi_0205.jpg,地骨皮,性味甘寒；归肺肝肾经；功效：凉血除蒸、清肺降火。
external\cls_chinese_medicine/train/renshen/renshen_0742.jpg,人参(renshen),性味甘微苦微温；归脾肺心肾经；功效：大补元气、复脉固脱、补脾益肺、生津养血、安神。
external\cls_chinese_medicine/train/roucongronggen/roucongronggeng_1615.jpg,肉苁蓉(roucongronggen),性味甘咸温；归肾大肠经；功效：补肾阳、益精血、润肠通便。
external\cls_chinese_medicine/train/shuihonghuazi/shuihonghuazi_0954.jpg,水红花子,性味咸凉；归肝胃经；功效：散血消癥、消积止痛、利水消肿。
external\cls_chinese_medicine/train/baimaogen/baimaogen_0352.jpg,白茅根,性味甘寒；归肺胃膀胱经；功效：凉血止血、清热利尿。
external\cls_chinese_medicine/train/baitouweng/baitouweng_0382.jpg,白头翁,性味苦寒；归胃大肠经；功效：清热解毒、凉血止痢。
external\cls_chinese_medicine/train/chongcao/chongcao_0545.jpg,虫草,性味甘平；归肺肾经；功效：补肾益肺、止血化痰。
external\cls_chinese_medicine/train/paojiang/paojiang_0839.jpg,炮姜,性味苦涩温；归脾胃肾经；功效：温经止血、温中止痛。
external\cls_chinese_medicine/train/diyu/diyu_0303.jpg,地榆,性味苦酸涩微寒；归肝大肠经；功效：凉血止血、解毒敛疮。
external\cls_chinese_medicine/train/zelan/zelan_0609.jpg,泽兰,性味苦辛微温；归肝脾经；功效：活血调经、祛瘀消痈、利水消肿。
external\cls_chinese_medicine/train/renshenqiepian/renshenqiepian_1461.jpg,人参(renshenqiepian),性味甘微苦微温；归脾肺心肾经；功效：大补元气、复脉固脱、补脾益肺、生津养血、安神。
external\cls_chinese_medicine/train/xiangfu/xiangfu_0846.jpg,香附,性味辛微苦微甘平；归肝脾三焦经；功效：疏肝解郁、理气宽中、调经止痛。
external\cls_chinese_medicine/train/peilan/peilan_1075.jpg,佩兰,性味辛平；归脾胃肺经；功效：芳香化湿、醒脾开胃、发表解暑。
external\cls_chinese_medicine/train/houpu/houpu_1396.jpg,厚朴,性味苦辛温；归脾胃肺大肠经；功效：燥湿消痰、下气除满。
external\cls_chinese_medicine/train/guya/guya_0092.jpg,谷芽,性味甘温；归脾胃经；功效：消食和中、健脾开胃。
external\cls_chinese_medicine/train/jinyinhua/(1589).jpg,金银花,性味甘寒；归肺心胃经；功效：清热解毒、疏散风热。
external\cls_chinese_medicine/train/baihuasheshecao/baihuasheshecao_0352.jpg,白花蛇舌草,性味微苦甘寒；归胃大肠小肠经；功效：清热解毒、利湿通淋。
external\cls_chinese_medicine/train/baifan/baifan_0610.jpg,白矾,性味酸涩寒；归肺脾肝大肠经；功效：外用解毒杀虫、燥湿止痒；内服止血止泻、祛除风痰。
external\cls_chinese_medicine/train/heshouwu/heshouwu_0788.jpg,何首乌,性味苦甘涩微温；归肝肾经；功效：制用补肝肾益精血、生用解毒消痈润肠通便。
external\cls_chinese_medicine/train/yimucao/yimucao_1594.jpg,益母草,性味苦辛微寒；归肝心包膀胱经；功效：活血调经、利尿消肿、清热解毒。
external\cls_chinese_medicine/train/xixin/xixin_1039.jpg,细辛,性味辛温有小毒；归心肾肺经；功效：解表散寒、祛风止痛、通窍、温肺化饮。
external\cls_chinese_medicine/train/zhishi/zhishi_0348.jpg,枳实,性味苦辛酸微寒；归脾胃经；功效：破气消积、化痰散痞。
external\cls_chinese_medicine/train/shuihonghuazi/shuihonghuazi_1056.jpg,水红花子,性味咸凉；归肝胃经；功效：散血消癥、消积止痛、利水消肿。
external\cls_chinese_medicine/train/rougui/rougui_0795.jpg,肉桂,性味辛甘大热；归肾脾心肝经；功效：补火助阳、引火归元、散寒止痛、温通经脉。
external\cls_chinese_medicine/train/lingzhi/linzhi_1165.jpg,灵芝,性味甘平；归心肺肝肾经；功效：补气安神、止咳平喘。
external\cls_chinese_medicine/train/jixueteng/jixueteng_0263.jpg,鸡血藤,性味苦甘温；归肝经；功效：活血补血、调经止痛、舒筋活络。
external\cls_chinese_medicine/train/zhimu/zhimu_0711.jpg,知母,性味苦甘寒；归肺胃肾经；功效：清热泻火、滋阴润燥。
external\cls_chinese_medicine/train/shihu/shihu_0754.jpg,石斛,性味甘微寒；归胃肾经；功效：益胃生津、滋阴清热。
external\cls_chinese_medicine/train/kushen/kushen_0730.jpg,苦参,性味苦寒；归心肝胃大肠膀胱经；功效：清热燥湿、杀虫利尿。
external\cls_chinese_medicine/train/fangfeng/fangfeng_0235.jpg,防风,性味辛甘微温；归膀胱肝脾经；功效：祛风解表、胜湿止痛、止痉。
external\cls_chinese_medicine/train/shihu/shihu_0927.jpg,石斛,性味甘微寒；归胃肾经；功效：益胃生津、滋阴清热。
external\cls_chinese_medicine/train/foshou/foshou_0951.jpg,佛手,性味辛苦酸温；归肝脾胃肺经；功效：疏肝理气、和胃止痛、燥湿化痰。
external\cls_chinese_medicine/train/huangqin/huangqin_0963.jpg,黄芩,性味苦寒；归肺胆脾大肠小肠经；功效：清热燥湿、泻火解毒、止血、安胎。
external\cls_chinese_medicine/train/fupenzi/fupenzi_0179.jpg,覆盆子,性味甘酸温；归肝肾经；功效：益肾固精缩尿、养肝明目。
external\cls_chinese_medicine/train/cangzhu/cangzhu_1007.jpg,苍术,性味辛苦温；归脾胃肝经；功效：燥湿健脾、祛风散寒、明目。
external\cls_chinese_medicine/train/tusizi/tusizi_1434.jpg,菟丝子,性味辛甘平；归肝肾脾经；功效：补益肝肾、固精缩尿、安胎、明目、止泻。
external\cls_chinese_medicine/train/wuweizi/wuweizi_0225.jpg,五味子,性味酸甘温；归肺心肾经；功效：收敛固涩、益气生津、补肾宁心。
external\cls_chinese_medicine/train/houpu/houpu_1523.jpg,厚朴,性味苦辛温；归脾胃肺大肠经；功效：燥湿消痰、下气除满。
external\cls_chinese_medicine/train/tubiechong/tubiechong_1633.jpg,土鳖虫,性味咸寒有小毒；归肝经；功效：破血逐瘀、续筋接骨。
external\cls_chinese_medicine/train/jingjie/jinjie_0334.jpg,荆芥,性味辛微温；归肺肝经；功效：解表散风、透疹消疮、炒炭止血。
external\cls_chinese_medicine/train/beishashenkuai/beishashenkuai_1520.jpg,北沙参(beishashenkuai),性味甘微苦微寒；归肺胃经；功效：养阴清肺、益胃生津。
external\cls_chinese_medicine/train/wumei/wumei_0392.jpg,乌梅,性味酸涩平；归肝脾肺大肠经；功效：敛肺涩肠、生津安蛔。
external\cls_chinese_medicine/train/yujin/yujin_1056.jpg,郁金,性味辛苦寒；归肝心肺经；功效：活血止痛、行气解郁、清心凉血、利胆退黄。
external\cls_chinese_medicine/train/xinyi/xinyi_1546.jpg,辛夷,性味辛温；归肺胃经；功效：散风寒、通鼻窍。
external\cls_chinese_medicine/train/tiannanxing/tiannanxing_0374.jpg,天南星,性味苦辛温有毒；归肺肝脾经；功效：燥湿化痰、祛风止痉、散结消肿。
external\cls_chinese_medicine/train/baihe/baihe_1248.jpg,百合,性味甘寒；归心肺经；功效：养阴润肺、清心安神。
external\cls_chinese_medicine/train/tiannanxing/tiannanxing_0229.jpg,天南星,性味苦辛温有毒；归肺肝脾经；功效：燥湿化痰、祛风止痉、散结消肿。
external\cls_chinese_medicine/train/chaihu/chaihu_1185.jpg,柴胡,性味苦辛微寒；归肝经；功效：疏散退热、疏肝解郁、升举阳气。
external\cls_chinese_medicine/train/chenpi/chenpi_0174.jpg,陈皮,性味苦辛温；归脾肺经；功效：理气健脾、燥湿化痰。
external\cls_chinese_medicine/train/yiyiren/yiyiren_0551.jpg,薏苡仁,性味甘淡凉；归脾胃肺经；功效：利水渗湿、健脾止泻、除痹、排脓、解毒散结。
external\cls_chinese_medicine/train/zhishi/zhishi_0527.jpg,枳实,性味苦辛酸微寒；归脾胃经；功效：破气消积、化痰散痞。
external\cls_chinese_medicine/train/sangpiaoxiao/sangpiaoxiao_0458.jpg,桑螵蛸,性味甘咸平；归肝肾经；功效：固精缩尿、补肾助阳。
external\cls_chinese_medicine/train/shichangpu/shichangpu_0495.jpg,石菖蒲,性味辛苦温；归心胃经；功效：开窍豁痰、醒神益智、化湿开胃。
external\cls_chinese_medicine/train/daxueteng/daxueteng_1558.jpg,大血藤,性味苦平；归大肠肝经；功效：清热解毒、活血止痛、祛风通络。
external\cls_chinese_medicine/train/baishao/baishao_1253.jpg,白芍,性味苦酸微寒；归肝脾经；功效：养血调经、敛阴止汗、柔肝止痛、平抑肝阳。
external\cls_chinese_medicine/train/zhuru/zhuru_0968.jpg,竹茹,性味甘微寒；归肺胃心胆经；功效：清热化痰、除烦止呕。
external\cls_chinese_medicine/train/huaihua/huaihua_0886.jpg,槐花,性味苦微寒；归肝大肠经；功效：凉血止血、清肝泻火。
external\cls_chinese_medicine/train/zhishi/zhishi_1597.jpg,枳实,性味苦辛酸微寒；归脾胃经；功效：破气消积、化痰散痞。
external\cls_chinese_medicine/train/shichangpu/shichangpu_1023.jpg,石菖蒲,性味辛苦温；归心胃经；功效：开窍豁痰、醒神益智、化湿开胃。
external\cls_chinese_medicine/train/houpu/houpu_1288.jpg,厚朴,性味苦辛温；归脾胃肺大肠经；功效：燥湿消痰、下气除满。
external\cls_chinese_medicine/train/roucongrongpian/roucongrongpian_0584.jpg,肉苁蓉(roucongrongpian),性味甘咸温；归肾大肠经；功效：补肾阳、益精血、润肠通便。
external\cls_chinese_medicine/train/baifan/baifan_1100.jpg,白矾,性味酸涩寒；归肺脾肝大肠经；功效：外用解毒杀虫、燥湿止痒；内服止血止泻、祛除风痰。
external\cls_chinese_medicine/train/baifan/baifan_0184.jpg,白矾,性味酸涩寒；归肺脾肝大肠经；功效：外用解毒杀虫、燥湿止痒；内服止血止泻、祛除风痰。
external\cls_chinese_medicine/train/sharen/sharen_1619.jpg,砂仁,性味辛温；归脾胃肾经；功效：化湿开胃、温脾止泻、理气安胎。
external\cls_chinese_medicine/train/tongcao/tongcao_0550.jpg,通草,性味甘淡微寒；归肺胃经；功效：清热利尿、通气下乳。
external\cls_chinese_medicine/train/dafupi/dafupi_1265.jpg,大腹皮,性味辛微温；归脾胃大肠小肠经；功效：行气宽中、行水消肿。
external\cls_chinese_medicine/train/jineijin/jineijin_0370.jpg,鸡内金,性味甘平；归脾胃小肠膀胱经；功效：健胃消食、涩精止遗、通淋化石。
external\cls_chinese_medicine/train/beishashentiao/beishashentiao_1433.jpg,北沙参(beishashentiao),性味甘微苦微寒；归肺胃经；功效：养阴清肺、益胃生津。
external\cls_chinese_medicine/train/jixueteng/jixueteng_0711.jpg,鸡血藤,性味苦甘温；归肝经；功效：活血补血、调经止痛、舒筋活络。
external\cls_chinese_medicine/train/xiaohuixiang/xiaohuixiang_1018.jpg,小茴香,性味辛温；归肝肾脾胃经；功效：散寒止痛、理气和胃。
external\cls_chinese_medicine/train/tongcao/tongcao_0975.jpg,通草,性味甘淡微寒；归肺胃经；功效：清热利尿、通气下乳。
external\cls_chinese_medicine/train/cangzhu/cangzhu_1076.jpg,苍术,性味辛苦温；归脾胃肝经；功效：燥湿健脾、祛风散寒、明目。
external\cls_chinese_medicine/train/xixin/xixin_0158.jpg,细辛,性味辛温有小毒；归心肾肺经；功效：解表散寒、祛风止痛、通窍、温肺化饮。
external\cls_chinese_medicine/train/sanqi/sanqi_0976.jpg,三七,性味甘微苦温；归肝胃经；功效：化瘀止血、活血定痛。
external\cls_chinese_medicine/train/chongcao/chongcao_1269.jpg,虫草,性味甘平；归肺肾经；功效：补肾益肺、止血化痰。
external\cls_chinese_medicine/train/yuzhutiao/yuzhutiao_0282.jpg,玉竹(yuzhutiao),性味甘微寒；归肺胃经；功效：养阴润燥、生津止渴。
external\cls_chinese_medicine/train/baibu/baibu_0612.jpg,百部,性味甘苦微温；归肺经；功效：润肺下气止咳、杀虫灭虱。
external\cls_chinese_medicine/train/xuduan/xuduan_1505.jpg,续断,性味苦辛微温；归肝肾经；功效：补肝肾、强筋骨、续折伤、止崩漏。
external\cls_chinese_medicine/train/zhiqiaotiao/zhiqiaotiao_0250.jpg,枳壳(zhiqiaotiao),性味苦辛酸微寒；归脾胃经；功效：理气宽中、行滞消胀。
external\cls_chinese_medicine/train/baibu/baibu_1494.jpg,百部,性味甘苦微温；归肺经；功效：润肺下气止咳、杀虫灭虱。
external\cls_chinese_medicine/train/tianmapian/tianmapian_0316.jpg,天麻(tianmapian),性味甘平；归肝经；功效：息风止痉、平抑肝阳、祛风通络。
external\cls_chinese_medicine/train/xiakucao/xiakucao_0839.jpg,夏枯草,性味辛苦寒；归肝胆经；功效：清肝泻火、明目、散结消肿。
external\cls_chinese_medicine/train/sangpiaoxiao/sangpiaoxiao_0115.jpg,桑螵蛸,性味甘咸平；归肝肾经；功效：固精缩尿、补肾助阳。
external\cls_chinese_medicine/train/caoguo/caoguo_0819.jpg,草果,性味辛温；归脾胃经；功效：燥湿温中、截疟除痰。
external\cls_chinese_medicine/train/shuiniujiao/shuiniujiao_0453.jpg,水牛角,性味苦寒；归心肝胃经；功效：清热凉血、定惊。
external\cls_chinese_medicine/train/chantui/chantui_1225.jpg,蝉蜕,性味甘寒；归肺肝经；功效：疏散风热、利咽开音、透疹、明目退翳、息风止痉。
external\cls_chinese_medicine/train/lianqiao/lianqiao_0745.jpg,连翘,性味苦微寒；归肺心小肠经；功效：清热解毒、疏散风热、消肿散结。
external\cls_chinese_medicine/train/lianzixin/lianzixin_1595.jpg,莲子心,性味苦寒；归心肾经；功效：清心安神、交通心肾、涩精止血。
external\cls_chinese_medicine/train/baishao/baishao_0716.jpg,白芍,性味苦酸微寒；归肝脾经；功效：养血调经、敛阴止汗、柔肝止痛、平抑肝阳。
external\cls_chinese_medicine/train/xiangfu/xiangfu_1174.jpg,香附,性味辛微苦微甘平；归肝脾三焦经；功效：疏肝解郁、理气宽中、调经止痛。
external\cls_chinese_medicine/train/longgu/longgu_0275.jpg,龙骨,性味甘涩平；归心肝肾经；功效：镇惊安神、平肝潜阳、收敛固涩。
external\cls_chinese_medicine/train/nvzhenzi/nvzhenzi_1365.jpg,女贞子,性味甘苦凉；归肝肾经；功效：滋补肝肾、明目乌发。
external\cls_chinese_medicine/train/baishao/baishao_1246.jpg,白芍,性味苦酸微寒；归肝脾经；功效：养血调经、敛阴止汗、柔肝止痛、平抑肝阳。
external\cls_chinese_medicine/train/ajiao/ajiao_1380.jpg,阿胶,性味甘平；归肺肝肾经；功效：补血滋阴、润燥、止血。
external\cls_chinese_medicine/train/tongcao/tongcao_0597.jpg,通草,性味甘淡微寒；归肺胃经；功效：清热利尿、通气下乳。
external\cls_chinese_medicine/train/chishizhi/chishizhi_1137.jpg,赤石脂,性味甘酸涩温；归大肠胃经；功效：涩肠止泻、收敛止血、敛疮生肌。
external\cls_chinese_medicine/train/xianhecao/xianhecao_0570.jpg,仙鹤草,性味苦涩平；归心肝经；功效：收敛止血、截疟止痢、解毒补虚。
external\cls_chinese_medicine/train/xianhecao/xianhecao_0158.jpg,仙鹤草,性味苦涩平；归心肝经；功效：收敛止血、截疟止痢、解毒补虚。
external\cls_chinese_medicine/train/diyu/diyu_0902.jpg,地榆,性味苦酸涩微寒；归肝大肠经；功效：凉血止血、解毒敛疮。
external\cls_chinese_medicine/train/peilan/peilan_1306.jpg,佩兰,性味辛平；归脾胃肺经；功效：芳香化湿、醒脾开胃、发表解暑。
external\cls_chinese_medicine/train/dilong/dilong_0752.jpg,地龙,性味咸寒；归肝脾膀胱经；功效：清热定惊、通络平喘、利尿。
external\cls_chinese_medicine/train/shechuangzi/shechuangzi_0734.jpg,蛇床子,性味辛苦温；归肾经；功效：燥湿祛风、杀虫止痒、温肾壮阳。
external\cls_chinese_medicine/train/duzhong/duzhong_1118.jpg,杜仲,性味甘温；归肝肾经；功效：补肝肾、强筋骨、安胎。
external\cls_chinese_medicine/train/zhishi/zhishi_1447.jpg,枳实,性味苦辛酸微寒；归脾胃经；功效：破气消积、化痰散痞。
external\cls_chinese_medicine/train/tiannanxing/tiannanxing_1572.jpg,天南星,性味苦辛温有毒；归肺肝脾经；功效：燥湿化痰、祛风止痉、散结消肿。
external\cls_chinese_medicine/train/sharen/sharen_0333.jpg,砂仁,性味辛温；归脾胃肾经；功效：化湿开胃、温脾止泻、理气安胎。
external\cls_chinese_medicine/train/tianmapian/tianmapian_0492.jpg,天麻(tianmapian),性味甘平；归肝经；功效：息风止痉、平抑肝阳、祛风通络。
external\cls_chinese_medicine/train/duzhong/duzhong_0277.jpg,杜仲,性味甘温；归肝肾经；功效：补肝肾、强筋骨、安胎。
external\cls_chinese_medicine/train/luoshiteng/luoshiteng_0380.jpg,络石藤,性味苦微寒；归心肝经；功效：祛风通络、凉血消肿。
external\cls_chinese_medicine/train/shengma/shengma_1439.jpg,升麻,性味辛微甘微寒；归肺脾胃大肠经；功效：发表透疹、清热解毒、升举阳气。
external\cls_chinese_medicine/train/chongcao/chongcao_0814.jpg,虫草,性味甘平；归肺肾经；功效：补肾益肺、止血化痰。
external\cls_chinese_medicine/train/luoshiteng/luoshiteng_1455.jpg,络石藤,性味苦微寒；归心肝经；功效：祛风通络、凉血消肿。
external\cls_chinese_medicine/train/shanzha/shanzha_1127.jpg,山楂,性味酸甘微温；归脾胃肝经；功效：消食健胃、行气散瘀、化浊降脂。
external\cls_chinese_medicine/train/renshenqiepian/renshenqiepian_0841.jpg,人参(renshenqiepian),性味甘微苦微温；归脾肺心肾经；功效：大补元气、复脉固脱、补脾益肺、生津养血、安神。
external\cls_chinese_medicine/train/baihuasheshecao/baihuasheshecao_0189.jpg,白花蛇舌草,性味微苦甘寒；归胃大肠小肠经；功效：清热解毒、利湿通淋。
external\cls_chinese_medicine/train/pugongying/pugongying_0645.jpg,蒲公英,性味苦甘寒；归肝胃经；功效：清热解毒、消肿散结、利尿通淋。
external\cls_chinese_medicine/train/beishashenkuai/beishashenkuai_1028.jpg,北沙参(beishashenkuai),性味甘微苦微寒；归肺胃经；功效：养阴清肺、益胃生津。
external\cls_chinese_medicine/train/muxiang/muxiang_1462.jpg,木香,性味辛苦温；归脾胃大肠三焦经；功效：行气止痛、健脾消食。
external\cls_chinese_medicine/train/huzhang/huzhang_0704.jpg,虎杖,性味微苦微寒；归肝胆肺经；功效：利湿退黄、清热解毒、散瘀止痛、止咳化痰。
external\cls_chinese_medicine/train/xiaohuixiang/xiaohuixiang_1313.jpg,小茴香,性味辛温；归肝肾脾胃经；功效：散寒止痛、理气和胃。
external\cls_chinese_medicine/train/baimaogen/baimaogen_1437.jpg,白茅根,性味甘寒；归肺胃膀胱经；功效：凉血止血、清热利尿。
external\cls_chinese_medicine/train/chuanshanjia/chuanshanjia_0409.jpg,穿山甲,性味咸微寒；归肝胃经；功效：活血消癥、通经下乳、消肿排脓、搜风通络。
external\cls_chinese_medicine/train/wumei/wumei_0758.jpg,乌梅,性味酸涩平；归肝脾肺大肠经；功效：敛肺涩肠、生津安蛔。
external\cls_chinese_medicine/train/tubiechong/tubiechong_0344.jpg,土鳖虫,性味咸寒有小毒；归肝经；功效：破血逐瘀、续筋接骨。
external\cls_chinese_medicine/train/zhebeimu/zhebeimu_0830.jpg,浙贝母,性味苦寒；归肺心经；功效：清热化痰、散结消痈。
external\cls_chinese_medicine/train/xianhecao/xianhecao_0890.jpg,仙鹤草,性味苦涩平；归心肝经；功效：收敛止血、截疟止痢、解毒补虚。
external\cls_chinese_medicine/train/tiannanxing/tiannanxing_1607.jpg,天南星,性味苦辛温有毒；归肺肝脾经；功效：燥湿化痰、祛风止痉、散结消肿。
external\cls_chinese_medicine/train/shanzha/shanzha_1364.jpg,山楂,性味酸甘微温；归脾胃肝经；功效：消食健胃、行气散瘀、化浊降脂。
external\cls_chinese_medicine/train/roucongrongpian/roucongrongpian_1470.jpg,肉苁蓉(roucongrongpian),性味甘咸温；归肾大肠经；功效：补肾阳、益精血、润肠通便。
external\cls_chinese_medicine/train/yuanzhi/yuanzhi_1053.jpg,远志,性味苦辛温；归心肾肺经；功效：安神益智、交通心肾、祛痰开窍、消散痈肿。
external\cls_chinese_medicine/train/beishashentiao/beishashentiao_0533.jpg,北沙参(beishashentiao),性味甘微苦微寒；归肺胃经；功效：养阴清肺、益胃生津。
external\cls_chinese_medicine/train/tubiechong/tubiechong_0203.jpg,土鳖虫,性味咸寒有小毒；归肝经；功效：破血逐瘀、续筋接骨。
external\cls_chinese_medicine/train/tiannanxing/tiannanxing_0184.jpg,天南星,性味苦辛温有毒；归肺肝脾经；功效：燥湿化痰、祛风止痉、散结消肿。
external\cls_chinese_medicine/train/fangfeng/fangfeng_1600.jpg,防风,性味辛甘微温；归膀胱肝脾经；功效：祛风解表、胜湿止痛、止痉。
external\cls_chinese_medicine/train/caokou/caokou_0430.jpg,草蔻,性味辛温；归脾胃经；功效：燥湿行气、温中止呕。
external\cls_chinese_medicine/train/shihu/shihu_0331.jpg,石斛,性味甘微寒；归胃肾经；功效：益胃生津、滋阴清热。
external\cls_chinese_medicine/train/wulingzhi/wulinzhi_0548.jpg,五灵脂,性味苦咸甘温；归肝经；功效：活血止痛、化瘀止血。
external\cls_chinese_medicine/train/sanqi/sanqi_1457.jpg,三七,性味甘微苦温；归肝胃经；功效：化瘀止血、活血定痛。
external\cls_chinese_medicine/train/jineijin/jineijin_1214.jpg,鸡内金,性味甘平；归脾胃小肠膀胱经；功效：健胃消食、涩精止遗、通淋化石。
external\cls_chinese_medicine/train/paojiang/paojiang_0576.jpg,炮姜,性味苦涩温；归脾胃肾经；功效：温经止血、温中止痛。
external\cls_chinese_medicine/train/dilong/dilong_0243.jpg,地龙,性味咸寒；归肝脾膀胱经；功效：清热定惊、通络平喘、利尿。
external\cls_chinese_medicine/train/laifuzi/laifuzi_0599.jpg,莱菔子,性味辛甘平；归脾胃肺经；功效：消食除胀、降气化痰。
external\cls_chinese_medicine/train/baitouweng/baitouweng_0779.jpg,白头翁,性味苦寒；归胃大肠经；功效：清热解毒、凉血止痢。
external\cls_chinese_medicine/train/sangpiaoxiao/sangpiaoxiao_0249.jpg,桑螵蛸,性味甘咸平；归肝肾经；功效：固精缩尿、补肾助阳。
external\cls_chinese_medicine/train/renshen/renshen_1634.jpg,人参(renshen),性味甘微苦微温；归脾肺心肾经；功效：大补元气、复脉固脱、补脾益肺、生津养血、安神。
external\cls_chinese_medicine/train/huzhang/huzhang_0106.jpg,虎杖,性味微苦微寒；归肝胆肺经；功效：利湿退黄、清热解毒、散瘀止痛、止咳化痰。
external\cls_chinese_medicine/train/shenqu/shengqu_1387.jpg,神曲,性味甘辛温；归脾胃经；功效：消食和胃。
external\cls_chinese_medicine/train/foshou/foshou_0003.jpg,佛手,性味辛苦酸温；归肝脾胃肺经；功效：疏肝理气、和胃止痛、燥湿化痰。
external\cls_chinese_medicine/train/tiandong/tiandong_1309.jpg,天冬,性味甘苦寒；归肺肾经；功效：养阴润燥、清肺生津。
external\cls_chinese_medicine/train/roudoukou/roudoukou_0874.jpg,肉豆蔻,性味辛温；归脾胃大肠经；功效：温中行气、涩肠止泻。
external\cls_chinese_medicine/train/zicao/zicao_0175.jpg,紫草,性味甘咸寒；归心肝经；功效：凉血活血、解毒透疹。
external\cls_chinese_medicine/train/puhuang/puhuang_0539.jpg,蒲黄,性味甘平；归肝心包经；功效：止血、化瘀、通淋。
external\cls_chinese_medicine/train/quanxie/quangxie_0411.jpg,全蝎,性味辛平有毒；归肝经；功效：息风镇痉、通络止痛、攻毒散结。
external\cls_chinese_medicine/train/huangjing/huangjing_0813.jpg,黄精,性味甘平；归脾胃肺肾经；功效：补气养阴、健脾、润肺、益肾。
external\cls_chinese_medicine/train/huomaren/huomaren_0993.jpg,火麻仁,性味甘平；归脾胃大肠经；功效：润肠通便。
external\cls_chinese_medicine/train/lianzixin/lianzixin_1227.jpg,莲子心,性味苦寒；归心肾经；功效：清心安神、交通心肾、涩精止血。
external\cls_chinese_medicine/train/tiankuizi/yitiankuizi_0796.jpg,天葵子,性味甘苦寒；归肝胃经；功效：清热解毒、消肿散结。
external\cls_chinese_medicine/train/fuzi/fuzi_1507.jpg,附子,性味辛甘大热有毒；归心肾脾经；功效：回阳救逆、补火助阳、散寒止痛。
external\cls_chinese_medicine/train/shihu/shihu_0551.jpg,石斛,性味甘微寒；归胃肾经；功效：益胃生津、滋阴清热。
external\cls_chinese_medicine/train/hehuanpi/hehuanpi_0496.jpg,合欢皮,性味甘平；归心肝肺经；功效：解郁安神、活血消肿。
external\cls_chinese_medicine/train/muli/muli_0998.jpg,牡蛎,性味咸微寒；归肝肾经；功效：重镇安神、潜阳补阴、软坚散结、收敛固涩。
external\cls_chinese_medicine/train/zhiqiaopian/zhiqiaopian_1476.jpg,枳壳(zhiqiaopian),性味苦辛酸微寒；归脾胃经；功效：理气宽中、行滞消胀。
external\cls_chinese_medicine/train/lingzhi/linzhi_0472.jpg,灵芝,性味甘平；归心肺肝肾经；功效：补气安神、止咳平喘。
external\cls_chinese_medicine/train/dangshen/dangsheng_0512.jpg,党参,性味甘平；归脾肺经；功效：健脾益肺、养血生津。
external\cls_chinese_medicine/train/mohanlian/mohanliang_0793.jpg,墨旱莲,性味甘酸寒；归肝肾经；功效：滋补肝肾、凉血止血。
external\cls_chinese_medicine/train/baihuasheshecao/baihuasheshecao_1528.jpg,白花蛇舌草,性味微苦甘寒；归胃大肠小肠经；功效：清热解毒、利湿通淋。
external\cls_chinese_medicine/train/baihe/baihe_1489.jpg,百合,性味甘寒；归心肺经；功效：养阴润肺、清心安神。
external\cls_chinese_medicine/train/lulutong/lulutong_1685.jpg,路路通,性味苦平；归肝膀胱经；功效：祛风活络、利水通经、下乳。
external\cls_chinese_medicine/train/bajitian/bajitian_0666.jpg,巴戟天,性味甘辛微温；归肾肝经；功效：补肾阳、强筋骨、祛风湿。
external\cls_chinese_medicine/train/tongcao/tongcao_0576.jpg,通草,性味甘淡微寒；归肺胃经；功效：清热利尿、通气下乳。
external\cls_chinese_medicine/train/baikou/baikou_0183.jpg,白豆蔻,性味辛温；归肺脾胃经；功效：化湿行气、温中止呕、开胃消食。
external\cls_chinese_medicine/train/fangfeng/fangfeng_1499.jpg,防风,性味辛甘微温；归膀胱肝脾经；功效：祛风解表、胜湿止痛、止痉。
external\cls_chinese_medicine/train/yinchen/yinchen_0080.jpg,茵陈,性味苦辛微寒；归脾胃肝胆经；功效：清利湿热、利胆退黄。
external\cls_chinese_medicine/train/foshou/foshou_1352.jpg,佛手,性味辛苦酸温；归肝脾胃肺经；功效：疏肝理气、和胃止痛、燥湿化痰。
external\cls_chinese_medicine/train/juemingzi/juemingzi_0789.jpg,决明子,性味甘苦咸微寒；归肝大肠经；功效：清热明目、润肠通便。
external\cls_chinese_medicine/train/zhenzhumu/zhenzhumu_1385.jpg,珍珠母,性味咸寒；归肝心经；功效：平肝潜阳、安神定惊、明目退翳。
external\cls_chinese_medicine/train/guya/guya_0354.jpg,谷芽,性味甘温；归脾胃经；功效：消食和中、健脾开胃。
external\cls_chinese_medicine/train/wujiapi/wujiapi_0353.jpg,五加皮,性味辛苦温；归肝肾经；功效：祛风湿、补肝肾、强筋骨。
external\cls_chinese_medicine/train/shegan/shegang_1073.jpg,射干,性味苦寒；归肺经；功效：清热解毒、消痰利咽。
external\cls_chinese_medicine/train/jiangcan/jiangcan_0495.jpg,僵蚕,性味咸辛平；归肝肺经；功效：息风止痉、祛风止痛、化痰散结。
external\cls_chinese_medicine/train/jixueteng/jixueteng_1453.jpg,鸡血藤,性味苦甘温；归肝经；功效：活血补血、调经止痛、舒筋活络。
external\cls_chinese_medicine/train/shuiniujiao/shuiniujiao_0690.jpg,水牛角,性味苦寒；归心肝胃经；功效：清热凉血、定惊。
external\cls_chinese_medicine/train/beishashenkuai/beishashenkuai_0575.jpg,北沙参(beishashenkuai),性味甘微苦微寒；归肺胃经；功效：养阴清肺、益胃生津。
external\cls_chinese_medicine/train/tongcao/tongcao_0055.jpg,通草,性味甘淡微寒；归肺胃经；功效：清热利尿、通气下乳。
external\cls_chinese_medicine/train/beishashentiao/beishashentiao_0369.jpg,北沙参(beishashentiao),性味甘微苦微寒；归肺胃经；功效：养阴清肺、益胃生津。
external\cls_chinese_medicine/train/yejuhua/yejuhua_0292.jpg,菊花,性味苦辛微寒；归肝心经；功效：清热解毒、泻火平肝。
external\cls_chinese_medicine/train/fupenzi/fupenzi_0033.jpg,覆盆子,性味甘酸温；归肝肾经；功效：益肾固精缩尿、养肝明目。
external\cls_chinese_medicine/train/aiye/aiye_1080.jpg,艾叶,性味辛苦温；归肝脾肾经；功效：温经止血、散寒止痛、调经安胎、外用祛湿止痒。
external\cls_chinese_medicine/train/huaihua/huaihua_1554.jpg,槐花,性味苦微寒；归肝大肠经；功效：凉血止血、清肝泻火。
external\cls_chinese_medicine/train/yuzhupian/yuzhupian_0545.jpg,玉竹(yuzhupian),性味甘微寒；归肺胃经；功效：养阴润燥、生津止渴。
external\cls_chinese_medicine/train/zhimu/zhimu_0342.jpg,知母,性味苦甘寒；归肺胃肾经；功效：清热泻火、滋阴润燥。
external\cls_chinese_medicine/train/shanzha/shanzha_1421.jpg,山楂,性味酸甘微温；归脾胃肝经；功效：消食健胃、行气散瘀、化浊降脂。
external\cls_chinese_medicine/train/juemingzi/juemingzi_1291.jpg,决明子,性味甘苦咸微寒；归肝大肠经；功效：清热明目、润肠通便。
external\cls_chinese_medicine/train/huaihua/huaihua_1258.jpg,槐花,性味苦微寒；归肝大肠经；功效：凉血止血、清肝泻火。
external\cls_chinese_medicine/train/guanzhong/guanzhong_0106.jpg,贯众,性味苦微寒有小毒；归肝胃经；功效：清热解毒、驱虫、止血。
external\cls_chinese_medicine/train/shenqu/shengqu_0872.jpg,神曲,性味甘辛温；归脾胃经；功效：消食和胃。
external\cls_chinese_medicine/train/ajiao/ajiao_0339.jpg,阿胶,性味甘平；归肺肝肾经；功效：补血滋阴、润燥、止血。
external\cls_chinese_medicine/train/peilan/peilan_1107.jpg,佩兰,性味辛平；归脾胃肺经；功效：芳香化湿、醒脾开胃、发表解暑。
external\cls_chinese_medicine/train/cishi/cishi_0410.jpg,磁石,性味咸寒；归肝肾心经；功效：镇惊安神、平肝潜阳、聪耳明目、纳气平喘。
external\cls_chinese_medicine/train/xiaohuixiang/xiaohuixiang_0748.jpg,小茴香,性味辛温；归肝肾脾胃经；功效：散寒止痛、理气和胃。
external\cls_chinese_medicine/train/yuzhupian/yuzhupian_0805.jpg,玉竹(yuzhupian),性味甘微寒；归肺胃经；功效：养阴润燥、生津止渴。
external\cls_chinese_medicine/train/daqingye/daqinye_0386.jpg,大青叶,性味苦寒；归心胃经；功效：清热解毒、凉血消斑。
external\cls_chinese_medicine/train/yiyiren/yiyiren_1338.jpg,薏苡仁,性味甘淡凉；归脾胃肺经；功效：利水渗湿、健脾止泻、除痹、排脓、解毒散结。
external\cls_chinese_medicine/train/taoren/taoren_1504.jpg,桃仁,性味苦甘平；归心肝大肠经；功效：活血祛瘀、润肠通便、止咳平喘。
external\cls_chinese_medicine/train/danshen/danshen_1599.jpg,丹参,性味苦微寒；归心肝经；功效：活血调经、凉血消痈、安神。
external\cls_chinese_medicine/train/zhiqiaopian/zhiqiaopian_1061.jpg,枳壳(zhiqiaopian),性味苦辛酸微寒；归脾胃经；功效：理气宽中、行滞消胀。
external\cls_chinese_medicine/train/shuiniujiao/shuiniujiao_0437.jpg,水牛角,性味苦寒；归心肝胃经；功效：清热凉血、定惊。
external\cls_chinese_medicine/train/tianmakuai/tianmakuai_0170.jpg,天麻(tianmakuai),性味甘平；归肝经；功效：息风止痉、平抑肝阳、祛风通络。
external\cls_chinese_medicine/train/yuzhupian/yuzhupian_0240.jpg,玉竹(yuzhupian),性味甘微寒；归肺胃经；功效：养阴润燥、生津止渴。
external\cls_chinese_medicine/train/shichangpu/shichangpu_0096.jpg,石菖蒲,性味辛苦温；归心胃经；功效：开窍豁痰、醒神益智、化湿开胃。
external\cls_chinese_medicine/train/quanxie/quangxie_0767.jpg,全蝎,性味辛平有毒；归肝经；功效：息风镇痉、通络止痛、攻毒散结。
external\cls_chinese_medicine/train/jineijin/jineijin_0067.jpg,鸡内金,性味甘平；归脾胃小肠膀胱经；功效：健胃消食、涩精止遗、通淋化石。
external\cls_chinese_medicine/train/shanyao/shanyao_0829.jpg,山药,性味甘平；归脾肺肾经；功效：补脾养胃、生津益肺、补肾涩精。
external\cls_chinese_medicine/train/qianhu/qianhu_1357.jpg,前胡,性味苦辛微寒；归肺脾经；功效：降气化痰、散风清热。
external\cls_chinese_medicine/train/daqingye/daqinye_0354.jpg,大青叶,性味苦寒；归心胃经；功效：清热解毒、凉血消斑。
external\cls_chinese_medicine/train/tiannanxing/tiannanxing_0237.jpg,天南星,性味苦辛温有毒；归肺肝脾经；功效：燥湿化痰、祛风止痉、散结消肿。
external\cls_chinese_medicine/train/baibu/baibu_0834.jpg,百部,性味甘苦微温；归肺经；功效：润肺下气止咳、杀虫灭虱。
external\cls_chinese_medicine/train/yuzhutiao/yuzhutiao_0517.jpg,玉竹(yuzhutiao),性味甘微寒；归肺胃经；功效：养阴润燥、生津止渴。
external\cls_chinese_medicine/train/baizhu/baizhu_0441.jpg,白术,性味苦甘温；归脾胃经；功效：健脾益气、燥湿利水、止汗、安胎。
external\cls_chinese_medicine/train/shigao/shigao_1557.jpg,石膏,性味甘辛大寒；归肺胃经；功效：清热泻火、除烦止渴。
external\cls_chinese_medicine/train/jixueteng/jixueteng_1378.jpg,鸡血藤,性味苦甘温；归肝经；功效：活血补血、调经止痛、舒筋活络。
external\cls_chinese_medicine/train/jianghuang/jianghuang_1127.jpg,姜黄,性味辛苦温；归脾胃肝经；功效：破血行气、通经止痛。
external\cls_chinese_medicine/train/shenqu/shengqu_0606.jpg,神曲,性味甘辛温；归脾胃经；功效：消食和胃。
external\cls_chinese_medicine/train/roucongronggen/roucongronggeng_0870.jpg,肉苁蓉(roucongronggen),性味甘咸温；归肾大肠经；功效：补肾阳、益精血、润肠通便。
external\cls_chinese_medicine/train/muxiang/muxiang_1144.jpg,木香,性味辛苦温；归脾胃大肠三焦经；功效：行气止痛、健脾消食。
external\cls_chinese_medicine/train/gouqizi/gouqizi_1255.jpg,枸杞,性味甘平；归肝肾经；功效：滋补肝肾、益精明目。
external\cls_chinese_medicine/train/xuduan/xuduan_1360.jpg,续断,性味苦辛微温；归肝肾经；功效：补肝肾、强筋骨、续折伤、止崩漏。
external\cls_chinese_medicine/train/zhenzhumu/zhenzhumu_1116.jpg,珍珠母,性味咸寒；归肝心经；功效：平肝潜阳、安神定惊、明目退翳。
external\cls_chinese_medicine/train/heshouwu/heshouwu_1503.jpg,何首乌,性味苦甘涩微温；归肝肾经；功效：制用补肝肾益精血、生用解毒消痈润肠通便。
external\cls_chinese_medicine/train/taoren/taoren_0830.jpg,桃仁,性味苦甘平；归心肝大肠经；功效：活血祛瘀、润肠通便、止咳平喘。
external\cls_chinese_medicine/train/shechuangzi/shechuangzi_1276.jpg,蛇床子,性味辛苦温；归肾经；功效：燥湿祛风、杀虫止痒、温肾壮阳。
external\cls_chinese_medicine/train/baikou/baikou_1294.jpg,白豆蔻,性味辛温；归肺脾胃经；功效：化湿行气、温中止呕、开胃消食。
external\cls_chinese_medicine/train/maiya/maiya_1288.jpg,麦芽,性味甘平；归脾胃肝经；功效：行气消食、健脾开胃、回乳消胀。
external\cls_chinese_medicine/train/shigao/shigao_0743.jpg,石膏,性味甘辛大寒；归肺胃经；功效：清热泻火、除烦止渴。
external\cls_chinese_medicine/train/laifuzi/laifuzi_1043.jpg,莱菔子,性味辛甘平；归脾胃肺经；功效：消食除胀、降气化痰。
external\cls_chinese_medicine/train/diyu/diyu_0504.jpg,地榆,性味苦酸涩微寒；归肝大肠经；功效：凉血止血、解毒敛疮。
external\cls_chinese_medicine/train/lingzhi/linzhi_0804.jpg,灵芝,性味甘平；归心肺肝肾经；功效：补气安神、止咳平喘。
external\cls_chinese_medicine/train/gouteng/gouteng_0777.jpg,钩藤,性味甘凉；归肝心包经；功效：息风定惊、清热平肝。
external\cls_chinese_medicine/train/honghua/honghua_0080.jpg,红花,性味辛温；归心肝经；功效：活血通经、散瘀止痛。
external\cls_chinese_medicine/train/huangqin/huangqin_1221.jpg,黄芩,性味苦寒；归肺胆脾大肠小肠经；功效：清热燥湿、泻火解毒、止血、安胎。
external\cls_chinese_medicine/train/jinqiancao/jinqiancao_0503.jpg,金钱草,性味甘咸微寒；归肝胆肾膀胱经；功效：利湿退黄、利尿通淋、解毒消肿。
external\cls_chinese_medicine/train/biejia/biejia_1617.jpg,鳖甲,性味咸微寒；归肝肾经；功效：滋阴潜阳、退热除蒸、软坚散结。
external\cls_chinese_medicine/train/shuihonghuazi/shuihonghuazi_1599.jpg,水红花子,性味咸凉；归肝胃经；功效：散血消癥、消积止痛、利水消肿。
external\cls_chinese_medicine/train/yuanzhi/yuanzhi_1440.jpg,远志,性味苦辛温；归心肾肺经；功效：安神益智、交通心肾、祛痰开窍、消散痈肿。
external\cls_chinese_medicine/train/ziyuan/ziwang_0138.jpg,紫菀,性味辛苦温；归肺经；功效：润肺下气、消痰止咳。
external\cls_chinese_medicine/train/ajiao/ajiao_0848.jpg,阿胶,性味甘平；归肺肝肾经；功效：补血滋阴、润燥、止血。
external\cls_chinese_medicine/train/dilong/dilong_0669.jpg,地龙,性味咸寒；归肝脾膀胱经；功效：清热定惊、通络平喘、利尿。
external\cls_chinese_medicine/train/laifuzi/laifuzi_1500.jpg,莱菔子,性味辛甘平；归脾胃肺经；功效：消食除胀、降气化痰。
external\cls_chinese_medicine/train/shuihonghuazi/shuihonghuazi_1285.jpg,水红花子,性味咸凉；归肝胃经；功效：散血消癥、消积止痛、利水消肿。
external\cls_chinese_medicine/train/luoshiteng/luoshiteng_0613.jpg,络石藤,性味苦微寒；归心肝经；功效：祛风通络、凉血消肿。
external\cls_chinese_medicine/train/wumei/wumei_1398.jpg,乌梅,性味酸涩平；归肝脾肺大肠经；功效：敛肺涩肠、生津安蛔。
external\cls_chinese_medicine/train/wujiapi/wujiapi_1288.jpg,五加皮,性味辛苦温；归肝肾经；功效：祛风湿、补肝肾、强筋骨。
external\cls_chinese_medicine/train/xiaohuixiang/xiaohuixiang_0586.jpg,小茴香,性味辛温；归肝肾脾胃经；功效：散寒止痛、理气和胃。
external\cls_chinese_medicine/train/shanzha/shanzha_1178.jpg,山楂,性味酸甘微温；归脾胃肝经；功效：消食健胃、行气散瘀、化浊降脂。
external\cls_chinese_medicine/train/baifan/baifan_1161.jpg,白矾,性味酸涩寒；归肺脾肝大肠经；功效：外用解毒杀虫、燥湿止痒；内服止血止泻、祛除风痰。
external\cls_chinese_medicine/train/ziyuan/ziwang_0504.jpg,紫菀,性味辛苦温；归肺经；功效：润肺下气、消痰止咳。
external\cls_chinese_medicine/train/shouwutengpian/shouwutengpian_1317.jpg,首乌藤(shouwutengpian),性味甘平；归心肝经；功效：养血安神、祛风通络。
external\cls_chinese_medicine/train/lizhihe/lizhihe_1479.jpg,荔枝核,性味甘微苦温；归肝胃经；功效：行气散结、祛寒止痛。
external\cls_chinese_medicine/train/xiaohuixiang/xiaohuixiang_1000.jpg,小茴香,性味辛温；归肝肾脾胃经；功效：散寒止痛、理气和胃。
external\cls_chinese_medicine/train/ajiao/ajiao_1389.jpg,阿胶,性味甘平；归肺肝肾经；功效：补血滋阴、润燥、止血。
external\cls_chinese_medicine/train/daqingye/daqinye_1124.jpg,大青叶,性味苦寒；归心胃经；功效：清热解毒、凉血消斑。
external\cls_chinese_medicine/train/qinghao/qinhao_0641.jpg,青蒿,性味苦辛寒；归肝胆经；功效：清虚热、除骨蒸、解暑热、截疟、退黄。
external\cls_chinese_medicine/train/wumei/wumei_1470.jpg,乌梅,性味酸涩平；归肝脾肺大肠经；功效：敛肺涩肠、生津安蛔。
external\cls_chinese_medicine/train/yiyiren/yiyiren_1384.jpg,薏苡仁,性味甘淡凉；归脾胃肺经；功效：利水渗湿、健脾止泻、除痹、排脓、解毒散结。
external\cls_chinese_medicine/train/baikou/baikou_1188.jpg,白豆蔻,性味辛温；归肺脾胃经；功效：化湿行气、温中止呕、开胃消食。
external\cls_chinese_medicine/train/zelan/zelan_0466.jpg,泽兰,性味苦辛微温；归肝脾经；功效：活血调经、祛瘀消痈、利水消肿。
external\cls_chinese_medicine/train/lingzhi/linzhi_0365.jpg,灵芝,性味甘平；归心肺肝肾经；功效：补气安神、止咳平喘。
external\cls_chinese_medicine/train/shengma/shengma_0610.jpg,升麻,性味辛微甘微寒；归肺脾胃大肠经；功效：发表透疹、清热解毒、升举阳气。
external\cls_chinese_medicine/train/xuduan/xuduan_0568.jpg,续断,性味苦辛微温；归肝肾经；功效：补肝肾、强筋骨、续折伤、止崩漏。
external\cls_chinese_medicine/train/yuanzhi/yuanzhi_1514.jpg,远志,性味苦辛温；归心肾肺经；功效：安神益智、交通心肾、祛痰开窍、消散痈肿。
external\cls_chinese_medicine/train/hehuanpi/hehuanpi_0276.jpg,合欢皮,性味甘平；归心肝肺经；功效：解郁安神、活血消肿。
external\cls_chinese_medicine/train/danshen/danshen_0953.jpg,丹参,性味苦微寒；归心肝经；功效：活血调经、凉血消痈、安神。
external\cls_chinese_medicine/train/shuiniujiao/shuiniujiao_0840.jpg,水牛角,性味苦寒；归心肝胃经；功效：清热凉血、定惊。
external\cls_chinese_medicine/train/fupenzi/fupenzi_1215.jpg,覆盆子,性味甘酸温；归肝肾经；功效：益肾固精缩尿、养肝明目。
external\cls_chinese_medicine/train/tiannanxing/tiannanxing_0876.jpg,天南星,性味苦辛温有毒；归肺肝脾经；功效：燥湿化痰、祛风止痉、散结消肿。
external\cls_chinese_medicine/train/qianhu/qianhu_0203.jpg,前胡,性味苦辛微寒；归肺脾经；功效：降气化痰、散风清热。
external\cls_chinese_medicine/train/duzhong/duzhong_0417.jpg,杜仲,性味甘温；归肝肾经；功效：补肝肾、强筋骨、安胎。
external\cls_chinese_medicine/train/baibu/baibu_0747.jpg,百部,性味甘苦微温；归肺经；功效：润肺下气止咳、杀虫灭虱。
external\cls_chinese_medicine/train/foshou/foshou_0050.jpg,佛手,性味辛苦酸温；归肝脾胃肺经；功效：疏肝理气、和胃止痛、燥湿化痰。
external\cls_chinese_medicine/train/shenqu/shengqu_0394.jpg,神曲,性味甘辛温；归脾胃经；功效：消食和胃。
external\cls_chinese_medicine/train/daqingye/daqinye_1554.jpg,大青叶,性味苦寒；归心胃经；功效：清热解毒、凉血消斑。
external\cls_chinese_medicine/train/lianqiao/lianqiao_0457.jpg,连翘,性味苦微寒；归肺心小肠经；功效：清热解毒、疏散风热、消肿散结。
external\cls_chinese_medicine/train/shouwutengpian/shouwutengpian_0824.jpg,首乌藤(shouwutengpian),性味甘平；归心肝经；功效：养血安神、祛风通络。
external\cls_chinese_medicine/train/mohanlian/mohanliang_1066.jpg,墨旱莲,性味甘酸寒；归肝肾经；功效：滋补肝肾、凉血止血。
external\cls_chinese_medicine/train/shouwutengpian/shouwutengpian_0478.jpg,首乌藤(shouwutengpian),性味甘平；归心肝经；功效：养血安神、祛风通络。
external\cls_chinese_medicine/train/baimaogen/baimaogen_0374.jpg,白茅根,性味甘寒；归肺胃膀胱经；功效：凉血止血、清热利尿。
external\cls_chinese_medicine/train/huzhang/huzhang_0499.jpg,虎杖,性味微苦微寒；归肝胆肺经；功效：利湿退黄、清热解毒、散瘀止痛、止咳化痰。
external\cls_chinese_medicine/train/chuanshanjia/chuanshanjia_1493.jpg,穿山甲,性味咸微寒；归肝胃经；功效：活血消癥、通经下乳、消肿排脓、搜风通络。
external\cls_chinese_medicine/train/wujiapi/wujiapi_0587.jpg,五加皮,性味辛苦温；归肝肾经；功效：祛风湿、补肝肾、强筋骨。
external\cls_chinese_medicine/train/lingzhi/linzhi_1612.jpg,灵芝,性味甘平；归心肺肝肾经；功效：补气安神、止咳平喘。
external\cls_chinese_medicine/train/yujin/yujin_0990.jpg,郁金,性味辛苦寒；归肝心肺经；功效：活血止痛、行气解郁、清心凉血、利胆退黄。
external\cls_chinese_medicine/train/jingjie/jinjie_1502.jpg,荆芥,性味辛微温；归肺肝经；功效：解表散风、透疹消疮、炒炭止血。
external\cls_chinese_medicine/train/roudoukou/roudoukou_1126.jpg,肉豆蔻,性味辛温；归脾胃大肠经；功效：温中行气、涩肠止泻。
external\cls_chinese_medicine/train/chaihu/chaihu_0071.jpg,柴胡,性味苦辛微寒；归肝经；功效：疏散退热、疏肝解郁、升举阳气。
external\cls_chinese_medicine/train/jinqiancao/jinqiancao_0982.jpg,金钱草,性味甘咸微寒；归肝胆肾膀胱经；功效：利湿退黄、利尿通淋、解毒消肿。
external\cls_chinese_medicine/train/shanzha/shanzha_0099.jpg,山楂,性味酸甘微温；归脾胃肝经；功效：消食健胃、行气散瘀、化浊降脂。
external\cls_chinese_medicine/train/shichangpu/shichangpu_0657.jpg,石菖蒲,性味辛苦温；归心胃经；功效：开窍豁痰、醒神益智、化湿开胃。
external\cls_chinese_medicine/train/lianqiao/lianqiao_1133.jpg,连翘,性味苦微寒；归肺心小肠经；功效：清热解毒、疏散风热、消肿散结。
external\cls_chinese_medicine/train/chongcao/chongcao_0483.jpg,虫草,性味甘平；归肺肾经；功效：补肾益肺、止血化痰。
external\cls_chinese_medicine/train/houpu/houpu_1510.jpg,厚朴,性味苦辛温；归脾胃肺大肠经；功效：燥湿消痰、下气除满。
external\cls_chinese_medicine/train/shihu/shihu_1172.jpg,石斛,性味甘微寒；归胃肾经；功效：益胃生津、滋阴清热。
external\cls_chinese_medicine/train/lulutong/lulutong_0423.jpg,路路通,性味苦平；归肝膀胱经；功效：祛风活络、利水通经、下乳。
external\cls_chinese_medicine/train/huangqin/huangqin_0075.jpg,黄芩,性味苦寒；归肺胆脾大肠小肠经；功效：清热燥湿、泻火解毒、止血、安胎。
external\cls_chinese_medicine/train/cishi/cishi_1380.jpg,磁石,性味咸寒；归肝肾心经；功效：镇惊安神、平肝潜阳、聪耳明目、纳气平喘。
external\cls_chinese_medicine/train/cishi/cishi_0599.jpg,磁石,性味咸寒；归肝肾心经；功效：镇惊安神、平肝潜阳、聪耳明目、纳气平喘。
external\cls_chinese_medicine/train/huaihua/huaihua_0677.jpg,槐花,性味苦微寒；归肝大肠经；功效：凉血止血、清肝泻火。
external\cls_chinese_medicine/train/zhiqiaopian/zhiqiaopian_0718.jpg,枳壳(zhiqiaopian),性味苦辛酸微寒；归脾胃经；功效：理气宽中、行滞消胀。
external\cls_chinese_medicine/train/tiannanxing/tiannanxing_0171.jpg,天南星,性味苦辛温有毒；归肺肝脾经；功效：燥湿化痰、祛风止痉、散结消肿。
external\cls_chinese_medicine/train/ganjiang/gangjiang_1576.jpg,干姜,性味辛热；归脾胃肾心肺经；功效：温中散寒、回阳通脉、温肺化饮。
external\cls_chinese_medicine/train/foshou/foshou_0284.jpg,佛手,性味辛苦酸温；归肝脾胃肺经；功效：疏肝理气、和胃止痛、燥湿化痰。
external\cls_chinese_medicine/train/tongcao/tongcao_0093.jpg,通草,性味甘淡微寒；归肺胃经；功效：清热利尿、通气下乳。
external\cls_chinese_medicine/train/guya/guya_0469.jpg,谷芽,性味甘温；归脾胃经；功效：消食和中、健脾开胃。
external\cls_chinese_medicine/train/beishashenkuai/beishashenkuai_1267.jpg,北沙参(beishashenkuai),性味甘微苦微寒；归肺胃经；功效：养阴清肺、益胃生津。
external\cls_chinese_medicine/train/beishashentiao/beishashentiao_0119.jpg,北沙参(beishashentiao),性味甘微苦微寒；归肺胃经；功效：养阴清肺、益胃生津。
external\cls_chinese_medicine/train/gancao/gancao_0224.jpg,甘草,性味甘平；归心肺脾胃经；功效：补脾益气、清热解毒、祛痰止咳、缓急止痛、调和诸药。
external\cls_chinese_medicine/train/yejuhua/yejuhua_0630.jpg,菊花,性味苦辛微寒；归肝心经；功效：清热解毒、泻火平肝。
external\cls_chinese_medicine/train/chishizhi/chishizhi_0341.jpg,赤石脂,性味甘酸涩温；归大肠胃经；功效：涩肠止泻、收敛止血、敛疮生肌。
external\cls_chinese_medicine/train/baibiandou/baibiandou_1244.jpg,白扁豆,性味甘微温；归脾胃经；功效：健脾化湿、和中消暑。
external\cls_chinese_medicine/train/shuiniujiao/shuiniujiao_1604.jpg,水牛角,性味苦寒；归心肝胃经；功效：清热凉血、定惊。
external\cls_chinese_medicine/train/lulutong/lulutong_0948.jpg,路路通,性味苦平；归肝膀胱经；功效：祛风活络、利水通经、下乳。
external\cls_chinese_medicine/train/xianhecao/xianhecao_0174.jpg,仙鹤草,性味苦涩平；归心肝经；功效：收敛止血、截疟止痢、解毒补虚。
external\cls_chinese_medicine/train/huangbo/huangbai_1266.jpg,黄柏,性味苦寒；归肾膀胱经；功效：清热燥湿、泻火除蒸、解毒疗疮。
external\cls_chinese_medicine/train/shengma/shengma_1574.jpg,升麻,性味辛微甘微寒；归肺脾胃大肠经；功效：发表透疹、清热解毒、升举阳气。
external\cls_chinese_medicine/train/daqingye/daqinye_1309.jpg,大青叶,性味苦寒；归心胃经；功效：清热解毒、凉血消斑。
external\cls_chinese_medicine/train/kushen/kushen_0007.jpg,苦参,性味苦寒；归心肝胃大肠膀胱经；功效：清热燥湿、杀虫利尿。
external\cls_chinese_medicine/train/beishashenkuai/beishashenkuai_0896.jpg,北沙参(beishashenkuai),性味甘微苦微寒；归肺胃经；功效：养阴清肺、益胃生津。
external\cls_chinese_medicine/train/chuanshanjia/chuanshanjia_1391.jpg,穿山甲,性味咸微寒；归肝胃经；功效：活血消癥、通经下乳、消肿排脓、搜风通络。
external\cls_chinese_medicine/train/banxia/banxia_1545.jpg,半夏,性味辛温有毒；归脾胃肺经；功效：燥湿化痰、降逆止呕、消痞散结。
external\cls_chinese_medicine/train/chishao/chishao_1594.jpg,赤芍,性味苦微寒；归肝经经；功效：清热凉血、散瘀止痛。
external\cls_chinese_medicine/train/jixueteng/jixueteng_0087.jpg,鸡血藤,性味苦甘温；归肝经；功效：活血补血、调经止痛、舒筋活络。
external\cls_chinese_medicine/train/chenpi/chenpi_0153.jpg,陈皮,性味苦辛温；归脾肺经；功效：理气健脾、燥湿化痰。
external\cls_chinese_medicine/train/yinchen/yinchen_1233.jpg,茵陈,性味苦辛微寒；归脾胃肝胆经；功效：清利湿热、利胆退黄。
external\cls_chinese_medicine/train/renshenqiepian/renshenqiepian_0084.jpg,人参(renshenqiepian),性味甘微苦微温；归脾肺心肾经；功效：大补元气、复脉固脱、补脾益肺、生津养血、安神。
external\cls_chinese_medicine/train/qianghuo/qianhuo_0120.jpg,羌活,性味辛苦温；归膀胱肾经；功效：解表散寒、祛风胜湿、止痛。
external\cls_chinese_medicine/train/huomaren/huomaren_0506.jpg,火麻仁,性味甘平；归脾胃大肠经；功效：润肠通便。
external\cls_chinese_medicine/train/roucongrongpian/roucongrongpian_0743.jpg,肉苁蓉(roucongrongpian),性味甘咸温；归肾大肠经；功效：补肾阳、益精血、润肠通便。
external\cls_chinese_medicine/train/baitouweng/baitouweng_1287.jpg,白头翁,性味苦寒；归胃大肠经；功效：清热解毒、凉血止痢。
external\cls_chinese_medicine/train/tianmapian/tianmapian_0337.jpg,天麻(tianmapian),性味甘平；归肝经；功效：息风止痉、平抑肝阳、祛风通络。
external\cls_chinese_medicine/train/kushen/kushen_0639.jpg,苦参,性味苦寒；归心肝胃大肠膀胱经；功效：清热燥湿、杀虫利尿。
external\cls_chinese_medicine/train/mohanlian/mohanliang_1402.jpg,墨旱莲,性味甘酸寒；归肝肾经；功效：滋补肝肾、凉血止血。
external\cls_chinese_medicine/train/xiangfu/xiangfu_0521.jpg,香附,性味辛微苦微甘平；归肝脾三焦经；功效：疏肝解郁、理气宽中、调经止痛。
external\cls_chinese_medicine/train/baitouweng/baitouweng_1212.jpg,白头翁,性味苦寒；归胃大肠经；功效：清热解毒、凉血止痢。
external\cls_chinese_medicine/train/zhiqiaotiao/zhiqiaotiao_0330.jpg,枳壳(zhiqiaotiao),性味苦辛酸微寒；归脾胃经；功效：理气宽中、行滞消胀。
external\cls_chinese_medicine/train/huangjing/huangjing_0709.jpg,黄精,性味甘平；归脾胃肺肾经；功效：补气养阴、健脾、润肺、益肾。
external\cls_chinese_medicine/train/chishizhi/chishizhi_0472.jpg,赤石脂,性味甘酸涩温；归大肠胃经；功效：涩肠止泻、收敛止血、敛疮生肌。
external\cls_chinese_medicine/train/daxueteng/daxueteng_0944.jpg,大血藤,性味苦平；归大肠肝经；功效：清热解毒、活血止痛、祛风通络。
external\cls_chinese_medicine/train/lingzhi/linzhi_1054.jpg,灵芝,性味甘平；归心肺肝肾经；功效：补气安神、止咳平喘。
external\cls_chinese_medicine/train/heshouwu/heshouwu_1165.jpg,何首乌,性味苦甘涩微温；归肝肾经；功效：制用补肝肾益精血、生用解毒消痈润肠通便。
external\cls_chinese_medicine/train/chenpi/chenpi_0214.jpg,陈皮,性味苦辛温；归脾肺经；功效：理气健脾、燥湿化痰。
external\cls_chinese_medicine/train/huangbo/huangbai_1440.jpg,黄柏,性味苦寒；归肾膀胱经；功效：清热燥湿、泻火除蒸、解毒疗疮。
external\cls_chinese_medicine/train/qinghao/qinhao_1564.jpg,青蒿,性味苦辛寒；归肝胆经；功效：清虚热、除骨蒸、解暑热、截疟、退黄。
external\cls_chinese_medicine/train/xiaohuixiang/xiaohuixiang_0127.jpg,小茴香,性味辛温；归肝肾脾胃经；功效：散寒止痛、理气和胃。
external\cls_chinese_medicine/train/qianhu/qianhu_0221.jpg,前胡,性味苦辛微寒；归肺脾经；功效：降气化痰、散风清热。
external\cls_chinese_medicine/train/baishao/baishao_0148.jpg,白芍,性味苦酸微寒；归肝脾经；功效：养血调经、敛阴止汗、柔肝止痛、平抑肝阳。
external\cls_chinese_medicine/train/jianghuang/jianghuang_1453.jpg,姜黄,性味辛苦温；归脾胃肝经；功效：破血行气、通经止痛。
external\cls_chinese_medicine/train/xianhecao/xianhecao_1243.jpg,仙鹤草,性味苦涩平；归心肝经；功效：收敛止血、截疟止痢、解毒补虚。
external\cls_chinese_medicine/train/shouwutengpian/shouwutengpian_0261.jpg,首乌藤(shouwutengpian),性味甘平；归心肝经；功效：养血安神、祛风通络。
external\cls_chinese_medicine/train/xiakucao/xiakucao_0554.jpg,夏枯草,性味辛苦寒；归肝胆经；功效：清肝泻火、明目、散结消肿。
external\cls_chinese_medicine/train/muxiang/muxiang_0056.jpg,木香,性味辛苦温；归脾胃大肠三焦经；功效：行气止痛、健脾消食。
external\cls_chinese_medicine/train/lianzixin/lianzixin_0614.jpg,莲子心,性味苦寒；归心肾经；功效：清心安神、交通心肾、涩精止血。
external\cls_chinese_medicine/train/shuihonghuazi/shuihonghuazi_0260.jpg,水红花子,性味咸凉；归肝胃经；功效：散血消癥、消积止痛、利水消肿。
external\cls_chinese_medicine/train/baihe/baihe_1415.jpg,百合,性味甘寒；归心肺经；功效：养阴润肺、清心安神。
external\cls_chinese_medicine/train/muli/muli_1360.jpg,牡蛎,性味咸微寒；归肝肾经；功效：重镇安神、潜阳补阴、软坚散结、收敛固涩。
external\cls_chinese_medicine/train/pugongying/pugongying_0871.jpg,蒲公英,性味苦甘寒；归肝胃经；功效：清热解毒、消肿散结、利尿通淋。
external\cls_chinese_medicine/train/shanzhuyu/shanzhuyu_0970.jpg,山茱萸,性味酸涩微温；归肝肾经；功效：补益肝肾、收涩固脱。
external\cls_chinese_medicine/train/mudanpi/mudanpi_1361.jpg,牡丹皮,性味苦辛微寒；归心肝肾经；功效：清热凉血、活血化瘀。
external\cls_chinese_medicine/train/renshen/renshen_1397.jpg,人参(renshen),性味甘微苦微温；归脾肺心肾经；功效：大补元气、复脉固脱、补脾益肺、生津养血、安神。
external\cls_chinese_medicine/train/huomaren/huomaren_0615.jpg,火麻仁,性味甘平；归脾胃大肠经；功效：润肠通便。
external\cls_chinese_medicine/train/baizhu/baizhu_1357.jpg,白术,性味苦甘温；归脾胃经；功效：健脾益气、燥湿利水、止汗、安胎。
external\cls_chinese_medicine/train/houpu/houpu_0014.jpg,厚朴,性味苦辛温；归脾胃肺大肠经；功效：燥湿消痰、下气除满。
external\cls_chinese_medicine/train/ajiao/ajiao_0142.jpg,阿胶,性味甘平；归肺肝肾经；功效：补血滋阴、润燥、止血。
external\cls_chinese_medicine/train/maidong/maidong_0087.jpg,麦冬,性味甘微苦微寒；归心胃肺经；功效：养阴生津、润肺清心。
external\cls_chinese_medicine/train/luoshiteng/luoshiteng_0294.jpg,络石藤,性味苦微寒；归心肝经；功效：祛风通络、凉血消肿。
external\cls_chinese_medicine/train/qianghuo/qianhuo_0791.jpg,羌活,性味辛苦温；归膀胱肾经；功效：解表散寒、祛风胜湿、止痛。
external\cls_chinese_medicine/train/baitouweng/baitouweng_1304.jpg,白头翁,性味苦寒；归胃大肠经；功效：清热解毒、凉血止痢。
external\cls_chinese_medicine/train/ziyuan/ziwang_0303.jpg,紫菀,性味辛苦温；归肺经；功效：润肺下气、消痰止咳。
external\cls_chinese_medicine/train/zhishi/zhishi_1093.jpg,枳实,性味苦辛酸微寒；归脾胃经；功效：破气消积、化痰散痞。
external\cls_chinese_medicine/train/zihuadiding/zihuadiding_0274.jpg,紫花地丁,性味苦辛寒；归心肝经；功效：清热解毒、凉血消肿。
external\cls_chinese_medicine/train/roudoukou/roudoukou_1290.jpg,肉豆蔻,性味辛温；归脾胃大肠经；功效：温中行气、涩肠止泻。
external\cls_chinese_medicine/train/shenqu/shengqu_1384.jpg,神曲,性味甘辛温；归脾胃经；功效：消食和胃。
external\cls_chinese_medicine/train/xuduan/xuduan_0700.jpg,续断,性味苦辛微温；归肝肾经；功效：补肝肾、强筋骨、续折伤、止崩漏。
external\cls_chinese_medicine/train/shegan/shegang_1398.jpg,射干,性味苦寒；归肺经；功效：清热解毒、消痰利咽。
external\cls_chinese_medicine/train/yuzhupian/yuzhupian_0049.jpg,玉竹(yuzhupian),性味甘微寒；归肺胃经；功效：养阴润燥、生津止渴。
external\cls_chinese_medicine/train/zhishi/zhishi_0041.jpg,枳实,性味苦辛酸微寒；归脾胃经；功效：破气消积、化痰散痞。
external\cls_chinese_medicine/train/beishashenkuai/beishashenkuai_0743.jpg,北沙参(beishashenkuai),性味甘微苦微寒；归肺胃经；功效：养阴清肺、益胃生津。
external\cls_chinese_medicine/train/lianqiao/lianqiao_1128.jpg,连翘,性味苦微寒；归肺心小肠经；功效：清热解毒、疏散风热、消肿散结。
external\cls_chinese_medicine/train/dafupi/dafupi_1484.jpg,大腹皮,性味辛微温；归脾胃大肠小肠经；功效：行气宽中、行水消肿。
external\cls_chinese_medicine/train/tianmakuai/tianmakuai_0648.jpg,天麻(tianmakuai),性味甘平；归肝经；功效：息风止痉、平抑肝阳、祛风通络。
external\cls_chinese_medicine/train/puhuang/puhuang_1298.jpg,蒲黄,性味甘平；归肝心包经；功效：止血、化瘀、通淋。
external\cls_chinese_medicine/train/ziyuan/ziwang_0274.jpg,紫菀,性味辛苦温；归肺经；功效：润肺下气、消痰止咳。
external\cls_chinese_medicine/train/shouwutengkuai/shouwutengkuai_0949.jpg,首乌藤(shouwutengkuai),性味甘平；归心肝经；功效：养血安神、祛风通络。
external\cls_chinese_medicine/train/qinghao/qinhao_0677.jpg,青蒿,性味苦辛寒；归肝胆经；功效：清虚热、除骨蒸、解暑热、截疟、退黄。
external\cls_chinese_medicine/train/banxia/banxia_0025.jpg,半夏,性味辛温有毒；归脾胃肺经；功效：燥湿化痰、降逆止呕、消痞散结。
external\cls_chinese_medicine/train/chongcao/chongcao_1371.jpg,虫草,性味甘平；归肺肾经；功效：补肾益肺、止血化痰。
external\cls_chinese_medicine/train/paojiang/paojiang_1422.jpg,炮姜,性味苦涩温；归脾胃肾经；功效：温经止血、温中止痛。
external\cls_chinese_medicine/train/shigao/shigao_0966.jpg,石膏,性味甘辛大寒；归肺胃经；功效：清热泻火、除烦止渴。
external\cls_chinese_medicine/train/lianqiao/lianqiao_1479.jpg,连翘,性味苦微寒；归肺心小肠经；功效：清热解毒、疏散风热、消肿散结。
external\cls_chinese_medicine/train/shanzha/shanzha_0942.jpg,山楂,性味酸甘微温；归脾胃肝经；功效：消食健胃、行气散瘀、化浊降脂。
external\cls_chinese_medicine/train/xiaohuixiang/xiaohuixiang_0844.jpg,小茴香,性味辛温；归肝肾脾胃经；功效：散寒止痛、理气和胃。
external\cls_chinese_medicine/train/chenxiang/chengxiang_1164.jpg,沉香,性味辛苦微温；归脾胃肾经；功效：行气止痛、温中止呕、纳气平喘。
external\cls_chinese_medicine/train/quanxie/quangxie_1224.jpg,全蝎,性味辛平有毒；归肝经；功效：息风镇痉、通络止痛、攻毒散结。
external\cls_chinese_medicine/train/caoguo/caoguo_0690.jpg,草果,性味辛温；归脾胃经；功效：燥湿温中、截疟除痰。
external\cls_chinese_medicine/train/chishizhi/chishizhi_0937.jpg,赤石脂,性味甘酸涩温；归大肠胃经；功效：涩肠止泻、收敛止血、敛疮生肌。
external\cls_chinese_medicine/train/juemingzi/juemingzi_0373.jpg,决明子,性味甘苦咸微寒；归肝大肠经；功效：清热明目、润肠通便。
external\cls_chinese_medicine/train/peilan/peilan_0097.jpg,佩兰,性味辛平；归脾胃肺经；功效：芳香化湿、醒脾开胃、发表解暑。
external\cls_chinese_medicine/train/shuiniujiao/shuiniujiao_0427.jpg,水牛角,性味苦寒；归心肝胃经；功效：清热凉血、定惊。
external\cls_chinese_medicine/train/dangshen/dangsheng_1395.jpg,党参,性味甘平；归脾肺经；功效：健脾益肺、养血生津。
external\cls_chinese_medicine/train/hehuanpi/hehuanpi_0096.jpg,合欢皮,性味甘平；归心肝肺经；功效：解郁安神、活血消肿。
external\cls_chinese_medicine/train/shihu/shihu_0677.jpg,石斛,性味甘微寒；归胃肾经；功效：益胃生津、滋阴清热。
external\cls_chinese_medicine/train/tianmakuai/tianmakuai_1506.jpg,天麻(tianmakuai),性味甘平；归肝经；功效：息风止痉、平抑肝阳、祛风通络。
external\cls_chinese_medicine/train/guya/guya_0127.jpg,谷芽,性味甘温；归脾胃经；功效：消食和中、健脾开胃。
external\cls_chinese_medicine/train/dafupi/dafupi_0159.jpg,大腹皮,性味辛微温；归脾胃大肠小肠经；功效：行气宽中、行水消肿。
external\cls_chinese_medicine/train/zhuru/zhuru_1358.jpg,竹茹,性味甘微寒；归肺胃心胆经；功效：清热化痰、除烦止呕。
external\cls_chinese_medicine/train/shouwutengpian/shouwutengpian_0409.jpg,首乌藤(shouwutengpian),性味甘平；归心肝经；功效：养血安神、祛风通络。
external\cls_chinese_medicine/train/fangfeng/fangfeng_0834.jpg,防风,性味辛甘微温；归膀胱肝脾经；功效：祛风解表、胜湿止痛、止痉。
external\cls_chinese_medicine/train/daqingye/daqinye_1094.jpg,大青叶,性味苦寒；归心胃经；功效：清热解毒、凉血消斑。
external\cls_chinese_medicine/train/daqingye/daqinye_0173.jpg,大青叶,性味苦寒；归心胃经；功效：清热解毒、凉血消斑。
external\cls_chinese_medicine/train/zhimu/zhimu_0904.jpg,知母,性味苦甘寒；归肺胃肾经；功效：清热泻火、滋阴润燥。
external\cls_chinese_medicine/train/sangshen/sangshen_0507.jpg,桑葚,性味甘酸寒；归心肝肾经；功效：滋阴补血、生津润燥。
external\cls_chinese_medicine/train/laifuzi/laifuzi_1509.jpg,莱菔子,性味辛甘平；归脾胃肺经；功效：消食除胀、降气化痰。
external\cls_chinese_medicine/train/shichangpu/shichangpu_1563.jpg,石菖蒲,性味辛苦温；归心胃经；功效：开窍豁痰、醒神益智、化湿开胃。
external\cls_chinese_medicine/train/zhiqiaopian/zhiqiaopian_0172.jpg,枳壳(zhiqiaopian),性味苦辛酸微寒；归脾胃经；功效：理气宽中、行滞消胀。
external\cls_chinese_medicine/train/fuling/fuling_1191.jpg,茯苓,性味甘淡平；归心肺脾肾经；功效：利水渗湿、健脾、宁心。
external\cls_chinese_medicine/train/gegen/gegen_0570.jpg,葛根,性味甘辛凉；归脾胃肺经；功效：解肌退热、生津止渴、透疹、升阳止泻、通经活络。
external\cls_chinese_medicine/train/sangpiaoxiao/sangpiaoxiao_0697.jpg,桑螵蛸,性味甘咸平；归肝肾经；功效：固精缩尿、补肾助阳。
external\cls_chinese_medicine/train/tiannanxing/tiannanxing_1504.jpg,天南星,性味苦辛温有毒；归肺肝脾经；功效：燥湿化痰、祛风止痉、散结消肿。
external\cls_chinese_medicine/train/mohanlian/mohanliang_0535.jpg,墨旱莲,性味甘酸寒；归肝肾经；功效：滋补肝肾、凉血止血。
external\cls_chinese_medicine/train/shigao/shigao_0456.jpg,石膏,性味甘辛大寒；归肺胃经；功效：清热泻火、除烦止渴。
external\cls_chinese_medicine/train/paojiang/paojiang_1517.jpg,炮姜,性味苦涩温；归脾胃肾经；功效：温经止血、温中止痛。
external\cls_chinese_medicine/train/cishi/cishi_0401.jpg,磁石,性味咸寒；归肝肾心经；功效：镇惊安神、平肝潜阳、聪耳明目、纳气平喘。
external\cls_chinese_medicine/train/zhuru/zhuru_0850.jpg,竹茹,性味甘微寒；归肺胃心胆经；功效：清热化痰、除烦止呕。
external\cls_chinese_medicine/train/baihe/baihe_0420.jpg,百合,性味甘寒；归心肺经；功效：养阴润肺、清心安神。
external\cls_chinese_medicine/train/baitouweng/baitouweng_0403.jpg,白头翁,性味苦寒；归胃大肠经；功效：清热解毒、凉血止痢。
external\cls_chinese_medicine/train/jixueteng/jixueteng_1539.jpg,鸡血藤,性味苦甘温；归肝经；功效：活血补血、调经止痛、舒筋活络。
external\cls_chinese_medicine/train/shuihonghuazi/shuihonghuazi_1032.jpg,水红花子,性味咸凉；归肝胃经；功效：散血消癥、消积止痛、利水消肿。
external\cls_chinese_medicine/train/shichangpu/shichangpu_0874.jpg,石菖蒲,性味辛苦温；归心胃经；功效：开窍豁痰、醒神益智、化湿开胃。
external\cls_chinese_medicine/train/maidong/maidong_0436.jpg,麦冬,性味甘微苦微寒；归心胃肺经；功效：养阴生津、润肺清心。
external\cls_chinese_medicine/train/cebaiye/cebaiye_0679.jpg,侧柏叶,性味苦涩寒；归肺肝大肠经；功效：凉血止血、化痰止咳、生发乌发。
external\cls_chinese_medicine/train/biejia/wangzhengbiejia_0443.jpg,鳖甲,性味咸微寒；归肝肾经；功效：滋阴潜阳、退热除蒸、软坚散结。
external\cls_chinese_medicine/train/qianhu/qianhu_0762.jpg,前胡,性味苦辛微寒；归肺脾经；功效：降气化痰、散风清热。
external\cls_chinese_medicine/train/wujiapi/wujiapi_1427.jpg,五加皮,性味辛苦温；归肝肾经；功效：祛风湿、补肝肾、强筋骨。
external\cls_chinese_medicine/train/wujiapi/wujiapi_0621.jpg,五加皮,性味辛苦温；归肝肾经；功效：祛风湿、补肝肾、强筋骨。
external\cls_chinese_medicine/train/lizhihe/lizhihe_1302.jpg,荔枝核,性味甘微苦温；归肝胃经；功效：行气散结、祛寒止痛。
external\cls_chinese_medicine/train/gouteng/gouteng_0832.jpg,钩藤,性味甘凉；归肝心包经；功效：息风定惊、清热平肝。
external\cls_chinese_medicine/train/laifuzi/laifuzi_0796.jpg,莱菔子,性味辛甘平；归脾胃肺经；功效：消食除胀、降气化痰。
external\cls_chinese_medicine/train/mohanlian/mohanliang_1372.jpg,墨旱莲,性味甘酸寒；归肝肾经；功效：滋补肝肾、凉血止血。
external\cls_chinese_medicine/train/taoren/taoren_1131.jpg,桃仁,性味苦甘平；归心肝大肠经；功效：活血祛瘀、润肠通便、止咳平喘。
external\cls_chinese_medicine/train/maiya/maiya_0472.jpg,麦芽,性味甘平；归脾胃肝经；功效：行气消食、健脾开胃、回乳消胀。
external\cls_chinese_medicine/train/chenpi/chenpi_1214.jpg,陈皮,性味苦辛温；归脾肺经；功效：理气健脾、燥湿化痰。
external\cls_chinese_medicine/train/honghua/honghua_1379.jpg,红花,性味辛温；归心肝经；功效：活血通经、散瘀止痛。
external\cls_chinese_medicine/train/tianmakuai/tianmakuai_0099.jpg,天麻(tianmakuai),性味甘平；归肝经；功效：息风止痉、平抑肝阳、祛风通络。
external\cls_chinese_medicine/train/baibu/baibu_0765.jpg,百部,性味甘苦微温；归肺经；功效：润肺下气止咳、杀虫灭虱。
external\cls_chinese_medicine/train/roucongrongpian/roucongrongpian_0399.jpg,肉苁蓉(roucongrongpian),性味甘咸温；归肾大肠经；功效：补肾阳、益精血、润肠通便。
external\cls_chinese_medicine/train/jianghuang/jianghuang_0232.jpg,姜黄,性味辛苦温；归脾胃肝经；功效：破血行气、通经止痛。
external\cls_chinese_medicine/train/longgu/longgu_0083.jpg,龙骨,性味甘涩平；归心肝肾经；功效：镇惊安神、平肝潜阳、收敛固涩。
external\cls_chinese_medicine/train/chuanxinlian/chuanxinlian_0054.jpg,穿心莲,性味苦寒；归心肺大肠膀胱经；功效：清热解毒、凉血消肿、燥湿。
external\cls_chinese_medicine/train/zhebeimu/zhebeimu_1389.jpg,浙贝母,性味苦寒；归肺心经；功效：清热化痰、散结消痈。
external\cls_chinese_medicine/train/guya/guya_0054.jpg,谷芽,性味甘温；归脾胃经；功效：消食和中、健脾开胃。
external\cls_chinese_medicine/train/suanzaoren/suanzaoren_0914.jpg,酸枣仁,性味甘酸平；归肝胆心经；功效：养心补肝、宁心安神、敛汗生津。
external\cls_chinese_medicine/train/dafupi/dafupi_1453.jpg,大腹皮,性味辛微温；归脾胃大肠小肠经；功效：行气宽中、行水消肿。
external\cls_chinese_medicine/train/fuzi/fuzi_0035.jpg,附子,性味辛甘大热有毒；归心肾脾经；功效：回阳救逆、补火助阳、散寒止痛。
external\cls_chinese_medicine/train/gouqizi/gouqizi_1520.jpg,枸杞,性味甘平；归肝肾经；功效：滋补肝肾、益精明目。
external\cls_chinese_medicine/train/jineijin/jineijin_1597.jpg,鸡内金,性味甘平；归脾胃小肠膀胱经；功效：健胃消食、涩精止遗、通淋化石。
external\cls_chinese_medicine/train/yiyiren/yiyiren_1068.jpg,薏苡仁,性味甘淡凉；归脾胃肺经；功效：利水渗湿、健脾止泻、除痹、排脓、解毒散结。
external\cls_chinese_medicine/train/huomaren/huomaren_0590.jpg,火麻仁,性味甘平；归脾胃大肠经；功效：润肠通便。
external\cls_chinese_medicine/train/caoguo/caoguo_0795.jpg,草果,性味辛温；归脾胃经；功效：燥湿温中、截疟除痰。
external\cls_chinese_medicine/train/tusizi/tusizi_0594.jpg,菟丝子,性味辛甘平；归肝肾脾经；功效：补益肝肾、固精缩尿、安胎、明目、止泻。
external\cls_chinese_medicine/train/xixin/xixin_0597.jpg,细辛,性味辛温有小毒；归心肾肺经；功效：解表散寒、祛风止痛、通窍、温肺化饮。
external\cls_chinese_medicine/train/shuihonghuazi/shuihonghuazi_0249.jpg,水红花子,性味咸凉；归肝胃经；功效：散血消癥、消积止痛、利水消肿。
external\cls_chinese_medicine/train/wujiapi/wujiapi_1384.jpg,五加皮,性味辛苦温；归肝肾经；功效：祛风湿、补肝肾、强筋骨。
external\cls_chinese_medicine/train/caoguo/caoguo_0834.jpg,草果,性味辛温；归脾胃经；功效：燥湿温中、截疟除痰。
external\cls_chinese_medicine/train/bajitian/bajitian_0437.jpg,巴戟天,性味甘辛微温；归肾肝经；功效：补肾阳、强筋骨、祛风湿。
external\cls_chinese_medicine/train/digupi/digupi_0543.jpg,地骨皮,性味甘寒；归肺肝肾经；功效：凉血除蒸、清肺降火。
external\cls_chinese_medicine/train/diyu/diyu_0194.jpg,地榆,性味苦酸涩微寒；归肝大肠经；功效：凉血止血、解毒敛疮。
external\cls_chinese_medicine/train/chantui/chantui_0455.jpg,蝉蜕,性味甘寒；归肺肝经；功效：疏散风热、利咽开音、透疹、明目退翳、息风止痉。
external\cls_chinese_medicine/train/huangqin/huangqin_0331.jpg,黄芩,性味苦寒；归肺胆脾大肠小肠经；功效：清热燥湿、泻火解毒、止血、安胎。
external\cls_chinese_medicine/train/longgu/longgu_1587.jpg,龙骨,性味甘涩平；归心肝肾经；功效：镇惊安神、平肝潜阳、收敛固涩。
external\cls_chinese_medicine/train/gouqizi/gouqizi_1076.jpg,枸杞,性味甘平；归肝肾经；功效：滋补肝肾、益精明目。
external\cls_chinese_medicine/train/xixin/xixin_0644.jpg,细辛,性味辛温有小毒；归心肾肺经；功效：解表散寒、祛风止痛、通窍、温肺化饮。
external\cls_chinese_medicine/train/taoren/taoren_0390.jpg,桃仁,性味苦甘平；归心肝大肠经；功效：活血祛瘀、润肠通便、止咳平喘。
external\cls_chinese_medicine/train/muxiang/muxiang_0550.jpg,木香,性味辛苦温；归脾胃大肠三焦经；功效：行气止痛、健脾消食。
external\cls_chinese_medicine/train/xinyi/xinyi_1152.jpg,辛夷,性味辛温；归肺胃经；功效：散风寒、通鼻窍。
external\cls_chinese_medicine/train/zhebeimu/zhebeimu_0253.jpg,浙贝母,性味苦寒；归肺心经；功效：清热化痰、散结消痈。
external\cls_chinese_medicine/train/baibiandou/baibiandou_0378.jpg,白扁豆,性味甘微温；归脾胃经；功效：健脾化湿、和中消暑。
external\cls_chinese_medicine/train/yuanzhi/yuanzhi_0835.jpg,远志,性味苦辛温；归心肾肺经；功效：安神益智、交通心肾、祛痰开窍、消散痈肿。
external\cls_chinese_medicine/train/chantui/chantui_0071.jpg,蝉蜕,性味甘寒；归肺肝经；功效：疏散风热、利咽开音、透疹、明目退翳、息风止痉。
external\cls_chinese_medicine/train/qinghao/qinhao_0805.jpg,青蒿,性味苦辛寒；归肝胆经；功效：清虚热、除骨蒸、解暑热、截疟、退黄。
external\cls_chinese_medicine/train/suanzaoren/suanzaoren_1017.jpg,酸枣仁,性味甘酸平；归肝胆心经；功效：养心补肝、宁心安神、敛汗生津。
external\cls_chinese_medicine/train/jianghuang/jianghuang_1196.jpg,姜黄,性味辛苦温；归脾胃肝经；功效：破血行气、通经止痛。
external\cls_chinese_medicine/train/qinghao/qinhao_0761.jpg,青蒿,性味苦辛寒；归肝胆经；功效：清虚热、除骨蒸、解暑热、截疟、退黄。
external\cls_chinese_medicine/train/chuanshanjia/chuanshanjia_1053.jpg,穿山甲,性味咸微寒；归肝胃经；功效：活血消癥、通经下乳、消肿排脓、搜风通络。
external\cls_chinese_medicine/train/shegan/shegang_1437.jpg,射干,性味苦寒；归肺经；功效：清热解毒、消痰利咽。
external\cls_chinese_medicine/train/wumei/wumei_0549.jpg,乌梅,性味酸涩平；归肝脾肺大肠经；功效：敛肺涩肠、生津安蛔。
external\cls_chinese_medicine/train/zhimu/zhimu_0145.jpg,知母,性味苦甘寒；归肺胃肾经；功效：清热泻火、滋阴润燥。
external\cls_chinese_medicine/train/tianmakuai/tianmakuai_1151.jpg,天麻(tianmakuai),性味甘平；归肝经；功效：息风止痉、平抑肝阳、祛风通络。
external\cls_chinese_medicine/train/jianghuang/jianghuang_1322.jpg,姜黄,性味辛苦温；归脾胃肝经；功效：破血行气、通经止痛。
external\cls_chinese_medicine/train/xuduan/xuduan_0530.jpg,续断,性味苦辛微温；归肝肾经；功效：补肝肾、强筋骨、续折伤、止崩漏。
external\cls_chinese_medicine/train/fangfeng/fangfeng_0981.jpg,防风,性味辛甘微温；归膀胱肝脾经；功效：祛风解表、胜湿止痛、止痉。
external\cls_chinese_medicine/train/xinyi/xinyi_0690.jpg,辛夷,性味辛温；归肺胃经；功效：散风寒、通鼻窍。
external\cls_chinese_medicine/train/quanxie/quangxie_1195.jpg,全蝎,性味辛平有毒；归肝经；功效：息风镇痉、通络止痛、攻毒散结。
external\cls_chinese_medicine/train/chantui/chantui_0099.jpg,蝉蜕,性味甘寒；归肺肝经；功效：疏散风热、利咽开音、透疹、明目退翳、息风止痉。
external\cls_chinese_medicine/train/baitouweng/baitouweng_0053.jpg,白头翁,性味苦寒；归胃大肠经；功效：清热解毒、凉血止痢。
external\cls_chinese_medicine/train/guanzhong/guanzhong_1301.jpg,贯众,性味苦微寒有小毒；归肝胃经；功效：清热解毒、驱虫、止血。
external\cls_chinese_medicine/train/shanzha/shanzha_0646.jpg,山楂,性味酸甘微温；归脾胃肝经；功效：消食健胃、行气散瘀、化浊降脂。
external\cls_chinese_medicine/train/beishashentiao/beishashentiao_1323.jpg,北沙参(beishashentiao),性味甘微苦微寒；归肺胃经；功效：养阴清肺、益胃生津。
external\cls_chinese_medicine/train/daqingye/daqinye_0750.jpg,大青叶,性味苦寒；归心胃经；功效：清热解毒、凉血消斑。
external\cls_chinese_medicine/train/huomaren/huomaren_1536.jpg,火麻仁,性味甘平；归脾胃大肠经；功效：润肠通便。
external\cls_chinese_medicine/train/puhuang/puhuang_1388.jpg,蒲黄,性味甘平；归肝心包经；功效：止血、化瘀、通淋。
external\cls_chinese_medicine/train/shigao/shigao_0453.jpg,石膏,性味甘辛大寒；归肺胃经；功效：清热泻火、除烦止渴。
external\cls_chinese_medicine/train/xixin/xixin_1088.jpg,细辛,性味辛温有小毒；归心肾肺经；功效：解表散寒、祛风止痛、通窍、温肺化饮。
external\cls_chinese_medicine/train/caoguo/caoguo_0774.jpg,草果,性味辛温；归脾胃经；功效：燥湿温中、截疟除痰。
external\cls_chinese_medicine/train/huomaren/huomaren_1381.jpg,火麻仁,性味甘平；归脾胃大肠经；功效：润肠通便。
external\cls_chinese_medicine/train/yujin/yujin_0650.jpg,郁金,性味辛苦寒；归肝心肺经；功效：活血止痛、行气解郁、清心凉血、利胆退黄。
external\cls_chinese_medicine/train/chuanxinlian/chuanxinlian_0219.jpg,穿心莲,性味苦寒；归心肺大肠膀胱经；功效：清热解毒、凉血消肿、燥湿。
external\cls_chinese_medicine/train/fuzi/fuzi_1317.jpg,附子,性味辛甘大热有毒；归心肾脾经；功效：回阳救逆、补火助阳、散寒止痛。
external\cls_chinese_medicine/train/gouqizi/gouqizi_0856.jpg,枸杞,性味甘平；归肝肾经；功效：滋补肝肾、益精明目。
external\cls_chinese_medicine/train/shechuangzi/shechuangzi_1517.jpg,蛇床子,性味辛苦温；归肾经；功效：燥湿祛风、杀虫止痒、温肾壮阳。
external\cls_chinese_medicine/train/jiangcan/jiangcan_1366.jpg,僵蚕,性味咸辛平；归肝肺经；功效：息风止痉、祛风止痛、化痰散结。
external\cls_chinese_medicine/train/jingjie/jinjie_0342.jpg,荆芥,性味辛微温；归肺肝经；功效：解表散风、透疹消疮、炒炭止血。
external\cls_chinese_medicine/train/shuihonghuazi/shuihonghuazi_1519.jpg,水红花子,性味咸凉；归肝胃经；功效：散血消癥、消积止痛、利水消肿。
external\cls_chinese_medicine/train/gouqizi/gouqizi_1644.jpg,枸杞,性味甘平；归肝肾经；功效：滋补肝肾、益精明目。
external\cls_chinese_medicine/train/jiangcan/jiangcan_0489.jpg,僵蚕,性味咸辛平；归肝肺经；功效：息风止痉、祛风止痛、化痰散结。
external\cls_chinese_medicine/train/jingjie/jinjie_0733.jpg,荆芥,性味辛微温；归肺肝经；功效：解表散风、透疹消疮、炒炭止血。
external\cls_chinese_medicine/train/chenxiang/chengxiang_1239.jpg,沉香,性味辛苦微温；归脾胃肾经；功效：行气止痛、温中止呕、纳气平喘。
external\cls_chinese_medicine/train/tusizi/tusizi_0396.jpg,菟丝子,性味辛甘平；归肝肾脾经；功效：补益肝肾、固精缩尿、安胎、明目、止泻。
external\cls_chinese_medicine/train/zhebeimu/zhebeimu_1475.jpg,浙贝母,性味苦寒；归肺心经；功效：清热化痰、散结消痈。
external\cls_chinese_medicine/train/huzhang/huzhang_0242.jpg,虎杖,性味微苦微寒；归肝胆肺经；功效：利湿退黄、清热解毒、散瘀止痛、止咳化痰。
external\cls_chinese_medicine/train/kushen/kushen_1237.jpg,苦参,性味苦寒；归心肝胃大肠膀胱经；功效：清热燥湿、杀虫利尿。
external\cls_chinese_medicine/train/mohanlian/mohanliang_0942.jpg,墨旱莲,性味甘酸寒；归肝肾经；功效：滋补肝肾、凉血止血。
external\cls_chinese_medicine/train/ajiao/ajiao_0078.jpg,阿胶,性味甘平；归肺肝肾经；功效：补血滋阴、润燥、止血。
external\cls_chinese_medicine/train/chishao/chishao_0345.jpg,赤芍,性味苦微寒；归肝经经；功效：清热凉血、散瘀止痛。
external\cls_chinese_medicine/train/taoren/taoren_0805.jpg,桃仁,性味苦甘平；归心肝大肠经；功效：活血祛瘀、润肠通便、止咳平喘。
external\cls_chinese_medicine/train/taoren/taoren_1492.jpg,桃仁,性味苦甘平；归心肝大肠经；功效：活血祛瘀、润肠通便、止咳平喘。
external\cls_chinese_medicine/train/shechuangzi/shechuangzi_0413.jpg,蛇床子,性味辛苦温；归肾经；功效：燥湿祛风、杀虫止痒、温肾壮阳。
external\cls_chinese_medicine/train/maidong/maidong_0755.jpg,麦冬,性味甘微苦微寒；归心胃肺经；功效：养阴生津、润肺清心。
external\cls_chinese_medicine/train/puhuang/puhuang_1592.jpg,蒲黄,性味甘平；归肝心包经；功效：止血、化瘀、通淋。
external\cls_chinese_medicine/train/dafupi/dafupi_0616.jpg,大腹皮,性味辛微温；归脾胃大肠小肠经；功效：行气宽中、行水消肿。
external\cls_chinese_medicine/train/zelan/zelan_0788.jpg,泽兰,性味苦辛微温；归肝脾经；功效：活血调经、祛瘀消痈、利水消肿。
external\cls_chinese_medicine/train/baiziren/baiziren_0479.jpg,柏子仁,性味甘平；归心肾大肠经；功效：养心安神、润肠通便、止汗。
external\cls_chinese_medicine/train/hehuanpi/hehuanpi_0674.jpg,合欢皮,性味甘平；归心肝肺经；功效：解郁安神、活血消肿。
external\cls_chinese_medicine/train/gegen/gegen_0840.jpg,葛根,性味甘辛凉；归脾胃肺经；功效：解肌退热、生津止渴、透疹、升阳止泻、通经活络。
external\cls_chinese_medicine/train/mudanpi/mudanpi_0443.jpg,牡丹皮,性味苦辛微寒；归心肝肾经；功效：清热凉血、活血化瘀。
external\cls_chinese_medicine/train/diyu/diyu_0421.jpg,地榆,性味苦酸涩微寒；归肝大肠经；功效：凉血止血、解毒敛疮。
external\cls_chinese_medicine/train/cebaiye/cebaiye_1083.jpg,侧柏叶,性味苦涩寒；归肺肝大肠经；功效：凉血止血、化痰止咳、生发乌发。
external\cls_chinese_medicine/train/wumei/wumei_0727.jpg,乌梅,性味酸涩平；归肝脾肺大肠经；功效：敛肺涩肠、生津安蛔。
external\cls_chinese_medicine/train/baizhu/baizhu_1454.jpg,白术,性味苦甘温；归脾胃经；功效：健脾益气、燥湿利水、止汗、安胎。
external\cls_chinese_medicine/train/baikou/baikou_0157.jpg,白豆蔻,性味辛温；归肺脾胃经；功效：化湿行气、温中止呕、开胃消食。
external\cls_chinese_medicine/train/sanqi/sanqi_0402.jpg,三七,性味甘微苦温；归肝胃经；功效：化瘀止血、活血定痛。
external\cls_chinese_medicine/train/rougui/rougui_0886.jpg,肉桂,性味辛甘大热；归肾脾心肝经；功效：补火助阳、引火归元、散寒止痛、温通经脉。
external\cls_chinese_medicine/train/gancao/gancao_0649.jpg,甘草,性味甘平；归心肺脾胃经；功效：补脾益气、清热解毒、祛痰止咳、缓急止痛、调和诸药。
external\cls_chinese_medicine/train/jiangcan/jiangcan_0645.jpg,僵蚕,性味咸辛平；归肝肺经；功效：息风止痉、祛风止痛、化痰散结。
external\cls_chinese_medicine/train/laifuzi/laifuzi_1542.jpg,莱菔子,性味辛甘平；归脾胃肺经；功效：消食除胀、降气化痰。
external\cls_chinese_medicine/train/guya/guya_0803.jpg,谷芽,性味甘温；归脾胃经；功效：消食和中、健脾开胃。
external\cls_chinese_medicine/train/sangshen/sangshen_0294.jpg,桑葚,性味甘酸寒；归心肝肾经；功效：滋阴补血、生津润燥。
external\cls_chinese_medicine/train/maidong/maidong_1468.jpg,麦冬,性味甘微苦微寒；归心胃肺经；功效：养阴生津、润肺清心。
external\cls_chinese_medicine/train/ziyuan/ziwang_0928.jpg,紫菀,性味辛苦温；归肺经；功效：润肺下气、消痰止咳。
external\cls_chinese_medicine/train/zhenzhumu/zhenzhumu_0417.jpg,珍珠母,性味咸寒；归肝心经；功效：平肝潜阳、安神定惊、明目退翳。
external\cls_chinese_medicine/train/tiandong/tiandong_0552.jpg,天冬,性味甘苦寒；归肺肾经；功效：养阴润燥、清肺生津。
external\cls_chinese_medicine/train/ziyuan/ziwang_0757.jpg,紫菀,性味辛苦温；归肺经；功效：润肺下气、消痰止咳。
external\cls_chinese_medicine/train/fangfeng/fangfeng_1590.jpg,防风,性味辛甘微温；归膀胱肝脾经；功效：祛风解表、胜湿止痛、止痉。
external\cls_chinese_medicine/train/chuanshanjia/chuanshanjia_0133.jpg,穿山甲,性味咸微寒；归肝胃经；功效：活血消癥、通经下乳、消肿排脓、搜风通络。
external\cls_chinese_medicine/train/zhiqiaopian/zhiqiaopian_0997.jpg,枳壳(zhiqiaopian),性味苦辛酸微寒；归脾胃经；功效：理气宽中、行滞消胀。
external\cls_chinese_medicine/train/zhimu/zhimu_1327.jpg,知母,性味苦甘寒；归肺胃肾经；功效：清热泻火、滋阴润燥。
external\cls_chinese_medicine/train/zihuadiding/zihuadiding_1410.jpg,紫花地丁,性味苦辛寒；归心肝经；功效：清热解毒、凉血消肿。
external\cls_chinese_medicine/train/sangpiaoxiao/sangpiaoxiao_1577.jpg,桑螵蛸,性味甘咸平；归肝肾经；功效：固精缩尿、补肾助阳。
external\cls_chinese_medicine/train/jixueteng/jixueteng_0354.jpg,鸡血藤,性味苦甘温；归肝经；功效：活血补血、调经止痛、舒筋活络。
external\cls_chinese_medicine/train/baitouweng/baitouweng_1514.jpg,白头翁,性味苦寒；归胃大肠经；功效：清热解毒、凉血止痢。
external\cls_chinese_medicine/train/tiandong/tiandong_1500.jpg,天冬,性味甘苦寒；归肺肾经；功效：养阴润燥、清肺生津。
external\cls_chinese_medicine/train/baikou/baikou_1457.jpg,白豆蔻,性味辛温；归肺脾胃经；功效：化湿行气、温中止呕、开胃消食。
external\cls_chinese_medicine/train/roudoukou/roudoukou_1083.jpg,肉豆蔻,性味辛温；归脾胃大肠经；功效：温中行气、涩肠止泻。
external\cls_chinese_medicine/train/banxia/banxia_0093.jpg,半夏,性味辛温有毒；归脾胃肺经；功效：燥湿化痰、降逆止呕、消痞散结。
external\cls_chinese_medicine/train/fuzi/fuzi_0052.jpg,附子,性味辛甘大热有毒；归心肾脾经；功效：回阳救逆、补火助阳、散寒止痛。
external\cls_chinese_medicine/train/zicao/zicao_1147.jpg,紫草,性味甘咸寒；归心肝经；功效：凉血活血、解毒透疹。
external\cls_chinese_medicine/train/huomaren/huomaren_1572.jpg,火麻仁,性味甘平；归脾胃大肠经；功效：润肠通便。
external\cls_chinese_medicine/train/roudoukou/roudoukou_0700.jpg,肉豆蔻,性味辛温；归脾胃大肠经；功效：温中行气、涩肠止泻。
external\cls_chinese_medicine/train/puhuang/puhuang_0295.jpg,蒲黄,性味甘平；归肝心包经；功效：止血、化瘀、通淋。
external\cls_chinese_medicine/train/jineijin/jineijin_0887.jpg,鸡内金,性味甘平；归脾胃小肠膀胱经；功效：健胃消食、涩精止遗、通淋化石。
external\cls_chinese_medicine/train/roucongronggen/roucongronggeng_0628.jpg,肉苁蓉(roucongronggen),性味甘咸温；归肾大肠经；功效：补肾阳、益精血、润肠通便。
external\cls_chinese_medicine/train/jinqiancao/jinqiancao_1090.jpg,金钱草,性味甘咸微寒；归肝胆肾膀胱经；功效：利湿退黄、利尿通淋、解毒消肿。
external\cls_chinese_medicine/train/tianmakuai/tianmakuai_0053.jpg,天麻(tianmakuai),性味甘平；归肝经；功效：息风止痉、平抑肝阳、祛风通络。
external\cls_chinese_medicine/train/baizhu/baizhu_1564.jpg,白术,性味苦甘温；归脾胃经；功效：健脾益气、燥湿利水、止汗、安胎。
external\cls_chinese_medicine/train/baibu/baibu_1465.jpg,百部,性味甘苦微温；归肺经；功效：润肺下气止咳、杀虫灭虱。
external\cls_chinese_medicine/train/wuweizi/wuweizi_1375.jpg,五味子,性味酸甘温；归肺心肾经；功效：收敛固涩、益气生津、补肾宁心。
external\cls_chinese_medicine/train/baihe/baihe_1579.jpg,百合,性味甘寒；归心肺经；功效：养阴润肺、清心安神。
external\cls_chinese_medicine/train/houpu/houpu_0047.jpg,厚朴,性味苦辛温；归脾胃肺大肠经；功效：燥湿消痰、下气除满。
external\cls_chinese_medicine/train/niuxi/niuxi_0584.jpg,牛膝,性味苦甘酸平；归肝肾经；功效：逐瘀通经、补肝肾、强筋骨、利尿通淋、引血下行。
external\cls_chinese_medicine/train/wumei/wumei_1482.jpg,乌梅,性味酸涩平；归肝脾肺大肠经；功效：敛肺涩肠、生津安蛔。
external\cls_chinese_medicine/train/qianghuo/qianhuo_0177.jpg,羌活,性味辛苦温；归膀胱肾经；功效：解表散寒、祛风胜湿、止痛。
external\cls_chinese_medicine/train/xianhecao/xianhecao_1016.jpg,仙鹤草,性味苦涩平；归心肝经；功效：收敛止血、截疟止痢、解毒补虚。
external\cls_chinese_medicine/train/shenqu/shengqu_0825.jpg,神曲,性味甘辛温；归脾胃经；功效：消食和胃。
external\cls_chinese_medicine/train/quanxie/quangxie_1501.jpg,全蝎,性味辛平有毒；归肝经；功效：息风镇痉、通络止痛、攻毒散结。
external\cls_chinese_medicine/train/fuling/fuling_1524.jpg,茯苓,性味甘淡平；归心肺脾肾经；功效：利水渗湿、健脾、宁心。
external\cls_chinese_medicine/train/yejuhua/yejuhua_0983.jpg,菊花,性味苦辛微寒；归肝心经；功效：清热解毒、泻火平肝。
external\cls_chinese_medicine/train/bajitian/bajitian_0253.jpg,巴戟天,性味甘辛微温；归肾肝经；功效：补肾阳、强筋骨、祛风湿。
external\cls_chinese_medicine/train/dafupi/dafupi_0221.jpg,大腹皮,性味辛微温；归脾胃大肠小肠经；功效：行气宽中、行水消肿。
external\cls_chinese_medicine/train/sangshen/sangshen_0419.jpg,桑葚,性味甘酸寒；归心肝肾经；功效：滋阴补血、生津润燥。
external\cls_chinese_medicine/train/xixin/xixin_1144.jpg,细辛,性味辛温有小毒；归心肾肺经；功效：解表散寒、祛风止痛、通窍、温肺化饮。
external\cls_chinese_medicine/train/shigao/shigao_0461.jpg,石膏,性味甘辛大寒；归肺胃经；功效：清热泻火、除烦止渴。
external\cls_chinese_medicine/train/xinyi/xinyi_1171.jpg,辛夷,性味辛温；归肺胃经；功效：散风寒、通鼻窍。
external\cls_chinese_medicine/train/wumei/wumei_0707.jpg,乌梅,性味酸涩平；归肝脾肺大肠经；功效：敛肺涩肠、生津安蛔。
external\cls_chinese_medicine/train/chantui/chantui_0732.jpg,蝉蜕,性味甘寒；归肺肝经；功效：疏散风热、利咽开音、透疹、明目退翳、息风止痉。
external\cls_chinese_medicine/train/zhiqiaopian/zhiqiaopian_0896.jpg,枳壳(zhiqiaopian),性味苦辛酸微寒；归脾胃经；功效：理气宽中、行滞消胀。
external\cls_chinese_medicine/train/roucongrongpian/roucongrongpian_0018.jpg,肉苁蓉(roucongrongpian),性味甘咸温；归肾大肠经；功效：补肾阳、益精血、润肠通便。
external\cls_chinese_medicine/train/baizhu/baizhu_0503.jpg,白术,性味苦甘温；归脾胃经；功效：健脾益气、燥湿利水、止汗、安胎。
external\cls_chinese_medicine/train/honghua/honghua_1365.jpg,红花,性味辛温；归心肝经；功效：活血通经、散瘀止痛。
external\cls_chinese_medicine/train/lianqiao/lianqiao_1030.jpg,连翘,性味苦微寒；归肺心小肠经；功效：清热解毒、疏散风热、消肿散结。
external\cls_chinese_medicine/train/nvzhenzi/nvzhenzi_0283.jpg,女贞子,性味甘苦凉；归肝肾经；功效：滋补肝肾、明目乌发。
external\cls_chinese_medicine/train/shuihonghuazi/shuihonghuazi_1064.jpg,水红花子,性味咸凉；归肝胃经；功效：散血消癥、消积止痛、利水消肿。
external\cls_chinese_medicine/train/cebaiye/cebaiye_1280.jpg,侧柏叶,性味苦涩寒；归肺肝大肠经；功效：凉血止血、化痰止咳、生发乌发。
external\cls_chinese_medicine/train/niuxi/niuxi_0923.jpg,牛膝,性味苦甘酸平；归肝肾经；功效：逐瘀通经、补肝肾、强筋骨、利尿通淋、引血下行。
external\cls_chinese_medicine/train/shanyao/shanyao_0785.jpg,山药,性味甘平；归脾肺肾经；功效：补脾养胃、生津益肺、补肾涩精。
external\cls_chinese_medicine/train/chuanxinlian/chuanxinlian_1061.jpg,穿心莲,性味苦寒；归心肺大肠膀胱经；功效：清热解毒、凉血消肿、燥湿。
external\cls_chinese_medicine/train/dilong/dilong_1118.jpg,地龙,性味咸寒；归肝脾膀胱经；功效：清热定惊、通络平喘、利尿。
external\cls_chinese_medicine/train/shigao/shigao_0032.jpg,石膏,性味甘辛大寒；归肺胃经；功效：清热泻火、除烦止渴。
external\cls_chinese_medicine/train/chenpi/chenpi_1220.jpg,陈皮,性味苦辛温；归脾肺经；功效：理气健脾、燥湿化痰。
external\cls_chinese_medicine/train/longgu/longgu_0293.jpg,龙骨,性味甘涩平；归心肝肾经；功效：镇惊安神、平肝潜阳、收敛固涩。
external\cls_chinese_medicine/train/diyu/diyu_1361.jpg,地榆,性味苦酸涩微寒；归肝大肠经；功效：凉血止血、解毒敛疮。
external\cls_chinese_medicine/train/jinyinhua/(798).jpg,金银花,性味甘寒；归肺心胃经；功效：清热解毒、疏散风热。
external\cls_chinese_medicine/train/daxueteng/daxueteng_0122.jpg,大血藤,性味苦平；归大肠肝经；功效：清热解毒、活血止痛、祛风通络。
external\cls_chinese_medicine/train/shouwutengkuai/shouwutengkuai_1525.jpg,首乌藤(shouwutengkuai),性味甘平；归心肝经；功效：养血安神、祛风通络。
external\cls_chinese_medicine/train/baibiandou/baibiandou_0898.jpg,白扁豆,性味甘微温；归脾胃经；功效：健脾化湿、和中消暑。
external\cls_chinese_medicine/train/sanqi/sanqi_1528.jpg,三七,性味甘微苦温；归肝胃经；功效：化瘀止血、活血定痛。
external\cls_chinese_medicine/train/sangpiaoxiao/sangpiaoxiao_1503.jpg,桑螵蛸,性味甘咸平；归肝肾经；功效：固精缩尿、补肾助阳。
external\cls_chinese_medicine/train/diyu/diyu_0307.jpg,地榆,性味苦酸涩微寒；归肝大肠经；功效：凉血止血、解毒敛疮。
external\cls_chinese_medicine/train/shigao/shigao_1339.jpg,石膏,性味甘辛大寒；归肺胃经；功效：清热泻火、除烦止渴。
external\cls_chinese_medicine/train/huangqin/huangqin_0064.jpg,黄芩,性味苦寒；归肺胆脾大肠小肠经；功效：清热燥湿、泻火解毒、止血、安胎。
external\cls_chinese_medicine/train/gouqizi/gouqizi_1665.jpg,枸杞,性味甘平；归肝肾经；功效：滋补肝肾、益精明目。
external\cls_chinese_medicine/train/paojiang/paojiang_0830.jpg,炮姜,性味苦涩温；归脾胃肾经；功效：温经止血、温中止痛。
external\cls_chinese_medicine/train/shuihonghuazi/shuihonghuazi_0654.jpg,水红花子,性味咸凉；归肝胃经；功效：散血消癥、消积止痛、利水消肿。
external\cls_chinese_medicine/train/paojiang/paojiang_0333.jpg,炮姜,性味苦涩温；归脾胃肾经；功效：温经止血、温中止痛。
external\cls_chinese_medicine/train/foshou/foshou_1177.jpg,佛手,性味辛苦酸温；归肝脾胃肺经；功效：疏肝理气、和胃止痛、燥湿化痰。
external\cls_chinese_medicine/train/baibiandou/baibiandou_0647.jpg,白扁豆,性味甘微温；归脾胃经；功效：健脾化湿、和中消暑。
external\cls_chinese_medicine/train/wujiapi/wujiapi_1056.jpg,五加皮,性味辛苦温；归肝肾经；功效：祛风湿、补肝肾、强筋骨。
external\cls_chinese_medicine/train/caoguo/caoguo_0122.jpg,草果,性味辛温；归脾胃经；功效：燥湿温中、截疟除痰。
external\cls_chinese_medicine/train/yinchen/yinchen_0289.jpg,茵陈,性味苦辛微寒；归脾胃肝胆经；功效：清利湿热、利胆退黄。
external\cls_chinese_medicine/train/lianqiao/lianqiao_0069.jpg,连翘,性味苦微寒；归肺心小肠经；功效：清热解毒、疏散风热、消肿散结。
external\cls_chinese_medicine/train/yejuhua/yejuhua_0260.jpg,菊花,性味苦辛微寒；归肝心经；功效：清热解毒、泻火平肝。
external\cls_chinese_medicine/train/rougui/rougui_1243.jpg,肉桂,性味辛甘大热；归肾脾心肝经；功效：补火助阳、引火归元、散寒止痛、温通经脉。
external\cls_chinese_medicine/train/heshouwu/heshouwu_0377.jpg,何首乌,性味苦甘涩微温；归肝肾经；功效：制用补肝肾益精血、生用解毒消痈润肠通便。
external\cls_chinese_medicine/train/muxiang/muxiang_0178.jpg,木香,性味辛苦温；归脾胃大肠三焦经；功效：行气止痛、健脾消食。
external\cls_chinese_medicine/train/chaihu/chaihu_0793.jpg,柴胡,性味苦辛微寒；归肝经；功效：疏散退热、疏肝解郁、升举阳气。
external\cls_chinese_medicine/train/yuanzhi/yuanzhi_0444.jpg,远志,性味苦辛温；归心肾肺经；功效：安神益智、交通心肾、祛痰开窍、消散痈肿。
external\cls_chinese_medicine/train/kushen/kushen_0078.jpg,苦参,性味苦寒；归心肝胃大肠膀胱经；功效：清热燥湿、杀虫利尿。
external\cls_chinese_medicine/train/sangshen/sangshen_1448.jpg,桑葚,性味甘酸寒；归心肝肾经；功效：滋阴补血、生津润燥。
external\cls_chinese_medicine/train/gegen/gegen_1449.jpg,葛根,性味甘辛凉；归脾胃肺经；功效：解肌退热、生津止渴、透疹、升阳止泻、通经活络。
external\cls_chinese_medicine/train/yuanzhi/yuanzhi_0686.jpg,远志,性味苦辛温；归心肾肺经；功效：安神益智、交通心肾、祛痰开窍、消散痈肿。
external\cls_chinese_medicine/train/zicao/zicao_0125.jpg,紫草,性味甘咸寒；归心肝经；功效：凉血活血、解毒透疹。
external\cls_chinese_medicine/train/zhiqiaopian/zhiqiaopian_0022.jpg,枳壳(zhiqiaopian),性味苦辛酸微寒；归脾胃经；功效：理气宽中、行滞消胀。
external\cls_chinese_medicine/train/zhishi/zhishi_0393.jpg,枳实,性味苦辛酸微寒；归脾胃经；功效：破气消积、化痰散痞。
external\cls_chinese_medicine/train/qinghao/qinhao_1374.jpg,青蒿,性味苦辛寒；归肝胆经；功效：清虚热、除骨蒸、解暑热、截疟、退黄。
external\cls_chinese_medicine/train/sangpiaoxiao/sangpiaoxiao_1205.jpg,桑螵蛸,性味甘咸平；归肝肾经；功效：固精缩尿、补肾助阳。
external\cls_chinese_medicine/train/caokou/caokou_1419.jpg,草蔻,性味辛温；归脾胃经；功效：燥湿行气、温中止呕。
external\cls_chinese_medicine/train/tianmapian/tianmapian_1317.jpg,天麻(tianmapian),性味甘平；归肝经；功效：息风止痉、平抑肝阳、祛风通络。
external\cls_chinese_medicine/train/jixueteng/jixueteng_1249.jpg,鸡血藤,性味苦甘温；归肝经；功效：活血补血、调经止痛、舒筋活络。
external\cls_chinese_medicine/train/baikou/baikou_1301.jpg,白豆蔻,性味辛温；归肺脾胃经；功效：化湿行气、温中止呕、开胃消食。
external\cls_chinese_medicine/train/tianmakuai/tianmakuai_1603.jpg,天麻(tianmakuai),性味甘平；归肝经；功效：息风止痉、平抑肝阳、祛风通络。
external\cls_chinese_medicine/train/diyu/diyu_0853.jpg,地榆,性味苦酸涩微寒；归肝大肠经；功效：凉血止血、解毒敛疮。
external\cls_chinese_medicine/train/wuweizi/wuweizi_0352.jpg,五味子,性味酸甘温；归肺心肾经；功效：收敛固涩、益气生津、补肾宁心。
external\cls_chinese_medicine/train/lianzixin/lianzixin_1580.jpg,莲子心,性味苦寒；归心肾经；功效：清心安神、交通心肾、涩精止血。
external\cls_chinese_medicine/train/jinyinhua/(573).jpg,金银花,性味甘寒；归肺心胃经；功效：清热解毒、疏散风热。
external\cls_chinese_medicine/train/zihuadiding/zihuadiding_1191.jpg,紫花地丁,性味苦辛寒；归心肝经；功效：清热解毒、凉血消肿。
external\cls_chinese_medicine/train/lulutong/lulutong_0939.jpg,路路通,性味苦平；归肝膀胱经；功效：祛风活络、利水通经、下乳。
external\cls_chinese_medicine/train/jineijin/jineijin_1383.jpg,鸡内金,性味甘平；归脾胃小肠膀胱经；功效：健胃消食、涩精止遗、通淋化石。
external\cls_chinese_medicine/train/banxia/banxia_1376.jpg,半夏,性味辛温有毒；归脾胃肺经；功效：燥湿化痰、降逆止呕、消痞散结。
external\cls_chinese_medicine/train/daxueteng/daxueteng_1421.jpg,大血藤,性味苦平；归大肠肝经；功效：清热解毒、活血止痛、祛风通络。
external\cls_chinese_medicine/train/zhiqiaotiao/zhiqiaotiao_0467.jpg,枳壳(zhiqiaotiao),性味苦辛酸微寒；归脾胃经；功效：理气宽中、行滞消胀。
external\cls_chinese_medicine/train/chishao/chishao_1423.jpg,赤芍,性味苦微寒；归肝经经；功效：清热凉血、散瘀止痛。
external\cls_chinese_medicine/train/shenqu/shengqu_0625.jpg,神曲,性味甘辛温；归脾胃经；功效：消食和胃。
external\cls_chinese_medicine/train/caokou/caokou_1538.jpg,草蔻,性味辛温；归脾胃经；功效：燥湿行气、温中止呕。
external\cls_chinese_medicine/train/lianzixin/lianzixin_0060.jpg,莲子心,性味苦寒；归心肾经；功效：清心安神、交通心肾、涩精止血。
external\cls_chinese_medicine/train/baikou/baikou_1558.jpg,白豆蔻,性味辛温；归肺脾胃经；功效：化湿行气、温中止呕、开胃消食。
external\cls_chinese_medicine/train/huangqin/huangqin_0679.jpg,黄芩,性味苦寒；归肺胆脾大肠小肠经；功效：清热燥湿、泻火解毒、止血、安胎。
external\cls_chinese_medicine/train/chishizhi/chishizhi_1625.jpg,赤石脂,性味甘酸涩温；归大肠胃经；功效：涩肠止泻、收敛止血、敛疮生肌。
external\cls_chinese_medicine/train/houpu/houpu_0685.jpg,厚朴,性味苦辛温；归脾胃肺大肠经；功效：燥湿消痰、下气除满。
external\cls_chinese_medicine/train/banlangen/banlangen_0646.jpg,板蓝根,性味苦寒；归心胃经；功效：清热解毒、凉血利咽。
external\cls_chinese_medicine/train/beishashenkuai/beishashenkuai_1364.jpg,北沙参(beishashenkuai),性味甘微苦微寒；归肺胃经；功效：养阴清肺、益胃生津。
external\cls_chinese_medicine/train/ganjiang/gangjiang_0121.jpg,干姜,性味辛热；归脾胃肾心肺经；功效：温中散寒、回阳通脉、温肺化饮。
external\cls_chinese_medicine/train/jiangcan/jiangcan_0322.jpg,僵蚕,性味咸辛平；归肝肺经；功效：息风止痉、祛风止痛、化痰散结。
external\cls_chinese_medicine/train/gouteng/gouteng_0935.jpg,钩藤,性味甘凉；归肝心包经；功效：息风定惊、清热平肝。
external\cls_chinese_medicine/train/jixueteng/jixueteng_1552.jpg,鸡血藤,性味苦甘温；归肝经；功效：活血补血、调经止痛、舒筋活络。
external\cls_chinese_medicine/train/zhishi/zhishi_0593.jpg,枳实,性味苦辛酸微寒；归脾胃经；功效：破气消积、化痰散痞。
external\cls_chinese_medicine/train/duzhong/duzhong_0977.jpg,杜仲,性味甘温；归肝肾经；功效：补肝肾、强筋骨、安胎。
external\cls_chinese_medicine/train/kushen/kushen_0158.jpg,苦参,性味苦寒；归心肝胃大肠膀胱经；功效：清热燥湿、杀虫利尿。
external\cls_chinese_medicine/train/heshouwu/heshouwu_1470.jpg,何首乌,性味苦甘涩微温；归肝肾经；功效：制用补肝肾益精血、生用解毒消痈润肠通便。
external\cls_chinese_medicine/train/sanqi/sanqi_0509.jpg,三七,性味甘微苦温；归肝胃经；功效：化瘀止血、活血定痛。
external\cls_chinese_medicine/train/puhuang/puhuang_0149.jpg,蒲黄,性味甘平；归肝心包经；功效：止血、化瘀、通淋。
external\cls_chinese_medicine/train/fuzi/fuzi_0411.jpg,附子,性味辛甘大热有毒；归心肾脾经；功效：回阳救逆、补火助阳、散寒止痛。
external\cls_chinese_medicine/train/caokou/caokou_0196.jpg,草蔻,性味辛温；归脾胃经；功效：燥湿行气、温中止呕。
external\cls_chinese_medicine/train/shihu/shihu_0296.jpg,石斛,性味甘微寒；归胃肾经；功效：益胃生津、滋阴清热。
external\cls_chinese_medicine/train/yuzhupian/yuzhupian_1335.jpg,玉竹(yuzhupian),性味甘微寒；归肺胃经；功效：养阴润燥、生津止渴。
external\cls_chinese_medicine/train/tongcao/tongcao_1323.jpg,通草,性味甘淡微寒；归肺胃经；功效：清热利尿、通气下乳。
external\cls_chinese_medicine/train/zhiqiaotiao/zhiqiaotiao_1098.jpg,枳壳(zhiqiaotiao),性味苦辛酸微寒；归脾胃经；功效：理气宽中、行滞消胀。
external\cls_chinese_medicine/train/xiakucao/xiakucao_1447.jpg,夏枯草,性味辛苦寒；归肝胆经；功效：清肝泻火、明目、散结消肿。
external\cls_chinese_medicine/train/peilan/peilan_1363.jpg,佩兰,性味辛平；归脾胃肺经；功效：芳香化湿、醒脾开胃、发表解暑。
external\cls_chinese_medicine/train/chishizhi/chishizhi_1026.jpg,赤石脂,性味甘酸涩温；归大肠胃经；功效：涩肠止泻、收敛止血、敛疮生肌。
external\cls_chinese_medicine/train/muxiang/muxiang_1206.jpg,木香,性味辛苦温；归脾胃大肠三焦经；功效：行气止痛、健脾消食。
external\cls_chinese_medicine/train/yejuhua/yejuhua_0995.jpg,菊花,性味苦辛微寒；归肝心经；功效：清热解毒、泻火平肝。
external\cls_chinese_medicine/train/chenxiang/chengxiang_0372.jpg,沉香,性味辛苦微温；归脾胃肾经；功效：行气止痛、温中止呕、纳气平喘。
external\cls_chinese_medicine/train/yimucao/yimucao_0608.jpg,益母草,性味苦辛微寒；归肝心包膀胱经；功效：活血调经、利尿消肿、清热解毒。
external\cls_chinese_medicine/train/xiangfu/xiangfu_0037.jpg,香附,性味辛微苦微甘平；归肝脾三焦经；功效：疏肝解郁、理气宽中、调经止痛。
external\cls_chinese_medicine/train/chenpi/chenpi_0808.jpg,陈皮,性味苦辛温；归脾肺经；功效：理气健脾、燥湿化痰。
external\cls_chinese_medicine/train/puhuang/puhuang_1165.jpg,蒲黄,性味甘平；归肝心包经；功效：止血、化瘀、通淋。
external\cls_chinese_medicine/train/chantui/chantui_1012.jpg,蝉蜕,性味甘寒；归肺肝经；功效：疏散风热、利咽开音、透疹、明目退翳、息风止痉。
external\cls_chinese_medicine/train/roucongrongpian/roucongrongpian_0176.jpg,肉苁蓉(roucongrongpian),性味甘咸温；归肾大肠经；功效：补肾阳、益精血、润肠通便。
external\cls_chinese_medicine/train/lizhihe/lizhihe_0766.jpg,荔枝核,性味甘微苦温；归肝胃经；功效：行气散结、祛寒止痛。
external\cls_chinese_medicine/train/puhuang/puhuang_1329.jpg,蒲黄,性味甘平；归肝心包经；功效：止血、化瘀、通淋。
external\cls_chinese_medicine/train/luoshiteng/luoshiteng_0948.jpg,络石藤,性味苦微寒；归心肝经；功效：祛风通络、凉血消肿。
external\cls_chinese_medicine/train/zhebeimu/zhebeimu_0678.jpg,浙贝母,性味苦寒；归肺心经；功效：清热化痰、散结消痈。
external\cls_chinese_medicine/train/lingzhi/linzhi_0693.jpg,灵芝,性味甘平；归心肺肝肾经；功效：补气安神、止咳平喘。
external\cls_chinese_medicine/train/qianhu/qianhu_1430.jpg,前胡,性味苦辛微寒；归肺脾经；功效：降气化痰、散风清热。
external\cls_chinese_medicine/train/qianhu/qianhu_0257.jpg,前胡,性味苦辛微寒；归肺脾经；功效：降气化痰、散风清热。
external\cls_chinese_medicine/train/baimaogen/baimaogen_1471.jpg,白茅根,性味甘寒；归肺胃膀胱经；功效：凉血止血、清热利尿。
external\cls_chinese_medicine/train/kushen/kushen_0699.jpg,苦参,性味苦寒；归心肝胃大肠膀胱经；功效：清热燥湿、杀虫利尿。
external\cls_chinese_medicine/train/ganjiang/gangjiang_0249.jpg,干姜,性味辛热；归脾胃肾心肺经；功效：温中散寒、回阳通脉、温肺化饮。
external\cls_chinese_medicine/train/chantui/chantui_1285.jpg,蝉蜕,性味甘寒；归肺肝经；功效：疏散风热、利咽开音、透疹、明目退翳、息风止痉。
external\cls_chinese_medicine/train/xiaohuixiang/xiaohuixiang_1336.jpg,小茴香,性味辛温；归肝肾脾胃经；功效：散寒止痛、理气和胃。
external\cls_chinese_medicine/train/dafupi/dafupi_1443.jpg,大腹皮,性味辛微温；归脾胃大肠小肠经；功效：行气宽中、行水消肿。
external\cls_chinese_medicine/train/cebaiye/cebaiye_0360.jpg,侧柏叶,性味苦涩寒；归肺肝大肠经；功效：凉血止血、化痰止咳、生发乌发。
external\cls_chinese_medicine/train/foshou/foshou_0421.jpg,佛手,性味辛苦酸温；归肝脾胃肺经；功效：疏肝理气、和胃止痛、燥湿化痰。
external\cls_chinese_medicine/train/biejia/wangzhengbiejia_0181.jpg,鳖甲,性味咸微寒；归肝肾经；功效：滋阴潜阳、退热除蒸、软坚散结。
external\cls_chinese_medicine/train/zhiqiaopian/zhiqiaopian_1586.jpg,枳壳(zhiqiaopian),性味苦辛酸微寒；归脾胃经；功效：理气宽中、行滞消胀。
external\cls_chinese_medicine/train/baibiandou/baibiandou_0156.jpg,白扁豆,性味甘微温；归脾胃经；功效：健脾化湿、和中消暑。
external\cls_chinese_medicine/train/tianmapian/tianmapian_0834.jpg,天麻(tianmapian),性味甘平；归肝经；功效：息风止痉、平抑肝阳、祛风通络。
external\cls_chinese_medicine/train/shanzhuyu/shanzhuyu_1027.jpg,山茱萸,性味酸涩微温；归肝肾经；功效：补益肝肾、收涩固脱。
external\cls_chinese_medicine/train/maidong/maidong_1099.jpg,麦冬,性味甘微苦微寒；归心胃肺经；功效：养阴生津、润肺清心。
external\cls_chinese_medicine/train/peilan/peilan_0007.jpg,佩兰,性味辛平；归脾胃肺经；功效：芳香化湿、醒脾开胃、发表解暑。
external\cls_chinese_medicine/train/tiankuizi/yitiankuizi_0155.jpg,天葵子,性味甘苦寒；归肝胃经；功效：清热解毒、消肿散结。
external\cls_chinese_medicine/train/kushen/kushen_0705.jpg,苦参,性味苦寒；归心肝胃大肠膀胱经；功效：清热燥湿、杀虫利尿。
external\cls_chinese_medicine/train/hongkou/hongkou_0973.jpg,红豆蔻,性味辛温；归脾胃肺经；功效：散寒燥湿、醒脾消食。
external\cls_chinese_medicine/train/longgu/longgu_0938.jpg,龙骨,性味甘涩平；归心肝肾经；功效：镇惊安神、平肝潜阳、收敛固涩。
external\cls_chinese_medicine/train/shouwutengpian/shouwutengpian_1310.jpg,首乌藤(shouwutengpian),性味甘平；归心肝经；功效：养血安神、祛风通络。
external\cls_chinese_medicine/train/cangzhu/cangzhu_0184.jpg,苍术,性味辛苦温；归脾胃肝经；功效：燥湿健脾、祛风散寒、明目。
external\cls_chinese_medicine/train/cebaiye/cebaiye_0542.jpg,侧柏叶,性味苦涩寒；归肺肝大肠经；功效：凉血止血、化痰止咳、生发乌发。
external\cls_chinese_medicine/train/bajitian/bajitian_0287.jpg,巴戟天,性味甘辛微温；归肾肝经；功效：补肾阳、强筋骨、祛风湿。
external\cls_chinese_medicine/train/kushen/kushen_0340.jpg,苦参,性味苦寒；归心肝胃大肠膀胱经；功效：清热燥湿、杀虫利尿。
external\cls_chinese_medicine/train/maiya/maiya_1539.jpg,麦芽,性味甘平；归脾胃肝经；功效：行气消食、健脾开胃、回乳消胀。
external\cls_chinese_medicine/train/shouwutengpian/shouwutengpian_1312.jpg,首乌藤(shouwutengpian),性味甘平；归心肝经；功效：养血安神、祛风通络。
external\cls_chinese_medicine/train/yinchen/yinchen_1288.jpg,茵陈,性味苦辛微寒；归脾胃肝胆经；功效：清利湿热、利胆退黄。
external\cls_chinese_medicine/train/yinchen/yinchen_0304.jpg,茵陈,性味苦辛微寒；归脾胃肝胆经；功效：清利湿热、利胆退黄。
external\cls_chinese_medicine/train/xiakucao/xiakucao_1477.jpg,夏枯草,性味辛苦寒；归肝胆经；功效：清肝泻火、明目、散结消肿。
external\cls_chinese_medicine/train/dafupi/dafupi_0856.jpg,大腹皮,性味辛微温；归脾胃大肠小肠经；功效：行气宽中、行水消肿。
external\cls_chinese_medicine/train/gancao/gancao_0402.jpg,甘草,性味甘平；归心肺脾胃经；功效：补脾益气、清热解毒、祛痰止咳、缓急止痛、调和诸药。
external\cls_chinese_medicine/train/zicao/zicao_0114.jpg,紫草,性味甘咸寒；归心肝经；功效：凉血活血、解毒透疹。
external\cls_chinese_medicine/train/yimucao/yimucao_0723.jpg,益母草,性味苦辛微寒；归肝心包膀胱经；功效：活血调经、利尿消肿、清热解毒。
external\cls_chinese_medicine/train/bajitian/bajitian_0474.jpg,巴戟天,性味甘辛微温；归肾肝经；功效：补肾阳、强筋骨、祛风湿。
external\cls_chinese_medicine/train/baibu/baibu_1538.jpg,百部,性味甘苦微温；归肺经；功效：润肺下气止咳、杀虫灭虱。
external\cls_chinese_medicine/train/zhiqiaotiao/zhiqiaotiao_1465.jpg,枳壳(zhiqiaotiao),性味苦辛酸微寒；归脾胃经；功效：理气宽中、行滞消胀。
external\cls_chinese_medicine/train/danshen/danshen_0074.jpg,丹参,性味苦微寒；归心肝经；功效：活血调经、凉血消痈、安神。
external\cls_chinese_medicine/train/laifuzi/laifuzi_0244.jpg,莱菔子,性味辛甘平；归脾胃肺经；功效：消食除胀、降气化痰。
external\cls_chinese_medicine/train/fupenzi/fupenzi_0761.jpg,覆盆子,性味甘酸温；归肝肾经；功效：益肾固精缩尿、养肝明目。
external\cls_chinese_medicine/train/zelan/zelan_0957.jpg,泽兰,性味苦辛微温；归肝脾经；功效：活血调经、祛瘀消痈、利水消肿。
external\cls_chinese_medicine/train/bajitian/bajitian_1264.jpg,巴戟天,性味甘辛微温；归肾肝经；功效：补肾阳、强筋骨、祛风湿。
external\cls_chinese_medicine/train/shouwutengkuai/shouwutengkuai_0507.jpg,首乌藤(shouwutengkuai),性味甘平；归心肝经；功效：养血安神、祛风通络。
external\cls_chinese_medicine/train/biejia/wangzhengbiejia_0164.jpg,鳖甲,性味咸微寒；归肝肾经；功效：滋阴潜阳、退热除蒸、软坚散结。
external\cls_chinese_medicine/train/heshouwu/heshouwu_1268.jpg,何首乌,性味苦甘涩微温；归肝肾经；功效：制用补肝肾益精血、生用解毒消痈润肠通便。
external\cls_chinese_medicine/train/dangshen/dangsheng_1380.jpg,党参,性味甘平；归脾肺经；功效：健脾益肺、养血生津。
external\cls_chinese_medicine/train/mudanpi/mudanpi_1144.jpg,牡丹皮,性味苦辛微寒；归心肝肾经；功效：清热凉血、活血化瘀。
external\cls_chinese_medicine/train/sangpiaoxiao/sangpiaoxiao_0965.jpg,桑螵蛸,性味甘咸平；归肝肾经；功效：固精缩尿、补肾助阳。
external\cls_chinese_medicine/train/zihuadiding/zihuadiding_1387.jpg,紫花地丁,性味苦辛寒；归心肝经；功效：清热解毒、凉血消肿。
external\cls_chinese_medicine/train/zhishi/zhishi_1304.jpg,枳实,性味苦辛酸微寒；归脾胃经；功效：破气消积、化痰散痞。
external\cls_chinese_medicine/train/jingjie/jinjie_0134.jpg,荆芥,性味辛微温；归肺肝经；功效：解表散风、透疹消疮、炒炭止血。
external\cls_chinese_medicine/train/baihuasheshecao/baihuasheshecao_0976.jpg,白花蛇舌草,性味微苦甘寒；归胃大肠小肠经；功效：清热解毒、利湿通淋。
external\cls_chinese_medicine/train/sangpiaoxiao/sangpiaoxiao_1512.jpg,桑螵蛸,性味甘咸平；归肝肾经；功效：固精缩尿、补肾助阳。
external\cls_chinese_medicine/train/baizhu/baizhu_1235.jpg,白术,性味苦甘温；归脾胃经；功效：健脾益气、燥湿利水、止汗、安胎。
external\cls_chinese_medicine/train/niuxi/niuxi_0914.jpg,牛膝,性味苦甘酸平；归肝肾经；功效：逐瘀通经、补肝肾、强筋骨、利尿通淋、引血下行。
external\cls_chinese_medicine/train/luoshiteng/luoshiteng_1100.jpg,络石藤,性味苦微寒；归心肝经；功效：祛风通络、凉血消肿。
external\cls_chinese_medicine/train/guya/guya_0894.jpg,谷芽,性味甘温；归脾胃经；功效：消食和中、健脾开胃。
external\cls_chinese_medicine/train/qianghuo/qianhuo_1607.jpg,羌活,性味辛苦温；归膀胱肾经；功效：解表散寒、祛风胜湿、止痛。
external\cls_chinese_medicine/train/honghua/honghua_0734.jpg,红花,性味辛温；归心肝经；功效：活血通经、散瘀止痛。
external\cls_chinese_medicine/train/huangqin/huangqin_0646.jpg,黄芩,性味苦寒；归肺胆脾大肠小肠经；功效：清热燥湿、泻火解毒、止血、安胎。
external\cls_chinese_medicine/train/shuihonghuazi/shuihonghuazi_1361.jpg,水红花子,性味咸凉；归肝胃经；功效：散血消癥、消积止痛、利水消肿。
external\cls_chinese_medicine/train/rougui/rougui_1345.jpg,肉桂,性味辛甘大热；归肾脾心肝经；功效：补火助阳、引火归元、散寒止痛、温通经脉。
external\cls_chinese_medicine/train/roucongrongpian/roucongrongpian_0078.jpg,肉苁蓉(roucongrongpian),性味甘咸温；归肾大肠经；功效：补肾阳、益精血、润肠通便。
external\cls_chinese_medicine/train/sanqi/sanqi_0039.jpg,三七,性味甘微苦温；归肝胃经；功效：化瘀止血、活血定痛。
external\cls_chinese_medicine/train/digupi/digupi_1090.jpg,地骨皮,性味甘寒；归肺肝肾经；功效：凉血除蒸、清肺降火。
external\cls_chinese_medicine/train/lulutong/lulutong_0643.jpg,路路通,性味苦平；归肝膀胱经；功效：祛风活络、利水通经、下乳。
external\cls_chinese_medicine/train/muli/muli_1260.jpg,牡蛎,性味咸微寒；归肝肾经；功效：重镇安神、潜阳补阴、软坚散结、收敛固涩。
external\cls_chinese_medicine/train/nvzhenzi/nvzhenzi_0659.jpg,女贞子,性味甘苦凉；归肝肾经；功效：滋补肝肾、明目乌发。
external\cls_chinese_medicine/train/zhishi/zhishi_0329.jpg,枳实,性味苦辛酸微寒；归脾胃经；功效：破气消积、化痰散痞。
external\cls_chinese_medicine/train/houpu/houpu_1055.jpg,厚朴,性味苦辛温；归脾胃肺大肠经；功效：燥湿消痰、下气除满。
external\cls_chinese_medicine/train/yuzhupian/yuzhupian_0734.jpg,玉竹(yuzhupian),性味甘微寒；归肺胃经；功效：养阴润燥、生津止渴。
external\cls_chinese_medicine/train/huangqin/huangqin_1562.jpg,黄芩,性味苦寒；归肺胆脾大肠小肠经；功效：清热燥湿、泻火解毒、止血、安胎。
external\cls_chinese_medicine/train/xianhecao/xianhecao_1307.jpg,仙鹤草,性味苦涩平；归心肝经；功效：收敛止血、截疟止痢、解毒补虚。
external\cls_chinese_medicine/train/shuiniujiao/shuiniujiao_1466.jpg,水牛角,性味苦寒；归心肝胃经；功效：清热凉血、定惊。
external\cls_chinese_medicine/train/daqingye/daqinye_1481.jpg,大青叶,性味苦寒；归心胃经；功效：清热解毒、凉血消斑。
external\cls_chinese_medicine/train/renshen/renshen_0387.jpg,人参(renshen),性味甘微苦微温；归脾肺心肾经；功效：大补元气、复脉固脱、补脾益肺、生津养血、安神。
external\cls_chinese_medicine/train/muli/muli_0412.jpg,牡蛎,性味咸微寒；归肝肾经；功效：重镇安神、潜阳补阴、软坚散结、收敛固涩。
external\cls_chinese_medicine/train/baiziren/baiziren_1555.jpg,柏子仁,性味甘平；归心肾大肠经；功效：养心安神、润肠通便、止汗。
external\cls_chinese_medicine/train/jinqiancao/jinqiancao_1213.jpg,金钱草,性味甘咸微寒；归肝胆肾膀胱经；功效：利湿退黄、利尿通淋、解毒消肿。
external\cls_chinese_medicine/train/wulingzhi/wulinzhi_1136.jpg,五灵脂,性味苦咸甘温；归肝经；功效：活血止痛、化瘀止血。
external\cls_chinese_medicine/train/tiandong/tiandong_0619.jpg,天冬,性味甘苦寒；归肺肾经；功效：养阴润燥、清肺生津。
external\cls_chinese_medicine/train/sanqi/sanqi_0673.jpg,三七,性味甘微苦温；归肝胃经；功效：化瘀止血、活血定痛。
external\cls_chinese_medicine/train/shouwutengpian/shouwutengpian_1572.jpg,首乌藤(shouwutengpian),性味甘平；归心肝经；功效：养血安神、祛风通络。
external\cls_chinese_medicine/train/tiannanxing/tiannanxing_1557.jpg,天南星,性味苦辛温有毒；归肺肝脾经；功效：燥湿化痰、祛风止痉、散结消肿。
external\cls_chinese_medicine/train/beishashentiao/beishashentiao_1700.jpg,北沙参(beishashentiao),性味甘微苦微寒；归肺胃经；功效：养阴清肺、益胃生津。
external\cls_chinese_medicine/train/banlangen/banlangen_1473.jpg,板蓝根,性味苦寒；归心胃经；功效：清热解毒、凉血利咽。
external\cls_chinese_medicine/train/laifuzi/laifuzi_0677.jpg,莱菔子,性味辛甘平；归脾胃肺经；功效：消食除胀、降气化痰。
external\cls_chinese_medicine/train/roucongronggen/roucongronggeng_1535.jpg,肉苁蓉(roucongronggen),性味甘咸温；归肾大肠经；功效：补肾阳、益精血、润肠通便。
external\cls_chinese_medicine/train/huangjing/huangjing_1234.jpg,黄精,性味甘平；归脾胃肺肾经；功效：补气养阴、健脾、润肺、益肾。
external\cls_chinese_medicine/train/muli/muli_0110.jpg,牡蛎,性味咸微寒；归肝肾经；功效：重镇安神、潜阳补阴、软坚散结、收敛固涩。
external\cls_chinese_medicine/train/shouwutengkuai/shouwutengkuai_0979.jpg,首乌藤(shouwutengkuai),性味甘平；归心肝经；功效：养血安神、祛风通络。
external\cls_chinese_medicine/train/duzhong/duzhong_0028.jpg,杜仲,性味甘温；归肝肾经；功效：补肝肾、强筋骨、安胎。
external\cls_chinese_medicine/train/lianqiao/lianqiao_1548.jpg,连翘,性味苦微寒；归肺心小肠经；功效：清热解毒、疏散风热、消肿散结。
external\cls_chinese_medicine/train/caokou/caokou_1312.jpg,草蔻,性味辛温；归脾胃经；功效：燥湿行气、温中止呕。
external\cls_chinese_medicine/train/renshenqiepian/renshenqiepian_1102.jpg,人参(renshenqiepian),性味甘微苦微温；归脾肺心肾经；功效：大补元气、复脉固脱、补脾益肺、生津养血、安神。
external\cls_chinese_medicine/train/chishizhi/chishizhi_1595.jpg,赤石脂,性味甘酸涩温；归大肠胃经；功效：涩肠止泻、收敛止血、敛疮生肌。
external\cls_chinese_medicine/train/maiya/maiya_1471.jpg,麦芽,性味甘平；归脾胃肝经；功效：行气消食、健脾开胃、回乳消胀。
external\cls_chinese_medicine/train/dangshen/dangsheng_1184.jpg,党参,性味甘平；归脾肺经；功效：健脾益肺、养血生津。
external\cls_chinese_medicine/train/aiye/aiye_0505.jpg,艾叶,性味辛苦温；归肝脾肾经；功效：温经止血、散寒止痛、调经安胎、外用祛湿止痒。
external\cls_chinese_medicine/train/zhiqiaopian/zhiqiaopian_0095.jpg,枳壳(zhiqiaopian),性味苦辛酸微寒；归脾胃经；功效：理气宽中、行滞消胀。
external\cls_chinese_medicine/train/huangbo/huangbai_1335.jpg,黄柏,性味苦寒；归肾膀胱经；功效：清热燥湿、泻火除蒸、解毒疗疮。
external\cls_chinese_medicine/train/beishashentiao/beishashentiao_0779.jpg,北沙参(beishashentiao),性味甘微苦微寒；归肺胃经；功效：养阴清肺、益胃生津。
external\cls_chinese_medicine/train/digupi/digupi_1591.jpg,地骨皮,性味甘寒；归肺肝肾经；功效：凉血除蒸、清肺降火。
external\cls_chinese_medicine/train/baiziren/baiziren_0718.jpg,柏子仁,性味甘平；归心肾大肠经；功效：养心安神、润肠通便、止汗。
external\cls_chinese_medicine/train/jixueteng/jixueteng_0820.jpg,鸡血藤,性味苦甘温；归肝经；功效：活血补血、调经止痛、舒筋活络。
external\cls_chinese_medicine/train/caokou/caokou_0415.jpg,草蔻,性味辛温；归脾胃经；功效：燥湿行气、温中止呕。
external\cls_chinese_medicine/train/yinchen/yinchen_1482.jpg,茵陈,性味苦辛微寒；归脾胃肝胆经；功效：清利湿热、利胆退黄。
external\cls_chinese_medicine/train/shanzha/shanzha_0435.jpg,山楂,性味酸甘微温；归脾胃肝经；功效：消食健胃、行气散瘀、化浊降脂。
external\cls_chinese_medicine/train/pugongying/pugongying_1144.jpg,蒲公英,性味苦甘寒；归肝胃经；功效：清热解毒、消肿散结、利尿通淋。
external\cls_chinese_medicine/train/guanzhong/guanzhong_1053.jpg,贯众,性味苦微寒有小毒；归肝胃经；功效：清热解毒、驱虫、止血。
external\cls_chinese_medicine/train/gouteng/gouteng_1549.jpg,钩藤,性味甘凉；归肝心包经；功效：息风定惊、清热平肝。
external\cls_chinese_medicine/train/foshou/foshou_0829.jpg,佛手,性味辛苦酸温；归肝脾胃肺经；功效：疏肝理气、和胃止痛、燥湿化痰。
external\cls_chinese_medicine/train/dafupi/dafupi_0021.jpg,大腹皮,性味辛微温；归脾胃大肠小肠经；功效：行气宽中、行水消肿。
external\cls_chinese_medicine/train/honghua/honghua_0133.jpg,红花,性味辛温；归心肝经；功效：活血通经、散瘀止痛。
external\cls_chinese_medicine/train/huzhang/huzhang_0988.jpg,虎杖,性味微苦微寒；归肝胆肺经；功效：利湿退黄、清热解毒、散瘀止痛、止咳化痰。
external\cls_chinese_medicine/train/chenxiang/chengxiang_1515.jpg,沉香,性味辛苦微温；归脾胃肾经；功效：行气止痛、温中止呕、纳气平喘。
external\cls_chinese_medicine/train/paojiang/paojiang_0367.jpg,炮姜,性味苦涩温；归脾胃肾经；功效：温经止血、温中止痛。
external\cls_chinese_medicine/train/hongkou/hongkou_0799.jpg,红豆蔻,性味辛温；归脾胃肺经；功效：散寒燥湿、醒脾消食。
external\cls_chinese_medicine/train/biejia/wangzhengbiejia_1567.jpg,鳖甲,性味咸微寒；归肝肾经；功效：滋阴潜阳、退热除蒸、软坚散结。
external\cls_chinese_medicine/train/bajitian/bajitian_1184.jpg,巴戟天,性味甘辛微温；归肾肝经；功效：补肾阳、强筋骨、祛风湿。
external\cls_chinese_medicine/train/zhuru/zhuru_0541.jpg,竹茹,性味甘微寒；归肺胃心胆经；功效：清热化痰、除烦止呕。
external\cls_chinese_medicine/train/xixin/xixin_0203.jpg,细辛,性味辛温有小毒；归心肾肺经；功效：解表散寒、祛风止痛、通窍、温肺化饮。
external\cls_chinese_medicine/train/shanyao/shanyao_0985.jpg,山药,性味甘平；归脾肺肾经；功效：补脾养胃、生津益肺、补肾涩精。
external\cls_chinese_medicine/train/fuzi/fuzi_0845.jpg,附子,性味辛甘大热有毒；归心肾脾经；功效：回阳救逆、补火助阳、散寒止痛。
external\cls_chinese_medicine/train/shanyao/shanyao_0434.jpg,山药,性味甘平；归脾肺肾经；功效：补脾养胃、生津益肺、补肾涩精。
external\cls_chinese_medicine/train/chishizhi/chishizhi_0171.jpg,赤石脂,性味甘酸涩温；归大肠胃经；功效：涩肠止泻、收敛止血、敛疮生肌。
external\cls_chinese_medicine/train/ziyuan/ziwang_0731.jpg,紫菀,性味辛苦温；归肺经；功效：润肺下气、消痰止咳。
external\cls_chinese_medicine/train/baikou/baikou_0116.jpg,白豆蔻,性味辛温；归肺脾胃经；功效：化湿行气、温中止呕、开胃消食。
external\cls_chinese_medicine/train/puhuang/puhuang_1273.jpg,蒲黄,性味甘平；归肝心包经；功效：止血、化瘀、通淋。
external\cls_chinese_medicine/train/baiziren/baiziren_0096.jpg,柏子仁,性味甘平；归心肾大肠经；功效：养心安神、润肠通便、止汗。
external\cls_chinese_medicine/train/fuling/fuling_1049.jpg,茯苓,性味甘淡平；归心肺脾肾经；功效：利水渗湿、健脾、宁心。
external\cls_chinese_medicine/train/chuanxinlian/chuanxinlian_1481.jpg,穿心莲,性味苦寒；归心肺大肠膀胱经；功效：清热解毒、凉血消肿、燥湿。
external\cls_chinese_medicine/train/zicao/zicao_1434.jpg,紫草,性味甘咸寒；归心肝经；功效：凉血活血、解毒透疹。
external\cls_chinese_medicine/train/shuiniujiao/shuiniujiao_0423.jpg,水牛角,性味苦寒；归心肝胃经；功效：清热凉血、定惊。
external\cls_chinese_medicine/train/huzhang/huzhang_0143.jpg,虎杖,性味微苦微寒；归肝胆肺经；功效：利湿退黄、清热解毒、散瘀止痛、止咳化痰。
external\cls_chinese_medicine/train/shanzhuyu/shanzhuyu_1376.jpg,山茱萸,性味酸涩微温；归肝肾经；功效：补益肝肾、收涩固脱。
external\cls_chinese_medicine/train/huaihua/huaihua_1609.jpg,槐花,性味苦微寒；归肝大肠经；功效：凉血止血、清肝泻火。
external\cls_chinese_medicine/train/jineijin/jineijin_0600.jpg,鸡内金,性味甘平；归脾胃小肠膀胱经；功效：健胃消食、涩精止遗、通淋化石。
external\cls_chinese_medicine/train/mohanlian/mohanliang_0964.jpg,墨旱莲,性味甘酸寒；归肝肾经；功效：滋补肝肾、凉血止血。
external\cls_chinese_medicine/train/laifuzi/laifuzi_1078.jpg,莱菔子,性味辛甘平；归脾胃肺经；功效：消食除胀、降气化痰。
external\cls_chinese_medicine/train/renshen/renshen_1054.jpg,人参(renshen),性味甘微苦微温；归脾肺心肾经；功效：大补元气、复脉固脱、补脾益肺、生津养血、安神。
external\cls_chinese_medicine/train/lianqiao/lianqiao_1328.jpg,连翘,性味苦微寒；归肺心小肠经；功效：清热解毒、疏散风热、消肿散结。
external\cls_chinese_medicine/train/beishashentiao/beishashentiao_0848.jpg,北沙参(beishashentiao),性味甘微苦微寒；归肺胃经；功效：养阴清肺、益胃生津。
external\cls_chinese_medicine/train/houpu/houpu_0646.jpg,厚朴,性味苦辛温；归脾胃肺大肠经；功效：燥湿消痰、下气除满。
external\cls_chinese_medicine/train/wulingzhi/wulinzhi_0884.jpg,五灵脂,性味苦咸甘温；归肝经；功效：活血止痛、化瘀止血。
external\cls_chinese_medicine/train/gouteng/gouteng_1205.jpg,钩藤,性味甘凉；归肝心包经；功效：息风定惊、清热平肝。
external\cls_chinese_medicine/train/honghua/honghua_1206.jpg,红花,性味辛温；归心肝经；功效：活血通经、散瘀止痛。
external\cls_chinese_medicine/train/huangbo/huangbai_0748.jpg,黄柏,性味苦寒；归肾膀胱经；功效：清热燥湿、泻火除蒸、解毒疗疮。
external\cls_chinese_medicine/train/xianhecao/xianhecao_0482.jpg,仙鹤草,性味苦涩平；归心肝经；功效：收敛止血、截疟止痢、解毒补虚。
external\cls_chinese_medicine/train/rougui/rougui_1117.jpg,肉桂,性味辛甘大热；归肾脾心肝经；功效：补火助阳、引火归元、散寒止痛、温通经脉。
external\cls_chinese_medicine/train/tianmakuai/tianmakuai_1101.jpg,天麻(tianmakuai),性味甘平；归肝经；功效：息风止痉、平抑肝阳、祛风通络。
external\cls_chinese_medicine/train/zhuru/zhuru_0881.jpg,竹茹,性味甘微寒；归肺胃心胆经；功效：清热化痰、除烦止呕。
external\cls_chinese_medicine/train/peilan/peilan_0758.jpg,佩兰,性味辛平；归脾胃肺经；功效：芳香化湿、醒脾开胃、发表解暑。
external\cls_chinese_medicine/train/huomaren/huomaren_0449.jpg,火麻仁,性味甘平；归脾胃大肠经；功效：润肠通便。
external\cls_chinese_medicine/train/maiya/maiya_1226.jpg,麦芽,性味甘平；归脾胃肝经；功效：行气消食、健脾开胃、回乳消胀。
external\cls_chinese_medicine/train/zhimu/zhimu_1441.jpg,知母,性味苦甘寒；归肺胃肾经；功效：清热泻火、滋阴润燥。
external\cls_chinese_medicine/train/baifan/baifan_0400.jpg,白矾,性味酸涩寒；归肺脾肝大肠经；功效：外用解毒杀虫、燥湿止痒；内服止血止泻、祛除风痰。
external\cls_chinese_medicine/train/huangjing/huangjing_1293.jpg,黄精,性味甘平；归脾胃肺肾经；功效：补气养阴、健脾、润肺、益肾。
external\cls_chinese_medicine/train/quanxie/quangxie_0528.jpg,全蝎,性味辛平有毒；归肝经；功效：息风镇痉、通络止痛、攻毒散结。
external\cls_chinese_medicine/train/yujin/yujin_0390.jpg,郁金,性味辛苦寒；归肝心肺经；功效：活血止痛、行气解郁、清心凉血、利胆退黄。
external\cls_chinese_medicine/train/heshouwu/heshouwu_0494.jpg,何首乌,性味苦甘涩微温；归肝肾经；功效：制用补肝肾益精血、生用解毒消痈润肠通便。
external\cls_chinese_medicine/train/quanxie/quangxie_0323.jpg,全蝎,性味辛平有毒；归肝经；功效：息风镇痉、通络止痛、攻毒散结。
external\cls_chinese_medicine/train/baiziren/baiziren_1436.jpg,柏子仁,性味甘平；归心肾大肠经；功效：养心安神、润肠通便、止汗。
external\cls_chinese_medicine/train/hongkou/hongkou_0584.jpg,红豆蔻,性味辛温；归脾胃肺经；功效：散寒燥湿、醒脾消食。
external\cls_chinese_medicine/train/xiaohuixiang/xiaohuixiang_0375.jpg,小茴香,性味辛温；归肝肾脾胃经；功效：散寒止痛、理气和胃。
external\cls_chinese_medicine/train/ajiao/ajiao_1202.jpg,阿胶,性味甘平；归肺肝肾经；功效：补血滋阴、润燥、止血。
external\cls_chinese_medicine/train/shuiniujiao/shuiniujiao_1068.jpg,水牛角,性味苦寒；归心肝胃经；功效：清热凉血、定惊。
external\cls_chinese_medicine/train/caoguo/caoguo_0294.jpg,草果,性味辛温；归脾胃经；功效：燥湿温中、截疟除痰。
external\cls_chinese_medicine/train/chaihu/chaihu_1293.jpg,柴胡,性味苦辛微寒；归肝经；功效：疏散退热、疏肝解郁、升举阳气。
external\cls_chinese_medicine/train/shanyao/shanyao_1026.jpg,山药,性味甘平；归脾肺肾经；功效：补脾养胃、生津益肺、补肾涩精。
external\cls_chinese_medicine/train/caoguo/caoguo_1591.jpg,草果,性味辛温；归脾胃经；功效：燥湿温中、截疟除痰。
external\cls_chinese_medicine/train/yejuhua/yejuhua_1100.jpg,菊花,性味苦辛微寒；归肝心经；功效：清热解毒、泻火平肝。
external\cls_chinese_medicine/train/bajitian/bajitian_0425.jpg,巴戟天,性味甘辛微温；归肾肝经；功效：补肾阳、强筋骨、祛风湿。
external\cls_chinese_medicine/train/aiye/aiye_1032.jpg,艾叶,性味辛苦温；归肝脾肾经；功效：温经止血、散寒止痛、调经安胎、外用祛湿止痒。
external\cls_chinese_medicine/train/cangzhu/cangzhu_1486.jpg,苍术,性味辛苦温；归脾胃肝经；功效：燥湿健脾、祛风散寒、明目。
external\cls_chinese_medicine/train/jingjie/jinjie_1396.jpg,荆芥,性味辛微温；归肺肝经；功效：解表散风、透疹消疮、炒炭止血。
external\cls_chinese_medicine/train/yujin/yujin_1027.jpg,郁金,性味辛苦寒；归肝心肺经；功效：活血止痛、行气解郁、清心凉血、利胆退黄。
external\cls_chinese_medicine/train/wulingzhi/wulinzhi_1539.jpg,五灵脂,性味苦咸甘温；归肝经；功效：活血止痛、化瘀止血。
external\cls_chinese_medicine/train/luoshiteng/luoshiteng_0496.jpg,络石藤,性味苦微寒；归心肝经；功效：祛风通络、凉血消肿。
external\cls_chinese_medicine/train/zelan/zelan_0551.jpg,泽兰,性味苦辛微温；归肝脾经；功效：活血调经、祛瘀消痈、利水消肿。
external\cls_chinese_medicine/train/wuweizi/wuweizi_0235.jpg,五味子,性味酸甘温；归肺心肾经；功效：收敛固涩、益气生津、补肾宁心。
external\cls_chinese_medicine/train/lingzhi/linzhi_1314.jpg,灵芝,性味甘平；归心肺肝肾经；功效：补气安神、止咳平喘。
external\cls_chinese_medicine/train/zhiqiaopian/zhiqiaopian_0505.jpg,枳壳(zhiqiaopian),性味苦辛酸微寒；归脾胃经；功效：理气宽中、行滞消胀。
external\cls_chinese_medicine/train/yimucao/yimucao_0898.jpg,益母草,性味苦辛微寒；归肝心包膀胱经；功效：活血调经、利尿消肿、清热解毒。
external\cls_chinese_medicine/train/fangfeng/fangfeng_0740.jpg,防风,性味辛甘微温；归膀胱肝脾经；功效：祛风解表、胜湿止痛、止痉。
external\cls_chinese_medicine/train/caokou/caokou_1464.jpg,草蔻,性味辛温；归脾胃经；功效：燥湿行气、温中止呕。
external\cls_chinese_medicine/train/yinchen/yinchen_0126.jpg,茵陈,性味苦辛微寒；归脾胃肝胆经；功效：清利湿热、利胆退黄。
external\cls_chinese_medicine/train/chongcao/chongcao_0420.jpg,虫草,性味甘平；归肺肾经；功效：补肾益肺、止血化痰。
external\cls_chinese_medicine/train/dangshen/dangsheng_1111.jpg,党参,性味甘平；归脾肺经；功效：健脾益肺、养血生津。
external\cls_chinese_medicine/train/chaihu/chaihu_0419.jpg,柴胡,性味苦辛微寒；归肝经；功效：疏散退热、疏肝解郁、升举阳气。
external\cls_chinese_medicine/train/kushen/kushen_1334.jpg,苦参,性味苦寒；归心肝胃大肠膀胱经；功效：清热燥湿、杀虫利尿。
external\cls_chinese_medicine/train/baitouweng/baitouweng_0029.jpg,白头翁,性味苦寒；归胃大肠经；功效：清热解毒、凉血止痢。
external\cls_chinese_medicine/train/tubiechong/tubiechong_0175.jpg,土鳖虫,性味咸寒有小毒；归肝经；功效：破血逐瘀、续筋接骨。
external\cls_chinese_medicine/train/baihe/baihe_0368.jpg,百合,性味甘寒；归心肺经；功效：养阴润肺、清心安神。
external\cls_chinese_medicine/train/tiankuizi/yitiankuizi_0634.jpg,天葵子,性味甘苦寒；归肝胃经；功效：清热解毒、消肿散结。
external\cls_chinese_medicine/train/guya/guya_1025.jpg,谷芽,性味甘温；归脾胃经；功效：消食和中、健脾开胃。
external\cls_chinese_medicine/train/quanxie/quangxie_1583.jpg,全蝎,性味辛平有毒；归肝经；功效：息风镇痉、通络止痛、攻毒散结。
external\cls_chinese_medicine/train/mudanpi/mudanpi_0628.jpg,牡丹皮,性味苦辛微寒；归心肝肾经；功效：清热凉血、活血化瘀。
external\cls_chinese_medicine/train/niuxi/niuxi_1407.jpg,牛膝,性味苦甘酸平；归肝肾经；功效：逐瘀通经、补肝肾、强筋骨、利尿通淋、引血下行。
external\cls_chinese_medicine/train/danshen/danshen_1358.jpg,丹参,性味苦微寒；归心肝经；功效：活血调经、凉血消痈、安神。
external\cls_chinese_medicine/train/peilan/peilan_0786.jpg,佩兰,性味辛平；归脾胃肺经；功效：芳香化湿、醒脾开胃、发表解暑。
external\cls_chinese_medicine/train/peilan/peilan_0648.jpg,佩兰,性味辛平；归脾胃肺经；功效：芳香化湿、醒脾开胃、发表解暑。
external\cls_chinese_medicine/train/beishashentiao/beishashentiao_0665.jpg,北沙参(beishashentiao),性味甘微苦微寒；归肺胃经；功效：养阴清肺、益胃生津。
external\cls_chinese_medicine/train/sanqi/sanqi_1099.jpg,三七,性味甘微苦温；归肝胃经；功效：化瘀止血、活血定痛。
external\cls_chinese_medicine/train/cishi/cishi_0097.jpg,磁石,性味咸寒；归肝肾心经；功效：镇惊安神、平肝潜阳、聪耳明目、纳气平喘。
external\cls_chinese_medicine/train/baibu/baibu_0130.jpg,百部,性味甘苦微温；归肺经；功效：润肺下气止咳、杀虫灭虱。
external\cls_chinese_medicine/train/wumei/wumei_0326.jpg,乌梅,性味酸涩平；归肝脾肺大肠经；功效：敛肺涩肠、生津安蛔。
external\cls_chinese_medicine/train/daqingye/daqinye_1194.jpg,大青叶,性味苦寒；归心胃经；功效：清热解毒、凉血消斑。
external\cls_chinese_medicine/train/baiziren/baiziren_0222.jpg,柏子仁,性味甘平；归心肾大肠经；功效：养心安神、润肠通便、止汗。
external\cls_chinese_medicine/train/muxiang/muxiang_0732.jpg,木香,性味辛苦温；归脾胃大肠三焦经；功效：行气止痛、健脾消食。
external\cls_chinese_medicine/train/maidong/maidong_1281.jpg,麦冬,性味甘微苦微寒；归心胃肺经；功效：养阴生津、润肺清心。
external\cls_chinese_medicine/train/jineijin/jineijin_0670.jpg,鸡内金,性味甘平；归脾胃小肠膀胱经；功效：健胃消食、涩精止遗、通淋化石。
external\cls_chinese_medicine/train/sharen/sharen_0941.jpg,砂仁,性味辛温；归脾胃肾经；功效：化湿开胃、温脾止泻、理气安胎。
external\cls_chinese_medicine/train/pugongying/pugongying_0502.jpg,蒲公英,性味苦甘寒；归肝胃经；功效：清热解毒、消肿散结、利尿通淋。
external\cls_chinese_medicine/train/niuxi/niuxi_0080.jpg,牛膝,性味苦甘酸平；归肝肾经；功效：逐瘀通经、补肝肾、强筋骨、利尿通淋、引血下行。
external\cls_chinese_medicine/train/chenpi/chenpi_0166.jpg,陈皮,性味苦辛温；归脾肺经；功效：理气健脾、燥湿化痰。
external\cls_chinese_medicine/train/tiandong/tiandong_0426.jpg,天冬,性味甘苦寒；归肺肾经；功效：养阴润燥、清肺生津。
external\cls_chinese_medicine/train/fuling/fuling_1213.jpg,茯苓,性味甘淡平；归心肺脾肾经；功效：利水渗湿、健脾、宁心。
external\cls_chinese_medicine/train/jianghuang/jianghuang_1497.jpg,姜黄,性味辛苦温；归脾胃肝经；功效：破血行气、通经止痛。
external\cls_chinese_medicine/train/yuzhutiao/yuzhutiao_0441.jpg,玉竹(yuzhutiao),性味甘微寒；归肺胃经；功效：养阴润燥、生津止渴。
external\cls_chinese_medicine/train/zhebeimu/zhebeimu_1531.jpg,浙贝母,性味苦寒；归肺心经；功效：清热化痰、散结消痈。
external\cls_chinese_medicine/train/aiye/aiye_0322.jpg,艾叶,性味辛苦温；归肝脾肾经；功效：温经止血、散寒止痛、调经安胎、外用祛湿止痒。
external\cls_chinese_medicine/train/tubiechong/tubiechong_0987.jpg,土鳖虫,性味咸寒有小毒；归肝经；功效：破血逐瘀、续筋接骨。
external\cls_chinese_medicine/train/xuduan/xuduan_0729.jpg,续断,性味苦辛微温；归肝肾经；功效：补肝肾、强筋骨、续折伤、止崩漏。
external\cls_chinese_medicine/train/mudanpi/mudanpi_1262.jpg,牡丹皮,性味苦辛微寒；归心肝肾经；功效：清热凉血、活血化瘀。
external\cls_chinese_medicine/train/fangfeng/fangfeng_0940.jpg,防风,性味辛甘微温；归膀胱肝脾经；功效：祛风解表、胜湿止痛、止痉。
external\cls_chinese_medicine/train/shouwutengkuai/shouwutengkuai_0096.jpg,首乌藤(shouwutengkuai),性味甘平；归心肝经；功效：养血安神、祛风通络。
external\cls_chinese_medicine/train/chishao/chishao_0108.jpg,赤芍,性味苦微寒；归肝经经；功效：清热凉血、散瘀止痛。
external\cls_chinese_medicine/train/yuanzhi/yuanzhi_1565.jpg,远志,性味苦辛温；归心肾肺经；功效：安神益智、交通心肾、祛痰开窍、消散痈肿。
external\cls_chinese_medicine/train/caokou/caokou_1544.jpg,草蔻,性味辛温；归脾胃经；功效：燥湿行气、温中止呕。
external\cls_chinese_medicine/train/chuanshanjia/chuanshanjia_1208.jpg,穿山甲,性味咸微寒；归肝胃经；功效：活血消癥、通经下乳、消肿排脓、搜风通络。
external\cls_chinese_medicine/train/chantui/chantui_0066.jpg,蝉蜕,性味甘寒；归肺肝经；功效：疏散风热、利咽开音、透疹、明目退翳、息风止痉。
external\cls_chinese_medicine/train/aiye/aiye_1013.jpg,艾叶,性味辛苦温；归肝脾肾经；功效：温经止血、散寒止痛、调经安胎、外用祛湿止痒。
external\cls_chinese_medicine/train/gancao/gancao_1571.jpg,甘草,性味甘平；归心肺脾胃经；功效：补脾益气、清热解毒、祛痰止咳、缓急止痛、调和诸药。
external\cls_chinese_medicine/train/shihu/shihu_1275.jpg,石斛,性味甘微寒；归胃肾经；功效：益胃生津、滋阴清热。
external\cls_chinese_medicine/train/xiakucao/xiakucao_1372.jpg,夏枯草,性味辛苦寒；归肝胆经；功效：清肝泻火、明目、散结消肿。
external\cls_chinese_medicine/train/zhishi/zhishi_1372.jpg,枳实,性味苦辛酸微寒；归脾胃经；功效：破气消积、化痰散痞。
external\cls_chinese_medicine/train/dangshen/dangsheng_0059.jpg,党参,性味甘平；归脾肺经；功效：健脾益肺、养血生津。
external\cls_chinese_medicine/train/xiakucao/xiakucao_0149.jpg,夏枯草,性味辛苦寒；归肝胆经；功效：清肝泻火、明目、散结消肿。
external\cls_chinese_medicine/train/jianghuang/jianghuang_1369.jpg,姜黄,性味辛苦温；归脾胃肝经；功效：破血行气、通经止痛。
external\cls_chinese_medicine/train/shouwutengkuai/shouwutengkuai_0668.jpg,首乌藤(shouwutengkuai),性味甘平；归心肝经；功效：养血安神、祛风通络。
external\cls_chinese_medicine/train/huangbo/huangbai_1178.jpg,黄柏,性味苦寒；归肾膀胱经；功效：清热燥湿、泻火除蒸、解毒疗疮。
external\cls_chinese_medicine/train/mudanpi/mudanpi_0905.jpg,牡丹皮,性味苦辛微寒；归心肝肾经；功效：清热凉血、活血化瘀。
